Workbook

Sheet Summary
C2: Telecommute Share by Employmnet Type | H2: Telecommute Trips by Employment Type
C3: Base | D3: Low | E3: Medium | F3: High | G3: Jobs | H3: Base | I3: Low | J3: Medium | K3: High
B4: RETL | C4: 0 | D4: 0.025 | E4: 0.05 | F4: 0.075 | G4: =INDEX(SE_WFRC_2050_Low!$K$3:$R$3, MATCH($B4, SE_WFRC_2050_Low!$K$4:$R$4,0) ) -> 227431.47 | H4: =C4 * $G4 -> 0 | I4: =D4 * $G4 -> 5685.7868 | J4: =E4 * $G4 -> 11371.574 | K4: =F4 * $G4 -> 17057.36
B5: FOOD | C5: 0 | D5: 0.025 | E5: 0.05 | F5: 0.075 | G5: =INDEX(SE_WFRC_2050_Low!$K$3:$R$3, MATCH($B5, SE_WFRC_2050_Low!$K$4:$R$4,0) ) -> 114257.85 | H5: =C5 * $G5 -> 0 | I5: =D5 * $G5 -> 2856.4462 | J5: =E5 * $G5 -> 5712.8924 | K5: =F5 * $G5 -> 8569.3386
B6: MANU | C6: 0 | D6: 0.01 | E6: 0.03 | F6: 0.05 | G6: =INDEX(SE_WFRC_2050_Low!$K$3:$R$3, MATCH($B6, SE_WFRC_2050_Low!$K$4:$R$4,0) ) -> 124129.56 | H6: =C6 * $G6 -> 0 | I6: =D6 * $G6 -> 1241.2956 | J6: =E6 * $G6 -> 3723.8867 | K6: =F6 * $G6 -> 6206.4778
B7: WSLE | C7: 0 | D7: 0.01 | E7: 0.03 | F7: 0.05 | G7: =INDEX(SE_WFRC_2050_Low!$K$3:$R$3, MATCH($B7, SE_WFRC_2050_Low!$K$4:$R$4,0) ) -> 132315.79 | H7: =C7 * $G7 -> 0 | I7: =D7 * $G7 -> 1323.1579 | J7: =E7 * $G7 -> 3969.4738 | K7: =F7 * $G7 -> 6615.7897
B8: OFFI | C8: 0 | D8: 0.2 | E8: 0.3 | F8: 0.4 | G8: =INDEX(SE_WFRC_2050_Low!$K$3:$R$3, MATCH($B8, SE_WFRC_2050_Low!$K$4:$R$4,0) ) -> 394192.23 | H8: =C8 * $G8 -> 0 | I8: =D8 * $G8 -> 78838.446 | J8: =E8 * $G8 -> 118257.67 | K8: =F8 * $G8 -> 157676.89
B9: GVED | C9: 0 | D9: 0.15 | E9: 0.2 | F9: 0.25 | G9: =INDEX(SE_WFRC_2050_Low!$K$3:$R$3, MATCH($B9, SE_WFRC_2050_Low!$K$4:$R$4,0) ) -> 390578.99 | H9: =C9 * $G9 -> 0 | I9: =D9 * $G9 -> 58586.849 | J9: =E9 * $G9 -> 78115.799 | K9: =F9 * $G9 -> 97644.749
B10: HLTH | C10: 0 | D10: 0.15 | E10: 0.2 | F10: 0.25 | G10: =INDEX(SE_WFRC_2050_Low!$K$3:$R$3, MATCH($B10, SE_WFRC_2050_Low!$K$4:$R$4,0) ) -> 218705.87 | H10: =C10 * $G10 -> 0 | I10: =D10 * $G10 -> 32805.88 | J10: =E10 * $G10 -> 43741.174 | K10: =F10 * $G10 -> 54676.467
B11: OTHR | C11: 0 | D11: 0.15 | E11: 0.2 | F11: 0.25 | G11: =INDEX(SE_WFRC_2050_Low!$K$3:$R$3, MATCH($B11, SE_WFRC_2050_Low!$K$4:$R$4,0) ) -> 610618.14 | H11: =C11 * $G11 -> 0 | I11: =D11 * $G11 -> 91592.721 | J11: =E11 * $G11 -> 122123.63 | K11: =F11 * $G11 -> 152654.53
G12: =SUM(G4:G11) -> 2212229.9 | H12: =SUM(H4:H11) -> 0 | I12: =SUM(I4:I11) -> 272930.58 | J12: =SUM(J4:J11) -> 387016.1 | K12: =SUM(K4:K11) -> 501101.61
B14: Telecommute Trip Share Estimate
B15: Base | C15: =H12 /$G12 -> 0
B16: Low | C16: =I12 /$G12 -> 0.12337352
B17: Medium | C17: =J12 /$G12 -> 0.17494389
B18: High | C18: =K12 /$G12 -> 0.22651426

Sheet SE_WFRC_2050_Low
U2: Existing HBJ | V2: =V3/J3 -> 0.047391264 | AC2: Change | AD2: =(AD3-F3)/F3 -> -0.12337312 | AE2: 0.025 | AF2: 0.025 | AG2: 0.01 | AH2: 0.01 | AI2: 0.2 | AJ2: 0.15 | AK2: 0.15 | AL2: 0.15 | AM2: =(AM3-V3)/V3 -> 2.2955427
E3: Total (All TAZs) | F3: =SUM(F5:F2727) -> 2212228.9 | G3: =SUM(G5:G2727) -> 341690.5 | H3: =SUM(H5:H2727) -> 256448 | I3: =SUM(I5:I2727) -> 1614096.7 | J3: =SUM(J5:J2727) -> 2508814.3 | K3: =SUM(K5:K2727) -> 227431.47 | L3: =SUM(L5:L2727) -> 114257.85 | M3: =SUM(M5:M2727) -> 124129.56 | ... V3: =SUM(V5:V2727) -> 118895.88 | AD3: =SUM(AD5:AD2727) -> 1939299.3 | AE3: =SUM(AE5:AE2727) -> 221745.69 | AF3: =SUM(AF5:AF2727) -> 111401.4 | AG3: =SUM(AG5:AG2727) -> 122888.26 | AH3: =SUM(AH5:AH2727) -> 130992.64 | AI3: =SUM(AI5:AI2727) -> 315353.78 | AJ3: =SUM(AJ5:AJ2727) -> 331992.15 | AK3: =SUM(AK5:AK2727) -> 185899.99 | ... AM3: =SUM(AM5:AM2727) -> 391826.47 | AO3: =SUM(AO5:AO2727) -> 272930.58 | AQ3: =SUM(AQ5:AQ2727) -> 2508814.3 | AR3: =SUM(AR5:AR2727) -> 2508814.3 | AS3: =SUM(AS5:AS2727) -> -1.3234983e-05
A4: ;TAZID | B4: CO_TAZID | C4: TOTHH | D4: HHPOP | E4: HHSIZE | F4: TOTEMP | G4: RETEMP | H4: INDEMP | I4: OTHEMP | J4: ALLEMP | K4: RETL | L4: FOOD | M4: MANU | N4: WSLE | O4: OFFI | P4: GVED | Q4: HLTH | R4: OTHR | S4: FM_AGRI | T4: FM_MING | U4: FM_CONS | V4: HBJ | W4: AVGINCOME | X4: Enrol_Elem | Y4: Enrol_Midl | Z4: Enrol_High | AA4: CO_FIPS | AB4: CO_NAME | AD4: =CONCATENATE("NEW_",F4,"_L") -> NEW_TOTEMP_L | AE4: =CONCATENATE("NEW_",K4,"_L") -> NEW_RETL_L | AF4: =CONCATENATE("NEW_",L4,"_L") -> NEW_FOOD_L | AG4: =CONCATENATE("NEW_",M4,"_L") -> NEW_MANU_L | AH4: =CONCATENATE("NEW_",N4,"_L") -> NEW_WSLE_L | AI4: =CONCATENATE("NEW_",O4,"_L") -> NEW_OFFI_L | AJ4: =CONCATENATE("NEW_",P4,"_L") -> NEW_GVED_L | AK4: =CONCATENATE("NEW_",Q4,"_L") -> NEW_HLTH_L | AL4: =CONCATENATE("NEW_",R4,"_L") -> NEW_OTHR_L | AM4: NEW_HBJ | AO4: HBJ_ADD | AQ4: ALLEMP_CHECK | AR4: ALLEMP | AS4: DIFF
A5: 141 | B5: 570141 | C5: 436.5 | D5: 1111.7381 | E5: 2.5469372 | F5: 2179.5 | G5: 7.8 | H5: 718.5 | I5: 1453.2 | J5: 3104.143 | K5: 0.5 | L5: 7.3333333 | M5: 715.33333 | N5: 3.1666667 | O5: 32.5 | P5: 1308 | Q5: 3.8333333 | R5: 108.83333 | S5: 75.585158 | T5: 138.97872 | U5: 683.24295 | V5: 26.836208 | W5: 60843 | X5: 0 | Y5: 0 | Z5: 0 | AA5: 57 | AB5: WEBER | AD5: =SUM(AE5:AL5) -> 1952.5192 | AE5: =K5-K5*AE$2 -> 0.4875 | AF5: =L5-L5*AF$2 -> 7.15 | AG5: =M5-M5*AG$2 -> 708.18 | AH5: =N5-N5*AH$2 -> 3.135 | AI5: =O5-O5*AI$2 -> 26 | AJ5: =P5-P5*AJ$2 -> 1111.8 | AK5: =Q5-Q5*AK$2 -> 3.2583333 | AL5: =R5-R5*AL$2 -> 92.508333 | AM5: =V5+AO5 -> 253.81704 | AO5: =(K5-AE5)+(L5-AF5)+(M5-AG5)+(N5-AH5)+(O5-AI5)+(P5-AJ5)+(Q5-AK5)+(R5-AL5) -> 226.98083 | AQ5: =SUM(AD5,S5,T5,U5,AM5) -> 3104.143 | AR5: =J5 -> 3104.143 | AS5: =AR5-AQ5 -> 4.3700038e-07
A6: 142 | B6: 570142 | C6: 203 | D6: 514.89381 | E6: 2.5364227 | F6: 135.8 | G6: 0.2 | H6: 5.8 | I6: 129.8 | J6: 452.16691 | K6: 0 | L6: 0.16666667 | M6: 5.5 | N6: 0.33333333 | O6: 10.5 | P6: 91 | Q6: 0.16666667 | R6: 28.166667 | S6: 10.534701 | T6: 0 | U6: 293.29666 | V6: 12.502212 | W6: 60843 | X6: 0 | Y6: 0 | Z6: 0 | AA6: 57 | AB6: WEBER | AD6: =SUM(AE6:AL6) -> 115.77083 | AE6: =K6-K6*AE$2 -> 0 | AF6: =L6-L6*AF$2 -> 0.1625 | AG6: =M6-M6*AG$2 -> 5.445 | AH6: =N6-N6*AH$2 -> 0.33 | AI6: =O6-O6*AI$2 -> 8.4 | AJ6: =P6-P6*AJ$2 -> 77.35 | AK6: =Q6-Q6*AK$2 -> 0.14166667 | AL6: =R6-R6*AL$2 -> 23.941667 | AM6: =V6+AO6 -> 32.564712 | AO6: =(K6-AE6)+(L6-AF6)+(M6-AG6)+(N6-AH6)+(O6-AI6)+(P6-AJ6)+(Q6-AK6)+(R6-AL6) -> 20.0625 | AQ6: =SUM(AD6,S6,T6,U6,AM6) -> 452.16691 | AR6: =J6 -> 452.16691 | AS6: =AR6-AQ6 -> 2.9999683e-09
A7: 143 | B7: 570143 | C7: 128.16667 | D7: 352.53669 | E7: 2.7506114 | F7: 0.5 | G7: 0.2 | H7: 0 | I7: 0.3 | J7: 148.70787 | K7: 0 | L7: 0.16666667 | M7: 0 | N7: 0 | O7: 0 | P7: 0 | Q7: 0.16666667 | R7: 0.16666667 | S7: 17.39265 | T7: 0 | U7: 122.81423 | V7: 8.0009904 | W7: 60843 | X7: 0 | Y7: 0 | Z7: 0 | AA7: 57 | AB7: WEBER | AD7: =SUM(AE7:AL7) -> 0.44583333 | AE7: =K7-K7*AE$2 -> 0 | AF7: =L7-L7*AF$2 -> 0.1625 | AG7: =M7-M7*AG$2 -> 0 | AH7: =N7-N7*AH$2 -> 0 | AI7: =O7-O7*AI$2 -> 0 | AJ7: =P7-P7*AJ$2 -> 0 | AK7: =Q7-Q7*AK$2 -> 0.14166667 | AL7: =R7-R7*AL$2 -> 0.14166667 | AM7: =V7+AO7 -> 8.055157 | AO7: =(K7-AE7)+(L7-AF7)+(M7-AG7)+(N7-AH7)+(O7-AI7)+(P7-AJ7)+(Q7-AK7)+(R7-AL7) -> 0.054166667 | AQ7: =SUM(AD7,S7,T7,U7,AM7) -> 148.70787 | AR7: =J7 -> 148.70787 | AS7: =AR7-AQ7 -> 1.3000005e-08
A8: 144 | B8: 570144 | C8: 64.833333 | D8: 163.40296 | E8: 2.5203541 | F8: 0 | G8: 0 | H8: 0 | I8: 0 | J8: 22.033333 | K8: 0 | L8: 0 | M8: 0 | N8: 0 | O8: 0 | P8: 0 | Q8: 0 | R8: 0 | S8: 10.20136 | T8: 0 | U8: 7.8313907 | V8: 4.0005824 | W8: 66989 | X8: 0 | Y8: 0 | Z8: 0 | AA8: 57 | AB8: WEBER | AD8: =SUM(AE8:AL8) -> 0 | AE8: =K8-K8*AE$2 -> 0 | AF8: =L8-L8*AF$2 -> 0 | AG8: =M8-M8*AG$2 -> 0 | AH8: =N8-N8*AH$2 -> 0 | AI8: =O8-O8*AI$2 -> 0 | AJ8: =P8-P8*AJ$2 -> 0 | AK8: =Q8-Q8*AK$2 -> 0 | AL8: =R8-R8*AL$2 -> 0 | AM8: =V8+AO8 -> 4.0005824 | AO8: =(K8-AE8)+(L8-AF8)+(M8-AG8)+(N8-AH8)+(O8-AI8)+(P8-AJ8)+(Q8-AK8)+(R8-AL8) -> 0 | AQ8: =SUM(AD8,S8,T8,U8,AM8) -> 22.033333 | AR8: =J8 -> 22.033333 | AS8: =AR8-AQ8 -> -1.0000001e-09
A9: 145 | B9: 570145 | C9: 497 | D9: 1316.556 | E9: 2.6490059 | F9: 0 | G9: 0 | H9: 0 | I9: 0 | J9: 141.17661 | K9: 0 | L9: 0 | M9: 0 | N9: 0 | O9: 0 | P9: 0 | Q9: 0 | R9: 0 | S9: 6.6884907 | T9: 0 | U9: 103.65086 | V9: 30.837256 | W9: 66989 | X9: 0 | Y9: 0 | Z9: 0 | AA9: 57 | AB9: WEBER | AD9: =SUM(AE9:AL9) -> 0 | AE9: =K9-K9*AE$2 -> 0 | AF9: =L9-L9*AF$2 -> 0 | AG9: =M9-M9*AG$2 -> 0 | AH9: =N9-N9*AH$2 -> 0 | AI9: =O9-O9*AI$2 -> 0 | AJ9: =P9-P9*AJ$2 -> 0 | AK9: =Q9-Q9*AK$2 -> 0 | AL9: =R9-R9*AL$2 -> 0 | AM9: =V9+AO9 -> 30.837256 | AO9: =(K9-AE9)+(L9-AF9)+(M9-AG9)+(N9-AH9)+(O9-AI9)+(P9-AJ9)+(Q9-AK9)+(R9-AL9) -> 0 | AQ9: =SUM(AD9,S9,T9,U9,AM9) -> 141.17661 | AR9: =J9 -> 141.17661 | AS9: =AR9-AQ9 -> -1.600003e-08
A10: 146 | B10: 570146 | C10: 294.5 | D10: 769.12609 | E10: 2.6116336 | F10: 2.3 | G10: 0 | H10: 0.3 | I10: 2 | J10: 31.017479 | K10: 0 | L10: 0 | M10: 0.16666667 | N10: 0.16666667 | O10: 0.16666667 | P10: 0.66666667 | Q10: 1 | R10: 0.16666667 | S10: 4.6823386 | T10: 0 | U10: 5.832423 | V10: 18.169384 | W10: 66989 | X10: 0 | Y10: 0 | Z10: 0 | AA10: 57 | AB10: WEBER | AD10: =SUM(AE10:AL10) -> 2.0216667 | AE10: =K10-K10*AE$2 -> 0 | AF10: =L10-L10*AF$2 -> 0 | AG10: =M10-M10*AG$2 -> 0.165 | AH10: =N10-N10*AH$2 -> 0.165 | AI10: =O10-O10*AI$2 -> 0.13333333 | AJ10: =P10-P10*AJ$2 -> 0.56666667 | AK10: =Q10-Q10*AK$2 -> 0.85 | AL10: =R10-R10*AL$2 -> 0.14166667 | AM10: =V10+AO10 -> 18.481051 | AO10: =(K10-AE10)+(L10-AF10)+(M10-AG10)+(N10-AH10)+(O10-AI10)+(P10-AJ10)+(Q10-AK10)+(R10-AL10) -> 0.31166667 | AQ10: =SUM(AD10,S10,T10,U10,AM10) -> 31.017479 | AR10: =J10 -> 31.017479 | AS10: =AR10-AQ10 -> -3.0000002e-09
A11: 147 | B11: 570147 | C11: 454.33333 | D11: 1216.0046 | E11: 2.676459 | F11: 46.7 | G11: 1.8 | H11: 2.2 | I11: 42.7 | J11: 119.35986 | K11: 0.16666667 | L11: 1.6666667 | M11: 1.8333333 | N11: 0.33333333 | O11: 7.1666667 | P11: 18.5 | Q11: 8.1666667 | R11: 8.8333333 | S11: 7.3574029 | T11: 0 | U11: 37.165824 | V11: 28.169968 | W11: 66989 | X11: 0 | Y11: 0 | Z11: 0 | AA11: 57 | AB11: WEBER | AD11: =SUM(AE11:AL11) -> 39.840833 | AE11: =K11-K11*AE$2 -> 0.1625 | AF11: =L11-L11*AF$2 -> 1.625 | AG11: =M11-M11*AG$2 -> 1.815 | AH11: =N11-N11*AH$2 -> 0.33 | AI11: =O11-O11*AI$2 -> 5.7333333 | AJ11: =P11-P11*AJ$2 -> 15.725 | AK11: =Q11-Q11*AK$2 -> 6.9416667 | AL11: =R11-R11*AL$2 -> 7.5083333 | AM11: =V11+AO11 -> 34.995801 | AO11: =(K11-AE11)+(L11-AF11)+(M11-AG11)+(N11-AH11)+(O11-AI11)+(P11-AJ11)+(Q11-AK11)+(R11-AL11) -> 6.8258333 | AQ11: =SUM(AD11,S11,T11,U11,AM11) -> 119.35986 | AR11: =J11 -> 119.35986 | AS11: =AR11-AQ11 -> 1.4999998e-08
A12: 148 | B12: 570148 | C12: 489.66667 | D12: 1293.0397 | E12: 2.6406528 | F12: 219.7 | G12: 15 | H12: 9.8 | I12: 194.8 | J12: 438.18102 | K12: 13.666667 | L12: 1.3333333 | M12: 0.83333333 | N12: 9 | O12: 8.3333333 | P12: 162.5 | Q12: 8.3333333 | R12: 15.666667 | S12: 3.0100726 | T12: 0 | U12: 185.16737 | V12: 30.336907 | W12: 82188 | X12: 0 | Y12: 0 | Z12: 0 | AA12: 57 | AB12: WEBER | AD12: =SUM(AE12:AL12) -> 189.55167 | AE12: =K12-K12*AE$2 -> 13.325 | AF12: =L12-L12*AF$2 -> 1.3 | AG12: =M12-M12*AG$2 -> 0.825 | AH12: =N12-N12*AH$2 -> 8.91 | AI12: =O12-O12*AI$2 -> 6.6666667 | AJ12: =P12-P12*AJ$2 -> 138.125 | AK12: =Q12-Q12*AK$2 -> 7.0833333 | AL12: =R12-R12*AL$2 -> 13.316667 | AM12: =V12+AO12 -> 60.451907 | AO12: =(K12-AE12)+(L12-AF12)+(M12-AG12)+(N12-AH12)+(O12-AI12)+(P12-AJ12)+(Q12-AK12)+(R12-AL12) -> 30.115 | AQ12: =SUM(AD12,S12,T12,U12,AM12) -> 438.18102 | AR12: =J12 -> 438.18102 | AS12: =AR12-AQ12 -> -6.4000005e-08
A13: 149 | B13: 570149 | C13: 615.16667 | D13: 1680.2138 | E13: 2.7313148 | F13: 54.7 | G13: 0.7 | H13: 0.5 | I13: 53.5 | J13: 170.3404 | K13: 0.5 | L13: 0.16666667 | M13: 0.5 | N13: 0 | O13: 22.666667 | P13: 7.3333333 | Q13: 2.8333333 | R13: 20.666667 | S13: 5.8534805 | T13: 0 | U13: 71.815595 | V13: 38.00466 | W13: 82191 | X13: 0 | Y13: 0 | Z13: 0 | AA13: 57 | AB13: WEBER | AD13: =SUM(AE13:AL13) -> 45.486667 | AE13: =K13-K13*AE$2 -> 0.4875 | AF13: =L13-L13*AF$2 -> 0.1625 | AG13: =M13-M13*AG$2 -> 0.495 | AH13: =N13-N13*AH$2 -> 0 | AI13: =O13-O13*AI$2 -> 18.133333 | AJ13: =P13-P13*AJ$2 -> 6.2333333 | AK13: =Q13-Q13*AK$2 -> 2.4083333 | AL13: =R13-R13*AL$2 -> 17.566667 | AM13: =V13+AO13 -> 47.18466 | AO13: =(K13-AE13)+(L13-AF13)+(M13-AG13)+(N13-AH13)+(O13-AI13)+(P13-AJ13)+(Q13-AK13)+(R13-AL13) -> 9.18 | AQ13: =SUM(AD13,S13,T13,U13,AM13) -> 170.3404 | AR13: =J13 -> 170.3404 | AS13: =AR13-AQ13 -> -4.5999997e-08
A14: 150 | B14: 570150 | C14: 596.16667 | D14: 1766.2474 | E14: 2.9626738 | F14: 531 | G14: 142.7 | H14: 108.7 | I14: 279.7 | J14: 583.83368 | K14: 138 | L14: 4.6666667 | M14: 9.1666667 | N14: 99.5 | O14: 10.166667 | P14: 148 | Q14: 1.1666667 | R14: 120.33333 | S14: 0 | T14: 0 | U14: 15.996137 | V14: 36.837548 | W14: 82684 | X14: 0 | Y14: 0 | Z14: 0 | AA14: 57 | AB14: WEBER | AD14: =SUM(AE14:AL14) -> 483.88833 | AE14: =K14-K14*AE$2 -> 134.55 | AF14: =L14-L14*AF$2 -> 4.55 | AG14: =M14-M14*AG$2 -> 9.075 | AH14: =N14-N14*AH$2 -> 98.505 | AI14: =O14-O14*AI$2 -> 8.1333333 | AJ14: =P14-P14*AJ$2 -> 125.8 | AK14: =Q14-Q14*AK$2 -> 0.99166667 | AL14: =R14-R14*AL$2 -> 102.28333 | AM14: =V14+AO14 -> 83.949214 | AO14: =(K14-AE14)+(L14-AF14)+(M14-AG14)+(N14-AH14)+(O14-AI14)+(P14-AJ14)+(Q14-AK14)+(R14-AL14) -> 47.111667 | AQ14: =SUM(AD14,S14,T14,U14,AM14) -> 583.83368 | AR14: =J14 -> 583.83368 | AS14: =AR14-AQ14 -> 7.9000074e-08
A15: 151 | B15: 570151 | C15: 344.66667 | D15: 984.3008 | E15: 2.855805 | F15: 184.2 | G15: 21.2 | H15: 18.8 | I15: 144.2 | J15: 321.48968 | K15: 15.166667 | L15: 6 | M15: 1.3333333 | N15: 17.5 | O15: 7 | P15: 103 | Q15: 12.5 | R15: 21.666667 | S15: 1.0033575 | T15: 0 | U15: 114.98362 | V15: 21.336032 | W15: 82427 | X15: 921 | Y15: 0 | Z15: 0 | AA15: 57 | AB15: WEBER | AD15: =SUM(AE15:AL15) -> 161.47417 | AE15: =K15-K15*AE$2 -> 14.7875 | AF15: =L15-L15*AF$2 -> 5.85 | AG15: =M15-M15*AG$2 -> 1.32 | AH15: =N15-N15*AH$2 -> 17.325 | AI15: =O15-O15*AI$2 -> 5.6 | AJ15: =P15-P15*AJ$2 -> 87.55 | AK15: =Q15-Q15*AK$2 -> 10.625 | AL15: =R15-R15*AL$2 -> 18.416667 | AM15: =V15+AO15 -> 44.028532 | AO15: =(K15-AE15)+(L15-AF15)+(M15-AG15)+(N15-AH15)+(O15-AI15)+(P15-AJ15)+(Q15-AK15)+(R15-AL15) -> 22.6925 | AQ15: =SUM(AD15,S15,T15,U15,AM15) -> 321.48968 | AR15: =J15 -> 321.48968 | AS15: =AR15-AQ15 -> -7.999995e-08
A16: 152 | B16: 570152 | C16: 740.16667 | D16: 2061.4447 | E16: 2.7851088 | F16: 82.3 | G16: 0 | H16: 16.7 | I16: 65.7 | J16: 205.16642 | K16: 0 | L16: 0 | M16: 14.333333 | N16: 2.3333333 | O16: 4.3333333 | P16: 26 | Q16: 20.333333 | R16: 15 | S16: 1.1708617 | T16: 0 | U16: 75.656921 | V16: 46.005302 | W16: 82684 | X16: 0 | Y16: 1163 | Z16: 0 | AA16: 57 | AB16: WEBER | AD16: =SUM(AE16:AL16) -> 72.1 | AE16: =K16-K16*AE$2 -> 0 | AF16: =L16-L16*AF$2 -> 0 | AG16: =M16-M16*AG$2 -> 14.19 | AH16: =N16-N16*AH$2 -> 2.31 | AI16: =O16-O16*AI$2 -> 3.4666667 | AJ16: =P16-P16*AJ$2 -> 22.1 | AK16: =Q16-Q16*AK$2 -> 17.283333 | AL16: =R16-R16*AL$2 -> 12.75 | AM16: =V16+AO16 -> 56.238635 | AO16: =(K16-AE16)+(L16-AF16)+(M16-AG16)+(N16-AH16)+(O16-AI16)+(P16-AJ16)+(Q16-AK16)+(R16-AL16) -> 10.233333 | AQ16: =SUM(AD16,S16,T16,U16,AM16) -> 205.16642 | AR16: =J16 -> 205.16642 | AS16: =AR16-AQ16 -> -2.0999977e-08
... A2727: 2873 | B2727: 492873 | C2727: 1 | D2727: 2.260477 | E2727: 2.260477 | F2727: 0 | G2727: 0 | H2727: 0 | I2727: 0 | J2727: 0 | K2727: 0 | L2727: 0 | M2727: 0 | N2727: 0 | O2727: 0 | P2727: 0 | Q2727: 0 | R2727: 0 | S2727: 0 | T2727: 0 | U2727: 0 | V2727: 0 | W2727: 101374 | X2727: 0 | Y2727: 0 | Z2727: 0 | AA2727: 49 | AB2727: UTAH | AD2727: =SUM(AE2727:AL2727) -> 0 | AE2727: =K2727-K2727*AE$2 -> 0 | AF2727: =L2727-L2727*AF$2 -> 0 | AG2727: =M2727-M2727*AG$2 -> 0 | AH2727: =N2727-N2727*AH$2 -> 0 | AI2727: =O2727-O2727*AI$2 -> 0 | AJ2727: =P2727-P2727*AJ$2 -> 0 | AK2727: =Q2727-Q2727*AK$2 -> 0 | AL2727: =R2727-R2727*AL$2 -> 0 | AM2727: =V2727+AO2727 -> 0 | AO2727: =(K2727-AE2727)+(L2727-AF2727)+(M2727-AG2727)+(N2727-AH2727)+(O2727-AI2727)+(P2727-AJ2727)+(Q2727-AK2727)+(R2727-AL2727) -> 0 | AQ2727: =SUM(AD2727,S2727,T2727,U2727,AM2727) -> 0 | AR2727: =J2727 -> 0 | AS2727: =AR2727-AQ2727 -> 0

Sheet SE_WFRC_2050_Med
U2: Existing HBJ | V2: =V3/J3 -> 0.047391264 | AC2: Change | AD2: =(AD3-F3)/F3 -> -0.17494351 | AE2: 0.05 | AF2: 0.05 | AG2: 0.03 | AH2: 0.03 | AI2: 0.3 | AJ2: 0.2 | AK2: 0.2 | AL2: 0.2 | AM2: =(AM3-V3)/V3 -> 3.2550841
E3: Total (All TAZs) | F3: =SUM(F5:F2727) -> 2212228.9 | G3: =SUM(G5:G2727) -> 341690.5 | H3: =SUM(H5:H2727) -> 256448 | I3: =SUM(I5:I2727) -> 1614096.7 | J3: =SUM(J5:J2727) -> 2508814.3 | K3: =SUM(K5:K2727) -> 227431.47 | L3: =SUM(L5:L2727) -> 114257.85 | M3: =SUM(M5:M2727) -> 124129.56 | ... V3: =SUM(V5:V2727) -> 118895.88 | AD3: =SUM(AD5:AD2727) -> 1825213.8 | AE3: =SUM(AE5:AE2727) -> 216059.9 | AF3: =SUM(AF5:AF2727) -> 108544.96 | AG3: =SUM(AG5:AG2727) -> 120405.67 | AH3: =SUM(AH5:AH2727) -> 128346.32 | AI3: =SUM(AI5:AI2727) -> 275934.56 | AJ3: =SUM(AJ5:AJ2727) -> 312463.2 | AK3: =SUM(AK5:AK2727) -> 174964.69 | ... AM3: =SUM(AM5:AM2727) -> 505911.98 | AO3: =SUM(AO5:AO2727) -> 387016.1 | AQ3: =SUM(AQ5:AQ2727) -> 2508814.3 | AR3: =SUM(AR5:AR2727) -> 2508814.3 | AS3: =SUM(AS5:AS2727) -> -1.3234985e-05
A4: ;TAZID | B4: CO_TAZID | C4: TOTHH | D4: HHPOP | E4: HHSIZE | F4: TOTEMP | G4: RETEMP | H4: INDEMP | I4: OTHEMP | J4: ALLEMP | K4: RETL | L4: FOOD | M4: MANU | N4: WSLE | O4: OFFI | P4: GVED | Q4: HLTH | R4: OTHR | S4: FM_AGRI | T4: FM_MING | U4: FM_CONS | V4: HBJ | W4: AVGINCOME | X4: Enrol_Elem | Y4: Enrol_Midl | Z4: Enrol_High | AA4: CO_FIPS | AB4: CO_NAME | AD4: =CONCATENATE("NEW_",F4,"_L") -> NEW_TOTEMP_L | AE4: =CONCATENATE("NEW_",K4,"_L") -> NEW_RETL_L | AF4: =CONCATENATE("NEW_",L4,"_L") -> NEW_FOOD_L | AG4: =CONCATENATE("NEW_",M4,"_L") -> NEW_MANU_L | AH4: =CONCATENATE("NEW_",N4,"_L") -> NEW_WSLE_L | AI4: =CONCATENATE("NEW_",O4,"_L") -> NEW_OFFI_L | AJ4: =CONCATENATE("NEW_",P4,"_L") -> NEW_GVED_L | AK4: =CONCATENATE("NEW_",Q4,"_L") -> NEW_HLTH_L | AL4: =CONCATENATE("NEW_",R4,"_L") -> NEW_OTHR_L | AM4: NEW_HBJ | AO4: HBJ_ADD | AQ4: ALLEMP_CHECK | AR4: ALLEMP | AS4: DIFF
A5: 141 | B5: 570141 | C5: 436.5 | D5: 1111.7381 | E5: 2.5469372 | F5: 2179.5 | G5: 7.8 | H5: 718.5 | I5: 1453.2 | J5: 3104.143 | K5: 0.5 | L5: 7.3333333 | M5: 715.33333 | N5: 3.1666667 | O5: 32.5 | P5: 1308 | Q5: 3.8333333 | R5: 108.83333 | S5: 75.585158 | T5: 138.97872 | U5: 683.24295 | V5: 26.836208 | W5: 60843 | X5: 0 | Y5: 0 | Z5: 0 | AA5: 57 | AB5: WEBER | AD5: =SUM(AE5:AL5) -> 1863.67 | AE5: =K5-K5*AE$2 -> 0.475 | AF5: =L5-L5*AF$2 -> 6.9666667 | AG5: =M5-M5*AG$2 -> 693.87333 | AH5: =N5-N5*AH$2 -> 3.0716667 | AI5: =O5-O5*AI$2 -> 22.75 | AJ5: =P5-P5*AJ$2 -> 1046.4 | AK5: =Q5-Q5*AK$2 -> 3.0666667 | AL5: =R5-R5*AL$2 -> 87.066667 | AM5: =V5+AO5 -> 342.66621 | AO5: =(K5-AE5)+(L5-AF5)+(M5-AG5)+(N5-AH5)+(O5-AI5)+(P5-AJ5)+(Q5-AK5)+(R5-AL5) -> 315.83 | AQ5: =SUM(AD5,S5,T5,U5,AM5) -> 3104.143 | AR5: =J5 -> 3104.143 | AS5: =AR5-AQ5 -> 4.3699993e-07
A6: 142 | B6: 570142 | C6: 203 | D6: 514.89381 | E6: 2.5364227 | F6: 135.8 | G6: 0.2 | H6: 5.8 | I6: 129.8 | J6: 452.16691 | K6: 0 | L6: 0.16666667 | M6: 5.5 | N6: 0.33333333 | O6: 10.5 | P6: 91 | Q6: 0.16666667 | R6: 28.166667 | S6: 10.534701 | T6: 0 | U6: 293.29666 | V6: 12.502212 | W6: 60843 | X6: 0 | Y6: 0 | Z6: 0 | AA6: 57 | AB6: WEBER | AD6: =SUM(AE6:AL6) -> 108.63333 | AE6: =K6-K6*AE$2 -> 0 | AF6: =L6-L6*AF$2 -> 0.15833333 | AG6: =M6-M6*AG$2 -> 5.335 | AH6: =N6-N6*AH$2 -> 0.32333333 | AI6: =O6-O6*AI$2 -> 7.35 | AJ6: =P6-P6*AJ$2 -> 72.8 | AK6: =Q6-Q6*AK$2 -> 0.13333333 | AL6: =R6-R6*AL$2 -> 22.533333 | AM6: =V6+AO6 -> 39.702212 | AO6: =(K6-AE6)+(L6-AF6)+(M6-AG6)+(N6-AH6)+(O6-AI6)+(P6-AJ6)+(Q6-AK6)+(R6-AL6) -> 27.2 | AQ6: =SUM(AD6,S6,T6,U6,AM6) -> 452.16691 | AR6: =J6 -> 452.16691 | AS6: =AR6-AQ6 -> 2.9999683e-09
A7: 143 | B7: 570143 | C7: 128.16667 | D7: 352.53669 | E7: 2.7506114 | F7: 0.5 | G7: 0.2 | H7: 0 | I7: 0.3 | J7: 148.70787 | K7: 0 | L7: 0.16666667 | M7: 0 | N7: 0 | O7: 0 | P7: 0 | Q7: 0.16666667 | R7: 0.16666667 | S7: 17.39265 | T7: 0 | U7: 122.81423 | V7: 8.0009904 | W7: 60843 | X7: 0 | Y7: 0 | Z7: 0 | AA7: 57 | AB7: WEBER | AD7: =SUM(AE7:AL7) -> 0.425 | AE7: =K7-K7*AE$2 -> 0 | AF7: =L7-L7*AF$2 -> 0.15833333 | AG7: =M7-M7*AG$2 -> 0 | AH7: =N7-N7*AH$2 -> 0 | AI7: =O7-O7*AI$2 -> 0 | AJ7: =P7-P7*AJ$2 -> 0 | AK7: =Q7-Q7*AK$2 -> 0.13333333 | AL7: =R7-R7*AL$2 -> 0.13333333 | AM7: =V7+AO7 -> 8.0759904 | AO7: =(K7-AE7)+(L7-AF7)+(M7-AG7)+(N7-AH7)+(O7-AI7)+(P7-AJ7)+(Q7-AK7)+(R7-AL7) -> 0.075 | AQ7: =SUM(AD7,S7,T7,U7,AM7) -> 148.70787 | AR7: =J7 -> 148.70787 | AS7: =AR7-AQ7 -> 1.3000005e-08
A8: 144 | B8: 570144 | C8: 64.833333 | D8: 163.40296 | E8: 2.5203541 | F8: 0 | G8: 0 | H8: 0 | I8: 0 | J8: 22.033333 | K8: 0 | L8: 0 | M8: 0 | N8: 0 | O8: 0 | P8: 0 | Q8: 0 | R8: 0 | S8: 10.20136 | T8: 0 | U8: 7.8313907 | V8: 4.0005824 | W8: 66989 | X8: 0 | Y8: 0 | Z8: 0 | AA8: 57 | AB8: WEBER | AD8: =SUM(AE8:AL8) -> 0 | AE8: =K8-K8*AE$2 -> 0 | AF8: =L8-L8*AF$2 -> 0 | AG8: =M8-M8*AG$2 -> 0 | AH8: =N8-N8*AH$2 -> 0 | AI8: =O8-O8*AI$2 -> 0 | AJ8: =P8-P8*AJ$2 -> 0 | AK8: =Q8-Q8*AK$2 -> 0 | AL8: =R8-R8*AL$2 -> 0 | AM8: =V8+AO8 -> 4.0005824 | AO8: =(K8-AE8)+(L8-AF8)+(M8-AG8)+(N8-AH8)+(O8-AI8)+(P8-AJ8)+(Q8-AK8)+(R8-AL8) -> 0 | AQ8: =SUM(AD8,S8,T8,U8,AM8) -> 22.033333 | AR8: =J8 -> 22.033333 | AS8: =AR8-AQ8 -> -1.0000001e-09
A9: 145 | B9: 570145 | C9: 497 | D9: 1316.556 | E9: 2.6490059 | F9: 0 | G9: 0 | H9: 0 | I9: 0 | J9: 141.17661 | K9: 0 | L9: 0 | M9: 0 | N9: 0 | O9: 0 | P9: 0 | Q9: 0 | R9: 0 | S9: 6.6884907 | T9: 0 | U9: 103.65086 | V9: 30.837256 | W9: 66989 | X9: 0 | Y9: 0 | Z9: 0 | AA9: 57 | AB9: WEBER | AD9: =SUM(AE9:AL9) -> 0 | AE9: =K9-K9*AE$2 -> 0 | AF9: =L9-L9*AF$2 -> 0 | AG9: =M9-M9*AG$2 -> 0 | AH9: =N9-N9*AH$2 -> 0 | AI9: =O9-O9*AI$2 -> 0 | AJ9: =P9-P9*AJ$2 -> 0 | AK9: =Q9-Q9*AK$2 -> 0 | AL9: =R9-R9*AL$2 -> 0 | AM9: =V9+AO9 -> 30.837256 | AO9: =(K9-AE9)+(L9-AF9)+(M9-AG9)+(N9-AH9)+(O9-AI9)+(P9-AJ9)+(Q9-AK9)+(R9-AL9) -> 0 | AQ9: =SUM(AD9,S9,T9,U9,AM9) -> 141.17661 | AR9: =J9 -> 141.17661 | AS9: =AR9-AQ9 -> -1.600003e-08
A10: 146 | B10: 570146 | C10: 294.5 | D10: 769.12609 | E10: 2.6116336 | F10: 2.3 | G10: 0 | H10: 0.3 | I10: 2 | J10: 31.017479 | K10: 0 | L10: 0 | M10: 0.16666667 | N10: 0.16666667 | O10: 0.16666667 | P10: 0.66666667 | Q10: 1 | R10: 0.16666667 | S10: 4.6823386 | T10: 0 | U10: 5.832423 | V10: 18.169384 | W10: 66989 | X10: 0 | Y10: 0 | Z10: 0 | AA10: 57 | AB10: WEBER | AD10: =SUM(AE10:AL10) -> 1.9066667 | AE10: =K10-K10*AE$2 -> 0 | AF10: =L10-L10*AF$2 -> 0 | AG10: =M10-M10*AG$2 -> 0.16166667 | AH10: =N10-N10*AH$2 -> 0.16166667 | AI10: =O10-O10*AI$2 -> 0.11666667 | AJ10: =P10-P10*AJ$2 -> 0.53333333 | AK10: =Q10-Q10*AK$2 -> 0.8 | AL10: =R10-R10*AL$2 -> 0.13333333 | AM10: =V10+AO10 -> 18.596051 | AO10: =(K10-AE10)+(L10-AF10)+(M10-AG10)+(N10-AH10)+(O10-AI10)+(P10-AJ10)+(Q10-AK10)+(R10-AL10) -> 0.42666667 | AQ10: =SUM(AD10,S10,T10,U10,AM10) -> 31.017479 | AR10: =J10 -> 31.017479 | AS10: =AR10-AQ10 -> -3.0000002e-09
A11: 147 | B11: 570147 | C11: 454.33333 | D11: 1216.0046 | E11: 2.676459 | F11: 46.7 | G11: 1.8 | H11: 2.2 | I11: 42.7 | J11: 119.35986 | K11: 0.16666667 | L11: 1.6666667 | M11: 1.8333333 | N11: 0.33333333 | O11: 7.1666667 | P11: 18.5 | Q11: 8.1666667 | R11: 8.8333333 | S11: 7.3574029 | T11: 0 | U11: 37.165824 | V11: 28.169968 | W11: 66989 | X11: 0 | Y11: 0 | Z11: 0 | AA11: 57 | AB11: WEBER | AD11: =SUM(AE11:AL11) -> 37.26 | AE11: =K11-K11*AE$2 -> 0.15833333 | AF11: =L11-L11*AF$2 -> 1.5833333 | AG11: =M11-M11*AG$2 -> 1.7783333 | AH11: =N11-N11*AH$2 -> 0.32333333 | AI11: =O11-O11*AI$2 -> 5.0166667 | AJ11: =P11-P11*AJ$2 -> 14.8 | AK11: =Q11-Q11*AK$2 -> 6.5333333 | AL11: =R11-R11*AL$2 -> 7.0666667 | AM11: =V11+AO11 -> 37.576635 | AO11: =(K11-AE11)+(L11-AF11)+(M11-AG11)+(N11-AH11)+(O11-AI11)+(P11-AJ11)+(Q11-AK11)+(R11-AL11) -> 9.4066667 | AQ11: =SUM(AD11,S11,T11,U11,AM11) -> 119.35986 | AR11: =J11 -> 119.35986 | AS11: =AR11-AQ11 -> 1.4999998e-08
A12: 148 | B12: 570148 | C12: 489.66667 | D12: 1293.0397 | E12: 2.6406528 | F12: 219.7 | G12: 15 | H12: 9.8 | I12: 194.8 | J12: 438.18102 | K12: 13.666667 | L12: 1.3333333 | M12: 0.83333333 | N12: 9 | O12: 8.3333333 | P12: 162.5 | Q12: 8.3333333 | R12: 15.666667 | S12: 3.0100726 | T12: 0 | U12: 185.16737 | V12: 30.336907 | W12: 82188 | X12: 0 | Y12: 0 | Z12: 0 | AA12: 57 | AB12: WEBER | AD12: =SUM(AE12:AL12) -> 178.82167 | AE12: =K12-K12*AE$2 -> 12.983333 | AF12: =L12-L12*AF$2 -> 1.2666667 | AG12: =M12-M12*AG$2 -> 0.80833333 | AH12: =N12-N12*AH$2 -> 8.73 | AI12: =O12-O12*AI$2 -> 5.8333333 | AJ12: =P12-P12*AJ$2 -> 130 | AK12: =Q12-Q12*AK$2 -> 6.6666667 | AL12: =R12-R12*AL$2 -> 12.533333 | AM12: =V12+AO12 -> 71.181907 | AO12: =(K12-AE12)+(L12-AF12)+(M12-AG12)+(N12-AH12)+(O12-AI12)+(P12-AJ12)+(Q12-AK12)+(R12-AL12) -> 40.845 | AQ12: =SUM(AD12,S12,T12,U12,AM12) -> 438.18102 | AR12: =J12 -> 438.18102 | AS12: =AR12-AQ12 -> -6.4000005e-08
A13: 149 | B13: 570149 | C13: 615.16667 | D13: 1680.2138 | E13: 2.7313148 | F13: 54.7 | G13: 0.7 | H13: 0.5 | I13: 53.5 | J13: 170.3404 | K13: 0.5 | L13: 0.16666667 | M13: 0.5 | N13: 0 | O13: 22.666667 | P13: 7.3333333 | Q13: 2.8333333 | R13: 20.666667 | S13: 5.8534805 | T13: 0 | U13: 71.815595 | V13: 38.00466 | W13: 82191 | X13: 0 | Y13: 0 | Z13: 0 | AA13: 57 | AB13: WEBER | AD13: =SUM(AE13:AL13) -> 41.651667 | AE13: =K13-K13*AE$2 -> 0.475 | AF13: =L13-L13*AF$2 -> 0.15833333 | AG13: =M13-M13*AG$2 -> 0.485 | AH13: =N13-N13*AH$2 -> 0 | AI13: =O13-O13*AI$2 -> 15.866667 | AJ13: =P13-P13*AJ$2 -> 5.8666667 | AK13: =Q13-Q13*AK$2 -> 2.2666667 | AL13: =R13-R13*AL$2 -> 16.533333 | AM13: =V13+AO13 -> 51.01966 | AO13: =(K13-AE13)+(L13-AF13)+(M13-AG13)+(N13-AH13)+(O13-AI13)+(P13-AJ13)+(Q13-AK13)+(R13-AL13) -> 13.015 | AQ13: =SUM(AD13,S13,T13,U13,AM13) -> 170.3404 | AR13: =J13 -> 170.3404 | AS13: =AR13-AQ13 -> -4.5999997e-08
A14: 150 | B14: 570150 | C14: 596.16667 | D14: 1766.2474 | E14: 2.9626738 | F14: 531 | G14: 142.7 | H14: 108.7 | I14: 279.7 | J14: 583.83368 | K14: 138 | L14: 4.6666667 | M14: 9.1666667 | N14: 99.5 | O14: 10.166667 | P14: 148 | Q14: 1.1666667 | R14: 120.33333 | S14: 0 | T14: 0 | U14: 15.996137 | V14: 36.837548 | W14: 82684 | X14: 0 | Y14: 0 | Z14: 0 | AA14: 57 | AB14: WEBER | AD14: =SUM(AE14:AL14) -> 463.65667 | AE14: =K14-K14*AE$2 -> 131.1 | AF14: =L14-L14*AF$2 -> 4.4333333 | AG14: =M14-M14*AG$2 -> 8.8916667 | AH14: =N14-N14*AH$2 -> 96.515 | AI14: =O14-O14*AI$2 -> 7.1166667 | AJ14: =P14-P14*AJ$2 -> 118.4 | AK14: =Q14-Q14*AK$2 -> 0.93333333 | AL14: =R14-R14*AL$2 -> 96.266667 | AM14: =V14+AO14 -> 104.18088 | AO14: =(K14-AE14)+(L14-AF14)+(M14-AG14)+(N14-AH14)+(O14-AI14)+(P14-AJ14)+(Q14-AK14)+(R14-AL14) -> 67.343333 | AQ14: =SUM(AD14,S14,T14,U14,AM14) -> 583.83368 | AR14: =J14 -> 583.83368 | AS14: =AR14-AQ14 -> 7.9000074e-08
A15: 151 | B15: 570151 | C15: 344.66667 | D15: 984.3008 | E15: 2.855805 | F15: 184.2 | G15: 21.2 | H15: 18.8 | I15: 144.2 | J15: 321.48968 | K15: 15.166667 | L15: 6 | M15: 1.3333333 | N15: 17.5 | O15: 7 | P15: 103 | Q15: 12.5 | R15: 21.666667 | S15: 1.0033575 | T15: 0 | U15: 114.98362 | V15: 21.336032 | W15: 82427 | X15: 921 | Y15: 0 | Z15: 0 | AA15: 57 | AB15: WEBER | AD15: =SUM(AE15:AL15) -> 153.01 | AE15: =K15-K15*AE$2 -> 14.408333 | AF15: =L15-L15*AF$2 -> 5.7 | AG15: =M15-M15*AG$2 -> 1.2933333 | AH15: =N15-N15*AH$2 -> 16.975 | AI15: =O15-O15*AI$2 -> 4.9 | AJ15: =P15-P15*AJ$2 -> 82.4 | AK15: =Q15-Q15*AK$2 -> 10 | AL15: =R15-R15*AL$2 -> 17.333333 | AM15: =V15+AO15 -> 52.492699 | AO15: =(K15-AE15)+(L15-AF15)+(M15-AG15)+(N15-AH15)+(O15-AI15)+(P15-AJ15)+(Q15-AK15)+(R15-AL15) -> 31.156667 | AQ15: =SUM(AD15,S15,T15,U15,AM15) -> 321.48968 | AR15: =J15 -> 321.48968 | AS15: =AR15-AQ15 -> -7.999995e-08
A16: 152 | B16: 570152 | C16: 740.16667 | D16: 2061.4447 | E16: 2.7851088 | F16: 82.3 | G16: 0 | H16: 16.7 | I16: 65.7 | J16: 205.16642 | K16: 0 | L16: 0 | M16: 14.333333 | N16: 2.3333333 | O16: 4.3333333 | P16: 26 | Q16: 20.333333 | R16: 15 | S16: 1.1708617 | T16: 0 | U16: 75.656921 | V16: 46.005302 | W16: 82684 | X16: 0 | Y16: 1163 | Z16: 0 | AA16: 57 | AB16: WEBER | AD16: =SUM(AE16:AL16) -> 68.266667 | AE16: =K16-K16*AE$2 -> 0 | AF16: =L16-L16*AF$2 -> 0 | AG16: =M16-M16*AG$2 -> 13.903333 | AH16: =N16-N16*AH$2 -> 2.2633333 | AI16: =O16-O16*AI$2 -> 3.0333333 | AJ16: =P16-P16*AJ$2 -> 20.8 | AK16: =Q16-Q16*AK$2 -> 16.266667 | AL16: =R16-R16*AL$2 -> 12 | AM16: =V16+AO16 -> 60.071969 | AO16: =(K16-AE16)+(L16-AF16)+(M16-AG16)+(N16-AH16)+(O16-AI16)+(P16-AJ16)+(Q16-AK16)+(R16-AL16) -> 14.066667 | AQ16: =SUM(AD16,S16,T16,U16,AM16) -> 205.16642 | AR16: =J16 -> 205.16642 | AS16: =AR16-AQ16 -> -2.1000005e-08
... A2727: 2873 | B2727: 492873 | C2727: 1 | D2727: 2.260477 | E2727: 2.260477 | F2727: 0 | G2727: 0 | H2727: 0 | I2727: 0 | J2727: 0 | K2727: 0 | L2727: 0 | M2727: 0 | N2727: 0 | O2727: 0 | P2727: 0 | Q2727: 0 | R2727: 0 | S2727: 0 | T2727: 0 | U2727: 0 | V2727: 0 | W2727: 101374 | X2727: 0 | Y2727: 0 | Z2727: 0 | AA2727: 49 | AB2727: UTAH | AD2727: =SUM(AE2727:AL2727) -> 0 | AE2727: =K2727-K2727*AE$2 -> 0 | AF2727: =L2727-L2727*AF$2 -> 0 | AG2727: =M2727-M2727*AG$2 -> 0 | AH2727: =N2727-N2727*AH$2 -> 0 | AI2727: =O2727-O2727*AI$2 -> 0 | AJ2727: =P2727-P2727*AJ$2 -> 0 | AK2727: =Q2727-Q2727*AK$2 -> 0 | AL2727: =R2727-R2727*AL$2 -> 0 | AM2727: =V2727+AO2727 -> 0 | AO2727: =(K2727-AE2727)+(L2727-AF2727)+(M2727-AG2727)+(N2727-AH2727)+(O2727-AI2727)+(P2727-AJ2727)+(Q2727-AK2727)+(R2727-AL2727) -> 0 | AQ2727: =SUM(AD2727,S2727,T2727,U2727,AM2727) -> 0 | AR2727: =J2727 -> 0 | AS2727: =AR2727-AQ2727 -> 0

Sheet SE_WFRC_2050_High
U2: Existing HBJ | V2: =V3/J3 -> 0.047391264 | AC2: Change | AD2: =(AD3-F3)/F3 -> -0.22651391 | AE2: 0.075 | AF2: 0.075 | AG2: 0.05 | AH2: 0.05 | AI2: 0.4 | AJ2: 0.25 | AK2: 0.25 | AL2: 0.25 | AM2: =(AM3-V3)/V3 -> 4.2146254
E3: Total (All TAZs) | F3: =SUM(F5:F2727) -> 2212228.9 | G3: =SUM(G5:G2727) -> 341690.5 | H3: =SUM(H5:H2727) -> 256448 | I3: =SUM(I5:I2727) -> 1614096.7 | J3: =SUM(J5:J2727) -> 2508814.3 | K3: =SUM(K5:K2727) -> 227431.47 | L3: =SUM(L5:L2727) -> 114257.85 | M3: =SUM(M5:M2727) -> 124129.56 | ... V3: =SUM(V5:V2727) -> 118895.88 | AD3: =SUM(AD5:AD2727) -> 1711128.3 | AE3: =SUM(AE5:AE2727) -> 210374.11 | AF3: =SUM(AF5:AF2727) -> 105688.51 | AG3: =SUM(AG5:AG2727) -> 117923.08 | AH3: =SUM(AH5:AH2727) -> 125700 | AI3: =SUM(AI5:AI2727) -> 236515.34 | AJ3: =SUM(AJ5:AJ2727) -> 292934.25 | AK3: =SUM(AK5:AK2727) -> 164029.4 | ... AM3: =SUM(AM5:AM2727) -> 619997.49 | AO3: =SUM(AO5:AO2727) -> 501101.61 | AQ3: =SUM(AQ5:AQ2727) -> 2508814.3 | AR3: =SUM(AR5:AR2727) -> 2508814.3 | AS3: =SUM(AS5:AS2727) -> -1.3235005e-05
A4: ;TAZID | B4: CO_TAZID | C4: TOTHH | D4: HHPOP | E4: HHSIZE | F4: TOTEMP | G4: RETEMP | H4: INDEMP | I4: OTHEMP | J4: ALLEMP | K4: RETL | L4: FOOD | M4: MANU | N4: WSLE | O4: OFFI | P4: GVED | Q4: HLTH | R4: OTHR | S4: FM_AGRI | T4: FM_MING | U4: FM_CONS | V4: HBJ | W4: AVGINCOME | X4: Enrol_Elem | Y4: Enrol_Midl | Z4: Enrol_High | AA4: CO_FIPS | AB4: CO_NAME | AD4: =CONCATENATE("NEW_",F4,"_L") -> NEW_TOTEMP_L | AE4: =CONCATENATE("NEW_",K4,"_L") -> NEW_RETL_L | AF4: =CONCATENATE("NEW_",L4,"_L") -> NEW_FOOD_L | AG4: =CONCATENATE("NEW_",M4,"_L") -> NEW_MANU_L | AH4: =CONCATENATE("NEW_",N4,"_L") -> NEW_WSLE_L | AI4: =CONCATENATE("NEW_",O4,"_L") -> NEW_OFFI_L | AJ4: =CONCATENATE("NEW_",P4,"_L") -> NEW_GVED_L | AK4: =CONCATENATE("NEW_",Q4,"_L") -> NEW_HLTH_L | AL4: =CONCATENATE("NEW_",R4,"_L") -> NEW_OTHR_L | AM4: NEW_HBJ | AO4: HBJ_ADD | AQ4: ALLEMP_CHECK | AR4: ALLEMP | AS4: DIFF
A5: 141 | B5: 570141 | C5: 436.5 | D5: 1111.7381 | E5: 2.5469372 | F5: 2179.5 | G5: 7.8 | H5: 718.5 | I5: 1453.2 | J5: 3104.143 | K5: 0.5 | L5: 7.3333333 | M5: 715.33333 | N5: 3.1666667 | O5: 32.5 | P5: 1308 | Q5: 3.8333333 | R5: 108.83333 | S5: 75.585158 | T5: 138.97872 | U5: 683.24295 | V5: 26.836208 | W5: 60843 | X5: 0 | Y5: 0 | Z5: 0 | AA5: 57 | AB5: WEBER | AD5: =SUM(AE5:AL5) -> 1774.8208 | AE5: =K5-K5*AE$2 -> 0.4625 | AF5: =L5-L5*AF$2 -> 6.7833333 | AG5: =M5-M5*AG$2 -> 679.56667 | AH5: =N5-N5*AH$2 -> 3.0083333 | AI5: =O5-O5*AI$2 -> 19.5 | AJ5: =P5-P5*AJ$2 -> 981 | AK5: =Q5-Q5*AK$2 -> 2.875 | AL5: =R5-R5*AL$2 -> 81.625 | AM5: =V5+AO5 -> 431.51538 | AO5: =(K5-AE5)+(L5-AF5)+(M5-AG5)+(N5-AH5)+(O5-AI5)+(P5-AJ5)+(Q5-AK5)+(R5-AL5) -> 404.67917 | AQ5: =SUM(AD5,S5,T5,U5,AM5) -> 3104.143 | AR5: =J5 -> 3104.143 | AS5: =AR5-AQ5 -> 4.3699993e-07
A6: 142 | B6: 570142 | C6: 203 | D6: 514.89381 | E6: 2.5364227 | F6: 135.8 | G6: 0.2 | H6: 5.8 | I6: 129.8 | J6: 452.16691 | K6: 0 | L6: 0.16666667 | M6: 5.5 | N6: 0.33333333 | O6: 10.5 | P6: 91 | Q6: 0.16666667 | R6: 28.166667 | S6: 10.534701 | T6: 0 | U6: 293.29666 | V6: 12.502212 | W6: 60843 | X6: 0 | Y6: 0 | Z6: 0 | AA6: 57 | AB6: WEBER | AD6: =SUM(AE6:AL6) -> 101.49583 | AE6: =K6-K6*AE$2 -> 0 | AF6: =L6-L6*AF$2 -> 0.15416667 | AG6: =M6-M6*AG$2 -> 5.225 | AH6: =N6-N6*AH$2 -> 0.31666667 | AI6: =O6-O6*AI$2 -> 6.3 | AJ6: =P6-P6*AJ$2 -> 68.25 | AK6: =Q6-Q6*AK$2 -> 0.125 | AL6: =R6-R6*AL$2 -> 21.125 | AM6: =V6+AO6 -> 46.839712 | AO6: =(K6-AE6)+(L6-AF6)+(M6-AG6)+(N6-AH6)+(O6-AI6)+(P6-AJ6)+(Q6-AK6)+(R6-AL6) -> 34.3375 | AQ6: =SUM(AD6,S6,T6,U6,AM6) -> 452.16691 | AR6: =J6 -> 452.16691 | AS6: =AR6-AQ6 -> 2.9999683e-09
A7: 143 | B7: 570143 | C7: 128.16667 | D7: 352.53669 | E7: 2.7506114 | F7: 0.5 | G7: 0.2 | H7: 0 | I7: 0.3 | J7: 148.70787 | K7: 0 | L7: 0.16666667 | M7: 0 | N7: 0 | O7: 0 | P7: 0 | Q7: 0.16666667 | R7: 0.16666667 | S7: 17.39265 | T7: 0 | U7: 122.81423 | V7: 8.0009904 | W7: 60843 | X7: 0 | Y7: 0 | Z7: 0 | AA7: 57 | AB7: WEBER | AD7: =SUM(AE7:AL7) -> 0.40416667 | AE7: =K7-K7*AE$2 -> 0 | AF7: =L7-L7*AF$2 -> 0.15416667 | AG7: =M7-M7*AG$2 -> 0 | AH7: =N7-N7*AH$2 -> 0 | AI7: =O7-O7*AI$2 -> 0 | AJ7: =P7-P7*AJ$2 -> 0 | AK7: =Q7-Q7*AK$2 -> 0.125 | AL7: =R7-R7*AL$2 -> 0.125 | AM7: =V7+AO7 -> 8.0968237 | AO7: =(K7-AE7)+(L7-AF7)+(M7-AG7)+(N7-AH7)+(O7-AI7)+(P7-AJ7)+(Q7-AK7)+(R7-AL7) -> 0.095833334 | AQ7: =SUM(AD7,S7,T7,U7,AM7) -> 148.70787 | AR7: =J7 -> 148.70787 | AS7: =AR7-AQ7 -> 1.3000005e-08
A8: 144 | B8: 570144 | C8: 64.833333 | D8: 163.40296 | E8: 2.5203541 | F8: 0 | G8: 0 | H8: 0 | I8: 0 | J8: 22.033333 | K8: 0 | L8: 0 | M8: 0 | N8: 0 | O8: 0 | P8: 0 | Q8: 0 | R8: 0 | S8: 10.20136 | T8: 0 | U8: 7.8313907 | V8: 4.0005824 | W8: 66989 | X8: 0 | Y8: 0 | Z8: 0 | AA8: 57 | AB8: WEBER | AD8: =SUM(AE8:AL8) -> 0 | AE8: =K8-K8*AE$2 -> 0 | AF8: =L8-L8*AF$2 -> 0 | AG8: =M8-M8*AG$2 -> 0 | AH8: =N8-N8*AH$2 -> 0 | AI8: =O8-O8*AI$2 -> 0 | AJ8: =P8-P8*AJ$2 -> 0 | AK8: =Q8-Q8*AK$2 -> 0 | AL8: =R8-R8*AL$2 -> 0 | AM8: =V8+AO8 -> 4.0005824 | AO8: =(K8-AE8)+(L8-AF8)+(M8-AG8)+(N8-AH8)+(O8-AI8)+(P8-AJ8)+(Q8-AK8)+(R8-AL8) -> 0 | AQ8: =SUM(AD8,S8,T8,U8,AM8) -> 22.033333 | AR8: =J8 -> 22.033333 | AS8: =AR8-AQ8 -> -1.0000001e-09
A9: 145 | B9: 570145 | C9: 497 | D9: 1316.556 | E9: 2.6490059 | F9: 0 | G9: 0 | H9: 0 | I9: 0 | J9: 141.17661 | K9: 0 | L9: 0 | M9: 0 | N9: 0 | O9: 0 | P9: 0 | Q9: 0 | R9: 0 | S9: 6.6884907 | T9: 0 | U9: 103.65086 | V9: 30.837256 | W9: 66989 | X9: 0 | Y9: 0 | Z9: 0 | AA9: 57 | AB9: WEBER | AD9: =SUM(AE9:AL9) -> 0 | AE9: =K9-K9*AE$2 -> 0 | AF9: =L9-L9*AF$2 -> 0 | AG9: =M9-M9*AG$2 -> 0 | AH9: =N9-N9*AH$2 -> 0 | AI9: =O9-O9*AI$2 -> 0 | AJ9: =P9-P9*AJ$2 -> 0 | AK9: =Q9-Q9*AK$2 -> 0 | AL9: =R9-R9*AL$2 -> 0 | AM9: =V9+AO9 -> 30.837256 | AO9: =(K9-AE9)+(L9-AF9)+(M9-AG9)+(N9-AH9)+(O9-AI9)+(P9-AJ9)+(Q9-AK9)+(R9-AL9) -> 0 | AQ9: =SUM(AD9,S9,T9,U9,AM9) -> 141.17661 | AR9: =J9 -> 141.17661 | AS9: =AR9-AQ9 -> -1.600003e-08
A10: 146 | B10: 570146 | C10: 294.5 | D10: 769.12609 | E10: 2.6116336 | F10: 2.3 | G10: 0 | H10: 0.3 | I10: 2 | J10: 31.017479 | K10: 0 | L10: 0 | M10: 0.16666667 | N10: 0.16666667 | O10: 0.16666667 | P10: 0.66666667 | Q10: 1 | R10: 0.16666667 | S10: 4.6823386 | T10: 0 | U10: 5.832423 | V10: 18.169384 | W10: 66989 | X10: 0 | Y10: 0 | Z10: 0 | AA10: 57 | AB10: WEBER | AD10: =SUM(AE10:AL10) -> 1.7916667 | AE10: =K10-K10*AE$2 -> 0 | AF10: =L10-L10*AF$2 -> 0 | AG10: =M10-M10*AG$2 -> 0.15833333 | AH10: =N10-N10*AH$2 -> 0.15833333 | AI10: =O10-O10*AI$2 -> 0.1 | AJ10: =P10-P10*AJ$2 -> 0.5 | AK10: =Q10-Q10*AK$2 -> 0.75 | AL10: =R10-R10*AL$2 -> 0.125 | AM10: =V10+AO10 -> 18.711051 | AO10: =(K10-AE10)+(L10-AF10)+(M10-AG10)+(N10-AH10)+(O10-AI10)+(P10-AJ10)+(Q10-AK10)+(R10-AL10) -> 0.54166667 | AQ10: =SUM(AD10,S10,T10,U10,AM10) -> 31.017479 | AR10: =J10 -> 31.017479 | AS10: =AR10-AQ10 -> -3.0000038e-09
A11: 147 | B11: 570147 | C11: 454.33333 | D11: 1216.0046 | E11: 2.676459 | F11: 46.7 | G11: 1.8 | H11: 2.2 | I11: 42.7 | J11: 119.35986 | K11: 0.16666667 | L11: 1.6666667 | M11: 1.8333333 | N11: 0.33333333 | O11: 7.1666667 | P11: 18.5 | Q11: 8.1666667 | R11: 8.8333333 | S11: 7.3574029 | T11: 0 | U11: 37.165824 | V11: 28.169968 | W11: 66989 | X11: 0 | Y11: 0 | Z11: 0 | AA11: 57 | AB11: WEBER | AD11: =SUM(AE11:AL11) -> 34.679167 | AE11: =K11-K11*AE$2 -> 0.15416667 | AF11: =L11-L11*AF$2 -> 1.5416667 | AG11: =M11-M11*AG$2 -> 1.7416667 | AH11: =N11-N11*AH$2 -> 0.31666667 | AI11: =O11-O11*AI$2 -> 4.3 | AJ11: =P11-P11*AJ$2 -> 13.875 | AK11: =Q11-Q11*AK$2 -> 6.125 | AL11: =R11-R11*AL$2 -> 6.625 | AM11: =V11+AO11 -> 40.157468 | AO11: =(K11-AE11)+(L11-AF11)+(M11-AG11)+(N11-AH11)+(O11-AI11)+(P11-AJ11)+(Q11-AK11)+(R11-AL11) -> 11.9875 | AQ11: =SUM(AD11,S11,T11,U11,AM11) -> 119.35986 | AR11: =J11 -> 119.35986 | AS11: =AR11-AQ11 -> 1.4999998e-08
A12: 148 | B12: 570148 | C12: 489.66667 | D12: 1293.0397 | E12: 2.6406528 | F12: 219.7 | G12: 15 | H12: 9.8 | I12: 194.8 | J12: 438.18102 | K12: 13.666667 | L12: 1.3333333 | M12: 0.83333333 | N12: 9 | O12: 8.3333333 | P12: 162.5 | Q12: 8.3333333 | R12: 15.666667 | S12: 3.0100726 | T12: 0 | U12: 185.16737 | V12: 30.336907 | W12: 82188 | X12: 0 | Y12: 0 | Z12: 0 | AA12: 57 | AB12: WEBER | AD12: =SUM(AE12:AL12) -> 168.09167 | AE12: =K12-K12*AE$2 -> 12.641667 | AF12: =L12-L12*AF$2 -> 1.2333333 | AG12: =M12-M12*AG$2 -> 0.79166667 | AH12: =N12-N12*AH$2 -> 8.55 | AI12: =O12-O12*AI$2 -> 5 | AJ12: =P12-P12*AJ$2 -> 121.875 | AK12: =Q12-Q12*AK$2 -> 6.25 | AL12: =R12-R12*AL$2 -> 11.75 | AM12: =V12+AO12 -> 81.911907 | AO12: =(K12-AE12)+(L12-AF12)+(M12-AG12)+(N12-AH12)+(O12-AI12)+(P12-AJ12)+(Q12-AK12)+(R12-AL12) -> 51.575 | AQ12: =SUM(AD12,S12,T12,U12,AM12) -> 438.18102 | AR12: =J12 -> 438.18102 | AS12: =AR12-AQ12 -> -6.4000005e-08
A13: 149 | B13: 570149 | C13: 615.16667 | D13: 1680.2138 | E13: 2.7313148 | F13: 54.7 | G13: 0.7 | H13: 0.5 | I13: 53.5 | J13: 170.3404 | K13: 0.5 | L13: 0.16666667 | M13: 0.5 | N13: 0 | O13: 22.666667 | P13: 7.3333333 | Q13: 2.8333333 | R13: 20.666667 | S13: 5.8534805 | T13: 0 | U13: 71.815595 | V13: 38.00466 | W13: 82191 | X13: 0 | Y13: 0 | Z13: 0 | AA13: 57 | AB13: WEBER | AD13: =SUM(AE13:AL13) -> 37.816667 | AE13: =K13-K13*AE$2 -> 0.4625 | AF13: =L13-L13*AF$2 -> 0.15416667 | AG13: =M13-M13*AG$2 -> 0.475 | AH13: =N13-N13*AH$2 -> 0 | AI13: =O13-O13*AI$2 -> 13.6 | AJ13: =P13-P13*AJ$2 -> 5.5 | AK13: =Q13-Q13*AK$2 -> 2.125 | AL13: =R13-R13*AL$2 -> 15.5 | AM13: =V13+AO13 -> 54.85466 | AO13: =(K13-AE13)+(L13-AF13)+(M13-AG13)+(N13-AH13)+(O13-AI13)+(P13-AJ13)+(Q13-AK13)+(R13-AL13) -> 16.85 | AQ13: =SUM(AD13,S13,T13,U13,AM13) -> 170.3404 | AR13: =J13 -> 170.3404 | AS13: =AR13-AQ13 -> -4.5999997e-08
A14: 150 | B14: 570150 | C14: 596.16667 | D14: 1766.2474 | E14: 2.9626738 | F14: 531 | G14: 142.7 | H14: 108.7 | I14: 279.7 | J14: 583.83368 | K14: 138 | L14: 4.6666667 | M14: 9.1666667 | N14: 99.5 | O14: 10.166667 | P14: 148 | Q14: 1.1666667 | R14: 120.33333 | S14: 0 | T14: 0 | U14: 15.996137 | V14: 36.837548 | W14: 82684 | X14: 0 | Y14: 0 | Z14: 0 | AA14: 57 | AB14: WEBER | AD14: =SUM(AE14:AL14) -> 443.425 | AE14: =K14-K14*AE$2 -> 127.65 | AF14: =L14-L14*AF$2 -> 4.3166667 | AG14: =M14-M14*AG$2 -> 8.7083333 | AH14: =N14-N14*AH$2 -> 94.525 | AI14: =O14-O14*AI$2 -> 6.1 | AJ14: =P14-P14*AJ$2 -> 111 | AK14: =Q14-Q14*AK$2 -> 0.875 | AL14: =R14-R14*AL$2 -> 90.25 | AM14: =V14+AO14 -> 124.41255 | AO14: =(K14-AE14)+(L14-AF14)+(M14-AG14)+(N14-AH14)+(O14-AI14)+(P14-AJ14)+(Q14-AK14)+(R14-AL14) -> 87.575 | AQ14: =SUM(AD14,S14,T14,U14,AM14) -> 583.83368 | AR14: =J14 -> 583.83368 | AS14: =AR14-AQ14 -> 7.9000074e-08
A15: 151 | B15: 570151 | C15: 344.66667 | D15: 984.3008 | E15: 2.855805 | F15: 184.2 | G15: 21.2 | H15: 18.8 | I15: 144.2 | J15: 321.48968 | K15: 15.166667 | L15: 6 | M15: 1.3333333 | N15: 17.5 | O15: 7 | P15: 103 | Q15: 12.5 | R15: 21.666667 | S15: 1.0033575 | T15: 0 | U15: 114.98362 | V15: 21.336032 | W15: 82427 | X15: 921 | Y15: 0 | Z15: 0 | AA15: 57 | AB15: WEBER | AD15: =SUM(AE15:AL15) -> 144.54583 | AE15: =K15-K15*AE$2 -> 14.029167 | AF15: =L15-L15*AF$2 -> 5.55 | AG15: =M15-M15*AG$2 -> 1.2666667 | AH15: =N15-N15*AH$2 -> 16.625 | AI15: =O15-O15*AI$2 -> 4.2 | AJ15: =P15-P15*AJ$2 -> 77.25 | AK15: =Q15-Q15*AK$2 -> 9.375 | AL15: =R15-R15*AL$2 -> 16.25 | AM15: =V15+AO15 -> 60.956865 | AO15: =(K15-AE15)+(L15-AF15)+(M15-AG15)+(N15-AH15)+(O15-AI15)+(P15-AJ15)+(Q15-AK15)+(R15-AL15) -> 39.620833 | AQ15: =SUM(AD15,S15,T15,U15,AM15) -> 321.48968 | AR15: =J15 -> 321.48968 | AS15: =AR15-AQ15 -> -8.0000007e-08
A16: 152 | B16: 570152 | C16: 740.16667 | D16: 2061.4447 | E16: 2.7851088 | F16: 82.3 | G16: 0 | H16: 16.7 | I16: 65.7 | J16: 205.16642 | K16: 0 | L16: 0 | M16: 14.333333 | N16: 2.3333333 | O16: 4.3333333 | P16: 26 | Q16: 20.333333 | R16: 15 | S16: 1.1708617 | T16: 0 | U16: 75.656921 | V16: 46.005302 | W16: 82684 | X16: 0 | Y16: 1163 | Z16: 0 | AA16: 57 | AB16: WEBER | AD16: =SUM(AE16:AL16) -> 64.433333 | AE16: =K16-K16*AE$2 -> 0 | AF16: =L16-L16*AF$2 -> 0 | AG16: =M16-M16*AG$2 -> 13.616667 | AH16: =N16-N16*AH$2 -> 2.2166667 | AI16: =O16-O16*AI$2 -> 2.6 | AJ16: =P16-P16*AJ$2 -> 19.5 | AK16: =Q16-Q16*AK$2 -> 15.25 | AL16: =R16-R16*AL$2 -> 11.25 | AM16: =V16+AO16 -> 63.905302 | AO16: =(K16-AE16)+(L16-AF16)+(M16-AG16)+(N16-AH16)+(O16-AI16)+(P16-AJ16)+(Q16-AK16)+(R16-AL16) -> 17.9 | AQ16: =SUM(AD16,S16,T16,U16,AM16) -> 205.16642 | AR16: =J16 -> 205.16642 | AS16: =AR16-AQ16 -> -2.0999977e-08
... A2727: 2873 | B2727: 492873 | C2727: 1 | D2727: 2.260477 | E2727: 2.260477 | F2727: 0 | G2727: 0 | H2727: 0 | I2727: 0 | J2727: 0 | K2727: 0 | L2727: 0 | M2727: 0 | N2727: 0 | O2727: 0 | P2727: 0 | Q2727: 0 | R2727: 0 | S2727: 0 | T2727: 0 | U2727: 0 | V2727: 0 | W2727: 101374 | X2727: 0 | Y2727: 0 | Z2727: 0 | AA2727: 49 | AB2727: UTAH | AD2727: =SUM(AE2727:AL2727) -> 0 | AE2727: =K2727-K2727*AE$2 -> 0 | AF2727: =L2727-L2727*AF$2 -> 0 | AG2727: =M2727-M2727*AG$2 -> 0 | AH2727: =N2727-N2727*AH$2 -> 0 | AI2727: =O2727-O2727*AI$2 -> 0 | AJ2727: =P2727-P2727*AJ$2 -> 0 | AK2727: =Q2727-Q2727*AK$2 -> 0 | AL2727: =R2727-R2727*AL$2 -> 0 | AM2727: =V2727+AO2727 -> 0 | AO2727: =(K2727-AE2727)+(L2727-AF2727)+(M2727-AG2727)+(N2727-AH2727)+(O2727-AI2727)+(P2727-AJ2727)+(Q2727-AK2727)+(R2727-AL2727) -> 0 | AQ2727: =SUM(AD2727,S2727,T2727,U2727,AM2727) -> 0 | AR2727: =J2727 -> 0 | AS2727: =AR2727-AQ2727 -> 0
