Workbook

Sheet Compare_ACS_5Yr_1Yr
A1: Share of Workers Who Worked At Home (Compare 5-Year & 1-Year ACS)
AA5: Share of Workers that Worked at Home | AM5: Margin of Error - Worked at Home | AY5: 5-Year ACS
AA6: Wasatch Front | AM6: Wasatch Front | AY6: Share of Workers that Worked at Home
AB7: 2010 | AC7: 2011 | AD7: 2012 | AE7: 2013 | AF7: 2014 | AG7: 2015 | AH7: 2016 | AI7: 2017 | AJ7: 2018 | AK7: 2019 | AN7: 2010 | AO7: 2011 | AP7: 2012 | AQ7: 2013 | AR7: 2014 | AS7: 2015 | AT7: 2016 | AU7: 2017 | AV7: 2018 | AW7: 2019 | AZ7: 2010 | BA7: 2011 | BB7: 2012 | BC7: 2013 | BD7: 2014 | BE7: 2015 | BF7: 2016 | BG7: 2017 | BH7: 2018 | BI7: 2019
AA8: 5-Year ACS | AB8: =VLOOKUP($AA6, $AY$8:$BI$14, COLUMNS($AY$7:AZ$7), FALSE) -> 0.046040703 | AC8: =VLOOKUP($AA6, $AY$8:$BI$14, COLUMNS($AY$7:BA$7), FALSE) -> 0.046933978 | AD8: =VLOOKUP($AA6, $AY$8:$BI$14, COLUMNS($AY$7:BB$7), FALSE) -> 0.045984966 | AE8: =VLOOKUP($AA6, $AY$8:$BI$14, COLUMNS($AY$7:BC$7), FALSE) -> 0.047455799 | AF8: =VLOOKUP($AA6, $AY$8:$BI$14, COLUMNS($AY$7:BD$7), FALSE) -> 0.048848668 | AG8: =VLOOKUP($AA6, $AY$8:$BI$14, COLUMNS($AY$7:BE$7), FALSE) -> 0.051658859 | AH8: =VLOOKUP($AA6, $AY$8:$BI$14, COLUMNS($AY$7:BF$7), FALSE) -> 0.053139977 | AI8: =VLOOKUP($AA6, $AY$8:$BI$14, COLUMNS($AY$7:BG$7), FALSE) -> 0.057194228 | ... AK8: =VLOOKUP($AA6, $AY$8:$BI$14, COLUMNS($AY$7:BI$7), FALSE) -> 0.06316136 | AM8: 5-Year ACS | AN8: =VLOOKUP($AM6, $AY$18:$BI$24, COLUMNS($AY$17:AZ$17), FALSE) -> 0.056180297 | AO8: =VLOOKUP($AM6, $AY$18:$BI$24, COLUMNS($AY$17:BA$17), FALSE) -> 0.060317745 | AP8: =VLOOKUP($AM6, $AY$18:$BI$24, COLUMNS($AY$17:BB$17), FALSE) -> 0.060490512 | AQ8: =VLOOKUP($AM6, $AY$18:$BI$24, COLUMNS($AY$17:BC$17), FALSE) -> 0.057796573 | AR8: =VLOOKUP($AM6, $AY$18:$BI$24, COLUMNS($AY$17:BD$17), FALSE) -> 0.055966144 | AS8: =VLOOKUP($AM6, $AY$18:$BI$24, COLUMNS($AY$17:BE$17), FALSE) -> 0.061544292 | AT8: =VLOOKUP($AM6, $AY$18:$BI$24, COLUMNS($AY$17:BF$17), FALSE) -> 0.053258145 | AU8: =VLOOKUP($AM6, $AY$18:$BI$24, COLUMNS($AY$17:BG$17), FALSE) -> 0.051783864 | ... AW8: =VLOOKUP($AM6, $AY$18:$BI$24, COLUMNS($AY$17:BI$17), FALSE) -> 0.054222947 | AY8: Wasatch Front | AZ8: =Summary!BG7 -> 0.046040703 | BA8: =Summary!BH7 -> 0.046933978 | BB8: =Summary!BI7 -> 0.045984966 | BC8: =Summary!BJ7 -> 0.047455799 | BD8: =Summary!BK7 -> 0.048848668 | BE8: =Summary!BL7 -> 0.051658859 | BF8: =Summary!BM7 -> 0.053139977 | BG8: =Summary!BN7 -> 0.057194228 | ... BI8: =Summary!BP7 -> 0.06316136
AA9: 1-Year ACS | AB9: =VLOOKUP($AA6, $AY$30:$BI$36, COLUMNS($AY$29:AZ$29), FALSE) -> 0.042651351 | AC9: =VLOOKUP($AA6, $AY$30:$BI$36, COLUMNS($AY$29:BA$29), FALSE) -> 0.047216212 | AD9: =VLOOKUP($AA6, $AY$30:$BI$36, COLUMNS($AY$29:BB$29), FALSE) -> 0.047348698 | AE9: =VLOOKUP($AA6, $AY$30:$BI$36, COLUMNS($AY$29:BC$29), FALSE) -> 0.051169945 | AF9: =VLOOKUP($AA6, $AY$30:$BI$36, COLUMNS($AY$29:BD$29), FALSE) -> 0.056006562 | AG9: =VLOOKUP($AA6, $AY$30:$BI$36, COLUMNS($AY$29:BE$29), FALSE) -> 0.056594397 | AH9: =VLOOKUP($AA6, $AY$30:$BI$36, COLUMNS($AY$29:BF$29), FALSE) -> 0.057802638 | AI9: =VLOOKUP($AA6, $AY$30:$BI$36, COLUMNS($AY$29:BG$29), FALSE) -> 0.066791542 | ... AK9: =VLOOKUP($AA6, $AY$30:$BI$36, COLUMNS($AY$29:BI$29), FALSE) -> 0.070460042 | AM9: 1-Year ACS | AN9: =VLOOKUP($AM6, $AY$40:$BI$46, COLUMNS($AY$39:AZ$39), FALSE) -> 0.14514908 | AO9: =VLOOKUP($AM6, $AY$40:$BI$46, COLUMNS($AY$39:BA$39), FALSE) -> 0.16064697 | AP9: =VLOOKUP($AM6, $AY$40:$BI$46, COLUMNS($AY$39:BB$39), FALSE) -> 0.12923194 | AQ9: =VLOOKUP($AM6, $AY$40:$BI$46, COLUMNS($AY$39:BC$39), FALSE) -> 0.12939356 | AR9: =VLOOKUP($AM6, $AY$40:$BI$46, COLUMNS($AY$39:BD$39), FALSE) -> 0.11763703 | AS9: =VLOOKUP($AM6, $AY$40:$BI$46, COLUMNS($AY$39:BE$39), FALSE) -> 0.12220369 | AT9: =VLOOKUP($AM6, $AY$40:$BI$46, COLUMNS($AY$39:BF$39), FALSE) -> 0.11699057 | AU9: =VLOOKUP($AM6, $AY$40:$BI$46, COLUMNS($AY$39:BG$39), FALSE) -> 0.12476978 | ... AW9: =VLOOKUP($AM6, $AY$40:$BI$46, COLUMNS($AY$39:BI$39), FALSE) -> 0.11396312 | AY9: Weber | AZ9: =Summary!BG8 -> 0.031489478 | BA9: =Summary!BH8 -> 0.03423657 | BB9: =Summary!BI8 -> 0.032300393 | BC9: =Summary!BJ8 -> 0.033006032 | BD9: =Summary!BK8 -> 0.035722947 | BE9: =Summary!BL8 -> 0.041130466 | BF9: =Summary!BM8 -> 0.041244982 | BG9: =Summary!BN8 -> 0.046252189 | ... BI9: =Summary!BP8 -> 0.054330715
AA10: Difference | AB10: =AB9-AB8 -> -0.0033893514 | AC10: =AC9-AC8 -> 0.00028223355 | AD10: =AD9-AD8 -> 0.0013637322 | AE10: =AE9-AE8 -> 0.0037141462 | AF10: =AF9-AF8 -> 0.0071578938 | AG10: =AG9-AG8 -> 0.0049355379 | AH10: =AH9-AH8 -> 0.0046626607 | AI10: =AI9-AI8 -> 0.0095973146 | ... AK10: =AK9-AK8 -> 0.007298682 | AM10: Difference | AN10: =AN9-AN8 -> 0.088968787 | AO10: =AO9-AO8 -> 0.10032923 | AP10: =AP9-AP8 -> 0.068741423 | AQ10: =AQ9-AQ8 -> 0.071596985 | AR10: =AR9-AR8 -> 0.061670886 | AS10: =AS9-AS8 -> 0.060659397 | AT10: =AT9-AT8 -> 0.063732423 | AU10: =AU9-AU8 -> 0.072985915 | ... AW10: =AW9-AW8 -> 0.059740175 | AY10: Davis | AZ10: =Summary!BG9 -> 0.044575681 | BA10: =Summary!BH9 -> 0.047153855 | BB10: =Summary!BI9 -> 0.045106261 | BC10: =Summary!BJ9 -> 0.047290962 | BD10: =Summary!BK9 -> 0.049455062 | BE10: =Summary!BL9 -> 0.052148088 | BF10: =Summary!BM9 -> 0.05199921 | BG10: =Summary!BN9 -> 0.055483498 | ... BI10: =Summary!BP9 -> 0.058858596
AA11: % Difference | AB11: =AB10/AB8 -> -0.073616413 | AC11: =AC10/AC8 -> 0.0060134164 | AD11: =AD10/AD8 -> 0.029656045 | AE11: =AE10/AE8 -> 0.078265381 | AF11: =AF10/AF8 -> 0.14653202 | AG11: =AG10/AG8 -> 0.095540979 | AH11: =AH10/AH8 -> 0.087742994 | AI11: =AI10/AI8 -> 0.16780215 | ... AK11: =AK10/AK8 -> 0.11555613 | AM11: % Difference | AN11: =AN10/AN8 -> 1.5836297 | AO11: =AO10/AO8 -> 1.6633451 | AP11: =AP10/AP8 -> 1.1364001 | AQ11: =AQ10/AQ8 -> 1.2387756 | AR11: =AR10/AR8 -> 1.101932 | AS11: =AS10/AS8 -> 0.98562183 | AT11: =AT10/AT8 -> 1.19667 | AU11: =AU10/AU8 -> 1.4094335 | ... AW11: =AW10/AW8 -> 1.1017508 | AY11: Salt Lake | AZ11: =Summary!BG10 -> 0.042931884 | BA11: =Summary!BH10 -> 0.043507812 | BB11: =Summary!BI10 -> 0.043455383 | BC11: =Summary!BJ10 -> 0.04479927 | BD11: =Summary!BK10 -> 0.046272278 | BE11: =Summary!BL10 -> 0.049433922 | BF11: =Summary!BM10 -> 0.051318901 | BG11: =Summary!BN10 -> 0.055654606 | ... BI11: =Summary!BP10 -> 0.06205852
AY12: Utah | AZ12: =Summary!BG11 -> 0.061534608 | BA12: =Summary!BH11 -> 0.060800768 | BB12: =Summary!BI11 -> 0.058871541 | BC12: =Summary!BJ11 -> 0.060458232 | BD12: =Summary!BK11 -> 0.06048057 | BE12: =Summary!BL11 -> 0.061172555 | BF12: =Summary!BM11 -> 0.063242199 | BG12: =Summary!BN11 -> 0.066567673 | ... BI12: =Summary!BP11 -> 0.071920744
AA13: Weber | AM13: Weber | AY13: State of Utah | AZ13: =Summary!BG12 -> 0.048247967 | BA13: =Summary!BH12 -> 0.048146251 | BB13: =Summary!BI12 -> 0.047170408 | BC13: =Summary!BJ12 -> 0.048242532 | BD13: =Summary!BK12 -> 0.048818053 | BE13: =Summary!BL12 -> 0.051301419 | BF13: =Summary!BM12 -> 0.053654326 | BG13: =Summary!BN12 -> 0.057712073 | ... BI13: =Summary!BP12 -> 0.065641119
AB14: 2010 | AC14: 2011 | AD14: 2012 | AE14: 2013 | AF14: 2014 | AG14: 2015 | AH14: 2016 | AI14: 2017 | AJ14: 2018 | AK14: 2019 | AN14: 2010 | AO14: 2011 | AP14: 2012 | AQ14: 2013 | AR14: 2014 | AS14: 2015 | AT14: 2016 | AU14: 2017 | AV14: 2018 | AW14: 2019 | AY14: USA | AZ14: =Summary!BG13 -> 0.041360975 | BA14: =Summary!BH13 -> 0.042224129 | BB14: =Summary!BI13 -> 0.042729813 | BC14: =Summary!BJ13 -> 0.043254384 | BD14: =Summary!BK13 -> 0.043665739 | BE14: =Summary!BL13 -> 0.044232594 | BF14: =Summary!BM13 -> 0.045672811 | BG14: =Summary!BN13 -> 0.047344292 | ... BI14: =Summary!BP13 -> 0.051713986
AA15: 5-Year ACS | AB15: =VLOOKUP($AA13, $AY$8:$BI$14, COLUMNS($AY$7:AZ$7), FALSE) -> 0.031489478 | AC15: =VLOOKUP($AA13, $AY$8:$BI$14, COLUMNS($AY$7:BA$7), FALSE) -> 0.03423657 | AD15: =VLOOKUP($AA13, $AY$8:$BI$14, COLUMNS($AY$7:BB$7), FALSE) -> 0.032300393 | AE15: =VLOOKUP($AA13, $AY$8:$BI$14, COLUMNS($AY$7:BC$7), FALSE) -> 0.033006032 | AF15: =VLOOKUP($AA13, $AY$8:$BI$14, COLUMNS($AY$7:BD$7), FALSE) -> 0.035722947 | AG15: =VLOOKUP($AA13, $AY$8:$BI$14, COLUMNS($AY$7:BE$7), FALSE) -> 0.041130466 | AH15: =VLOOKUP($AA13, $AY$8:$BI$14, COLUMNS($AY$7:BF$7), FALSE) -> 0.041244982 | AI15: =VLOOKUP($AA13, $AY$8:$BI$14, COLUMNS($AY$7:BG$7), FALSE) -> 0.046252189 | ... AK15: =VLOOKUP($AA13, $AY$8:$BI$14, COLUMNS($AY$7:BI$7), FALSE) -> 0.054330715 | AM15: 5-Year ACS | AN15: =VLOOKUP($AM13, $AY$18:$BI$24, COLUMNS($AY$17:AZ$17), FALSE) -> 0.12384188 | AO15: =VLOOKUP($AM13, $AY$18:$BI$24, COLUMNS($AY$17:BA$17), FALSE) -> 0.1062447 | AP15: =VLOOKUP($AM13, $AY$18:$BI$24, COLUMNS($AY$17:BB$17), FALSE) -> 0.11775096 | AQ15: =VLOOKUP($AM13, $AY$18:$BI$24, COLUMNS($AY$17:BC$17), FALSE) -> 0.10060536 | AR15: =VLOOKUP($AM13, $AY$18:$BI$24, COLUMNS($AY$17:BD$17), FALSE) -> 0.10391645 | AS15: =VLOOKUP($AM13, $AY$18:$BI$24, COLUMNS($AY$17:BE$17), FALSE) -> 0.11892497 | AT15: =VLOOKUP($AM13, $AY$18:$BI$24, COLUMNS($AY$17:BF$17), FALSE) -> 0.094056172 | AU15: =VLOOKUP($AM13, $AY$18:$BI$24, COLUMNS($AY$17:BG$17), FALSE) -> 0.093335858 | ... AW15: =VLOOKUP($AM13, $AY$18:$BI$24, COLUMNS($AY$17:BI$17), FALSE) -> 0.098149272
AA16: 1-Year ACS | AB16: =VLOOKUP($AA13, $AY$30:$BI$36, COLUMNS($AY$29:AZ$29), FALSE) -> 0.028318247 | AC16: =VLOOKUP($AA13, $AY$30:$BI$36, COLUMNS($AY$29:BA$29), FALSE) -> 0.038284382 | AD16: =VLOOKUP($AA13, $AY$30:$BI$36, COLUMNS($AY$29:BB$29), FALSE) -> 0.03045163 | AE16: =VLOOKUP($AA13, $AY$30:$BI$36, COLUMNS($AY$29:BC$29), FALSE) -> 0.036499328 | AF16: =VLOOKUP($AA13, $AY$30:$BI$36, COLUMNS($AY$29:BD$29), FALSE) -> 0.042279542 | AG16: =VLOOKUP($AA13, $AY$30:$BI$36, COLUMNS($AY$29:BE$29), FALSE) -> 0.052443014 | AH16: =VLOOKUP($AA13, $AY$30:$BI$36, COLUMNS($AY$29:BF$29), FALSE) -> 0.039414424 | AI16: =VLOOKUP($AA13, $AY$30:$BI$36, COLUMNS($AY$29:BG$29), FALSE) -> 0.051506727 | ... AK16: =VLOOKUP($AA13, $AY$30:$BI$36, COLUMNS($AY$29:BI$29), FALSE) -> 0.072031505 | AM16: 1-Year ACS | AN16: =VLOOKUP($AM13, $AY$40:$BI$46, COLUMNS($AY$39:AZ$39), FALSE) -> 0.29239569 | AO16: =VLOOKUP($AM13, $AY$40:$BI$46, COLUMNS($AY$39:BA$39), FALSE) -> 0.25748804 | AP16: =VLOOKUP($AM13, $AY$40:$BI$46, COLUMNS($AY$39:BB$39), FALSE) -> 0.24261796 | AQ16: =VLOOKUP($AM13, $AY$40:$BI$46, COLUMNS($AY$39:BC$39), FALSE) -> 0.24460249 | AR16: =VLOOKUP($AM13, $AY$40:$BI$46, COLUMNS($AY$39:BD$39), FALSE) -> 0.23907563 | AS16: =VLOOKUP($AM13, $AY$40:$BI$46, COLUMNS($AY$39:BE$39), FALSE) -> 0.1991863 | AT16: =VLOOKUP($AM13, $AY$40:$BI$46, COLUMNS($AY$39:BF$39), FALSE) -> 0.22983521 | AU16: =VLOOKUP($AM13, $AY$40:$BI$46, COLUMNS($AY$39:BG$39), FALSE) -> 0.22779116 | ... AW16: =VLOOKUP($AM13, $AY$40:$BI$46, COLUMNS($AY$39:BI$39), FALSE) -> 0.2147188 | AY16: Margin of Error - Workers that Worked at Home
AA17: Difference | AB17: =AB16-AB15 -> -0.0031712308 | AC17: =AC16-AC15 -> 0.0040478118 | AD17: =AD16-AD15 -> -0.0018487631 | AE17: =AE16-AE15 -> 0.0034932956 | AF17: =AF16-AF15 -> 0.0065565958 | AG17: =AG16-AG15 -> 0.011312548 | AH17: =AH16-AH15 -> -0.0018305584 | AI17: =AI16-AI15 -> 0.0052545378 | ... AK17: =AK16-AK15 -> 0.01770079 | AM17: Difference | AN17: =AN16-AN15 -> 0.16855382 | AO17: =AO16-AO15 -> 0.15124334 | AP17: =AP16-AP15 -> 0.124867 | AQ17: =AQ16-AQ15 -> 0.14399713 | AR17: =AR16-AR15 -> 0.13515918 | AS17: =AS16-AS15 -> 0.080261331 | AT17: =AT16-AT15 -> 0.13577904 | AU17: =AU16-AU15 -> 0.13445531 | ... AW17: =AW16-AW15 -> 0.11656952 | AZ17: 2010 | BA17: 2011 | BB17: 2012 | BC17: 2013 | BD17: 2014 | BE17: 2015 | BF17: 2016 | BG17: 2017 | BH17: 2018 | BI17: 2019
AA18: % Difference | AB18: =AB17/AB15 -> -0.10070763 | AC18: =AC17/AC15 -> 0.11823065 | AD18: =AD17/AD15 -> -0.05723655 | AE18: =AE17/AE15 -> 0.1058381 | AF18: =AF17/AF15 -> 0.18354017 | AG18: =AG17/AG15 -> 0.2750406 | AH18: =AH17/AH15 -> -0.044382572 | AI18: =AI17/AI15 -> 0.11360625 | ... AK18: =AK17/AK15 -> 0.32579711 | AM18: % Difference | AN18: =AN17/AN15 -> 1.3610405 | AO18: =AO17/AO15 -> 1.4235377 | AP18: =AP17/AP15 -> 1.060433 | AQ18: =AQ17/AQ15 -> 1.4313067 | AR18: =AR17/AR15 -> 1.3006524 | AS18: =AS17/AS15 -> 0.67489047 | AT18: =AT17/AT15 -> 1.4435952 | AU18: =AU17/AU15 -> 1.4405536 | ... AW18: =AW17/AW15 -> 1.1876759 | AY18: Wasatch Front | AZ18: =Summary!BT77 -> 0.056180297 | BA18: =Summary!BU77 -> 0.060317745 | BB18: =Summary!BV77 -> 0.060490512 | BC18: =Summary!BW77 -> 0.057796573 | BD18: =Summary!BX77 -> 0.055966144 | BE18: =Summary!BY77 -> 0.061544292 | BF18: =Summary!BZ77 -> 0.053258145 | BG18: =Summary!CA77 -> 0.051783864 | ... BI18: =Summary!CC77 -> 0.054222947
AY19: Weber | AZ19: =Summary!BT78 -> 0.12384188 | BA19: =Summary!BU78 -> 0.1062447 | BB19: =Summary!BV78 -> 0.11775096 | BC19: =Summary!BW78 -> 0.10060536 | BD19: =Summary!BX78 -> 0.10391645 | BE19: =Summary!BY78 -> 0.11892497 | BF19: =Summary!BZ78 -> 0.094056172 | BG19: =Summary!CA78 -> 0.093335858 | ... BI19: =Summary!CC78 -> 0.098149272
AA20: Davis | AM20: Davis | AY20: Davis | AZ20: =Summary!BT79 -> 0.065908331 | BA20: =Summary!BU79 -> 0.087662338 | BB20: =Summary!BV79 -> 0.080406801 | BC20: =Summary!BW79 -> 0.072243917 | BD20: =Summary!BX79 -> 0.071348156 | BE20: =Summary!BY79 -> 0.076624385 | BF20: =Summary!BZ79 -> 0.074360274 | BG20: =Summary!CA79 -> 0.076727231 | ... BI20: =Summary!CC79 -> 0.073480777
AB21: 2010 | AC21: 2011 | AD21: 2012 | AE21: 2013 | AF21: 2014 | AG21: 2015 | AH21: 2016 | AI21: 2017 | AJ21: 2018 | AK21: 2019 | AN21: 2010 | AO21: 2011 | AP21: 2012 | AQ21: 2013 | AR21: 2014 | AS21: 2015 | AT21: 2016 | AU21: 2017 | AV21: 2018 | AW21: 2019 | AY21: Salt Lake | AZ21: =Summary!BT80 -> 0.041286583 | BA21: =Summary!BU80 -> 0.042960759 | BB21: =Summary!BV80 -> 0.049953959 | BC21: =Summary!BW80 -> 0.048127158 | BD21: =Summary!BX80 -> 0.046210176 | BE21: =Summary!BY80 -> 0.049852699 | BF21: =Summary!BZ80 -> 0.045008448 | BG21: =Summary!CA80 -> 0.042487983 | ... BI21: =Summary!CC80 -> 0.045882971
AA22: 5-Year ACS | AB22: =VLOOKUP($AA20, $AY$8:$BI$14, COLUMNS($AY$7:AZ$7), FALSE) -> 0.044575681 | AC22: =VLOOKUP($AA20, $AY$8:$BI$14, COLUMNS($AY$7:BA$7), FALSE) -> 0.047153855 | AD22: =VLOOKUP($AA20, $AY$8:$BI$14, COLUMNS($AY$7:BB$7), FALSE) -> 0.045106261 | AE22: =VLOOKUP($AA20, $AY$8:$BI$14, COLUMNS($AY$7:BC$7), FALSE) -> 0.047290962 | AF22: =VLOOKUP($AA20, $AY$8:$BI$14, COLUMNS($AY$7:BD$7), FALSE) -> 0.049455062 | AG22: =VLOOKUP($AA20, $AY$8:$BI$14, COLUMNS($AY$7:BE$7), FALSE) -> 0.052148088 | AH22: =VLOOKUP($AA20, $AY$8:$BI$14, COLUMNS($AY$7:BF$7), FALSE) -> 0.05199921 | AI22: =VLOOKUP($AA20, $AY$8:$BI$14, COLUMNS($AY$7:BG$7), FALSE) -> 0.055483498 | ... AK22: =VLOOKUP($AA20, $AY$8:$BI$14, COLUMNS($AY$7:BI$7), FALSE) -> 0.058858596 | AM22: 5-Year ACS | AN22: =VLOOKUP($AM20, $AY$18:$BI$24, COLUMNS($AY$17:AZ$17), FALSE) -> 0.065908331 | AO22: =VLOOKUP($AM20, $AY$18:$BI$24, COLUMNS($AY$17:BA$17), FALSE) -> 0.087662338 | AP22: =VLOOKUP($AM20, $AY$18:$BI$24, COLUMNS($AY$17:BB$17), FALSE) -> 0.080406801 | AQ22: =VLOOKUP($AM20, $AY$18:$BI$24, COLUMNS($AY$17:BC$17), FALSE) -> 0.072243917 | AR22: =VLOOKUP($AM20, $AY$18:$BI$24, COLUMNS($AY$17:BD$17), FALSE) -> 0.071348156 | AS22: =VLOOKUP($AM20, $AY$18:$BI$24, COLUMNS($AY$17:BE$17), FALSE) -> 0.076624385 | AT22: =VLOOKUP($AM20, $AY$18:$BI$24, COLUMNS($AY$17:BF$17), FALSE) -> 0.074360274 | AU22: =VLOOKUP($AM20, $AY$18:$BI$24, COLUMNS($AY$17:BG$17), FALSE) -> 0.076727231 | ... AW22: =VLOOKUP($AM20, $AY$18:$BI$24, COLUMNS($AY$17:BI$17), FALSE) -> 0.073480777 | AY22: Utah | AZ22: =Summary!BT81 -> 0.059016907 | BA22: =Summary!BU81 -> 0.062916699 | BB22: =Summary!BV81 -> 0.053442801 | BC22: =Summary!BW81 -> 0.055833396 | BD22: =Summary!BX81 -> 0.051517136 | BE22: =Summary!BY81 -> 0.056897626 | BF22: =Summary!BZ81 -> 0.04525585 | BG22: =Summary!CA81 -> 0.043070717 | ... BI22: =Summary!CC81 -> 0.045463689
AA23: 1-Year ACS | AB23: =VLOOKUP($AA20, $AY$30:$BI$36, COLUMNS($AY$29:AZ$29), FALSE) -> 0.039490417 | AC23: =VLOOKUP($AA20, $AY$30:$BI$36, COLUMNS($AY$29:BA$29), FALSE) -> 0.047190329 | AD23: =VLOOKUP($AA20, $AY$30:$BI$36, COLUMNS($AY$29:BB$29), FALSE) -> 0.046062039 | AE23: =VLOOKUP($AA20, $AY$30:$BI$36, COLUMNS($AY$29:BC$29), FALSE) -> 0.045401095 | AF23: =VLOOKUP($AA20, $AY$30:$BI$36, COLUMNS($AY$29:BD$29), FALSE) -> 0.065840263 | AG23: =VLOOKUP($AA20, $AY$30:$BI$36, COLUMNS($AY$29:BE$29), FALSE) -> 0.059433135 | AH23: =VLOOKUP($AA20, $AY$30:$BI$36, COLUMNS($AY$29:BF$29), FALSE) -> 0.046643415 | AI23: =VLOOKUP($AA20, $AY$30:$BI$36, COLUMNS($AY$29:BG$29), FALSE) -> 0.067344885 | ... AK23: =VLOOKUP($AA20, $AY$30:$BI$36, COLUMNS($AY$29:BI$29), FALSE) -> 0.072788694 | AM23: 1-Year ACS | AN23: =VLOOKUP($AM20, $AY$40:$BI$46, COLUMNS($AY$39:AZ$39), FALSE) -> 0.1920904 | AO23: =VLOOKUP($AM20, $AY$40:$BI$46, COLUMNS($AY$39:BA$39), FALSE) -> 0.18988478 | AP23: =VLOOKUP($AM20, $AY$40:$BI$46, COLUMNS($AY$39:BB$39), FALSE) -> 0.20880597 | AQ23: =VLOOKUP($AM20, $AY$40:$BI$46, COLUMNS($AY$39:BC$39), FALSE) -> 0.16671628 | AR23: =VLOOKUP($AM20, $AY$40:$BI$46, COLUMNS($AY$39:BD$39), FALSE) -> 0.19061166 | AS23: =VLOOKUP($AM20, $AY$40:$BI$46, COLUMNS($AY$39:BE$39), FALSE) -> 0.16666667 | AT23: =VLOOKUP($AM20, $AY$40:$BI$46, COLUMNS($AY$39:BF$39), FALSE) -> 0.18131286 | AU23: =VLOOKUP($AM20, $AY$40:$BI$46, COLUMNS($AY$39:BG$39), FALSE) -> 0.18311127 | ... AW23: =VLOOKUP($AM20, $AY$40:$BI$46, COLUMNS($AY$39:BI$39), FALSE) -> 0.16476243 | AY23: State of Utah | AZ23: =Summary!BT82 -> 0.022597235 | BA23: =Summary!BU82 -> 0.025329451 | BB23: =Summary!BV82 -> 0.028477417 | BC23: =Summary!BW82 -> 0.026962519 | BD23: =Summary!BX82 -> 0.0254948 | BE23: =Summary!BY82 -> 0.027069335 | BF23: =Summary!BZ82 -> 0.027488243 | BG23: =Summary!CA82 -> 0.024113916 | ... BI23: =Summary!CC82 -> 0.024826493
AA24: Difference | AB24: =AB23-AB22 -> -0.0050852635 | AC24: =AC23-AC22 -> 3.6473786e-05 | AD24: =AD23-AD22 -> 0.0009557784 | AE24: =AE23-AE22 -> -0.0018898675 | AF24: =AF23-AF22 -> 0.016385201 | AG24: =AG23-AG22 -> 0.0072850464 | AH24: =AH23-AH22 -> -0.0053557946 | AI24: =AI23-AI22 -> 0.011861387 | ... AK24: =AK23-AK22 -> 0.013930098 | AM24: Difference | AN24: =AN23-AN22 -> 0.12618206 | AO24: =AO23-AO22 -> 0.10222244 | AP24: =AP23-AP22 -> 0.12839917 | AQ24: =AQ23-AQ22 -> 0.094472368 | AR24: =AR23-AR22 -> 0.11926351 | AS24: =AS23-AS22 -> 0.090042281 | AT24: =AT23-AT22 -> 0.10695259 | AU24: =AU23-AU22 -> 0.10638404 | ... AW24: =AW23-AW22 -> 0.091281653 | AY24: USA | AZ24: =Summary!BT83 -> 0.0034182193 | BA24: =Summary!BU83 -> 0.0032969041 | BB24: =Summary!BV83 -> 0.0027047513 | BC24: =Summary!BW83 -> 0.0035140005 | BD24: =Summary!BX83 -> 0.003179083 | BE24: =Summary!BY83 -> 0.0028370449 | BF24: =Summary!BZ83 -> 0.0029051807 | BG24: =Summary!CA83 -> 0.0028748856 | ... BI24: =Summary!CC83 -> 0.0034492293
AA25: % Difference | AB25: =AB24/AB22 -> -0.11408157 | AC25: =AC24/AC22 -> 0.00077350593 | AD25: =AD24/AD22 -> 0.021189484 | AE25: =AE24/AE22 -> -0.039962551 | AF25: =AF24/AF22 -> 0.33131494 | AG25: =AG24/AG22 -> 0.1396992 | AH25: =AH24/AH22 -> -0.10299762 | AI25: =AI24/AI22 -> 0.21378224 | ... AK25: =AK24/AK22 -> 0.23667059 | AM25: % Difference | AN25: =AN24/AN22 -> 1.9145086 | AO25: =AO24/AO22 -> 1.1660931 | AP25: =AP24/AP22 -> 1.5968695 | AQ25: =AQ24/AQ22 -> 1.3076861 | AR25: =AR24/AR22 -> 1.671571 | AS25: =AS24/AS22 -> 1.1751126 | AT25: =AT24/AT22 -> 1.4383028 | AU25: =AU24/AU22 -> 1.3865226 | ... AW25: =AW24/AW22 -> 1.2422521
AA27: Salt Lake | AM27: Salt Lake | AY27: 1-Year ACS (copied from 1-Year ACS File Summary)
AB28: 2010 | AC28: 2011 | AD28: 2012 | AE28: 2013 | AF28: 2014 | AG28: 2015 | AH28: 2016 | AI28: 2017 | AJ28: 2018 | AK28: 2019 | AN28: 2010 | AO28: 2011 | AP28: 2012 | AQ28: 2013 | AR28: 2014 | AS28: 2015 | AT28: 2016 | AU28: 2017 | AV28: 2018 | AW28: 2019 | AY28: Share of Workers that Worked at Home
AA29: 5-Year ACS | AB29: =VLOOKUP($AA27, $AY$8:$BI$14, COLUMNS($AY$7:AZ$7), FALSE) -> 0.042931884 | AC29: =VLOOKUP($AA27, $AY$8:$BI$14, COLUMNS($AY$7:BA$7), FALSE) -> 0.043507812 | AD29: =VLOOKUP($AA27, $AY$8:$BI$14, COLUMNS($AY$7:BB$7), FALSE) -> 0.043455383 | AE29: =VLOOKUP($AA27, $AY$8:$BI$14, COLUMNS($AY$7:BC$7), FALSE) -> 0.04479927 | AF29: =VLOOKUP($AA27, $AY$8:$BI$14, COLUMNS($AY$7:BD$7), FALSE) -> 0.046272278 | AG29: =VLOOKUP($AA27, $AY$8:$BI$14, COLUMNS($AY$7:BE$7), FALSE) -> 0.049433922 | AH29: =VLOOKUP($AA27, $AY$8:$BI$14, COLUMNS($AY$7:BF$7), FALSE) -> 0.051318901 | AI29: =VLOOKUP($AA27, $AY$8:$BI$14, COLUMNS($AY$7:BG$7), FALSE) -> 0.055654606 | ... AK29: =VLOOKUP($AA27, $AY$8:$BI$14, COLUMNS($AY$7:BI$7), FALSE) -> 0.06205852 | AM29: 5-Year ACS | AN29: =VLOOKUP($AM27, $AY$18:$BI$24, COLUMNS($AY$17:AZ$17), FALSE) -> 0.041286583 | AO29: =VLOOKUP($AM27, $AY$18:$BI$24, COLUMNS($AY$17:BA$17), FALSE) -> 0.042960759 | AP29: =VLOOKUP($AM27, $AY$18:$BI$24, COLUMNS($AY$17:BB$17), FALSE) -> 0.049953959 | AQ29: =VLOOKUP($AM27, $AY$18:$BI$24, COLUMNS($AY$17:BC$17), FALSE) -> 0.048127158 | AR29: =VLOOKUP($AM27, $AY$18:$BI$24, COLUMNS($AY$17:BD$17), FALSE) -> 0.046210176 | AS29: =VLOOKUP($AM27, $AY$18:$BI$24, COLUMNS($AY$17:BE$17), FALSE) -> 0.049852699 | AT29: =VLOOKUP($AM27, $AY$18:$BI$24, COLUMNS($AY$17:BF$17), FALSE) -> 0.045008448 | AU29: =VLOOKUP($AM27, $AY$18:$BI$24, COLUMNS($AY$17:BG$17), FALSE) -> 0.042487983 | ... AW29: =VLOOKUP($AM27, $AY$18:$BI$24, COLUMNS($AY$17:BI$17), FALSE) -> 0.045882971 | AZ29: 2010 | BA29: 2011 | BB29: 2012 | BC29: 2013 | BD29: 2014 | BE29: 2015 | BF29: 2016 | BG29: 2017 | BH29: 2018 | BI29: 2019
AA30: 1-Year ACS | AB30: =VLOOKUP($AA27, $AY$30:$BI$36, COLUMNS($AY$29:AZ$29), FALSE) -> 0.037803653 | AC30: =VLOOKUP($AA27, $AY$30:$BI$36, COLUMNS($AY$29:BA$29), FALSE) -> 0.044610058 | AD30: =VLOOKUP($AA27, $AY$30:$BI$36, COLUMNS($AY$29:BB$29), FALSE) -> 0.045343058 | AE30: =VLOOKUP($AA27, $AY$30:$BI$36, COLUMNS($AY$29:BC$29), FALSE) -> 0.052094166 | AF30: =VLOOKUP($AA27, $AY$30:$BI$36, COLUMNS($AY$29:BD$29), FALSE) -> 0.054016938 | AG30: =VLOOKUP($AA27, $AY$30:$BI$36, COLUMNS($AY$29:BE$29), FALSE) -> 0.052384531 | AH30: =VLOOKUP($AA27, $AY$30:$BI$36, COLUMNS($AY$29:BF$29), FALSE) -> 0.057821636 | AI30: =VLOOKUP($AA27, $AY$30:$BI$36, COLUMNS($AY$29:BG$29), FALSE) -> 0.066352797 | ... AK30: =VLOOKUP($AA27, $AY$30:$BI$36, COLUMNS($AY$29:BI$29), FALSE) -> 0.066119608 | AM30: 1-Year ACS | AN30: =VLOOKUP($AM27, $AY$40:$BI$46, COLUMNS($AY$39:AZ$39), FALSE) -> 0.11574431 | AO30: =VLOOKUP($AM27, $AY$40:$BI$46, COLUMNS($AY$39:BA$39), FALSE) -> 0.13325593 | AP30: =VLOOKUP($AM27, $AY$40:$BI$46, COLUMNS($AY$39:BB$39), FALSE) -> 0.10092374 | AQ30: =VLOOKUP($AM27, $AY$40:$BI$46, COLUMNS($AY$39:BC$39), FALSE) -> 0.10928302 | AR30: =VLOOKUP($AM27, $AY$40:$BI$46, COLUMNS($AY$39:BD$39), FALSE) -> 0.080542646 | AS30: =VLOOKUP($AM27, $AY$40:$BI$46, COLUMNS($AY$39:BE$39), FALSE) -> 0.10429322 | AT30: =VLOOKUP($AM27, $AY$40:$BI$46, COLUMNS($AY$39:BF$39), FALSE) -> 0.098589852 | AU30: =VLOOKUP($AM27, $AY$40:$BI$46, COLUMNS($AY$39:BG$39), FALSE) -> 0.088950589 | ... AW30: =VLOOKUP($AM27, $AY$40:$BI$46, COLUMNS($AY$39:BI$39), FALSE) -> 0.083372493 | AY30: Wasatch Front | AZ30: 0.042651351 | BA30: 0.047216212 | BB30: 0.047348698 | BC30: 0.051169945 | BD30: 0.056006562 | BE30: 0.056594397 | BF30: 0.057802638 | BG30: 0.066791542 | BH30: 0.064732827 | BI30: 0.070460042
AA31: Difference | AB31: =AB30-AB29 -> -0.0051282307 | AC31: =AC30-AC29 -> 0.0011022456 | AD31: =AD30-AD29 -> 0.0018876753 | AE31: =AE30-AE29 -> 0.007294896 | AF31: =AF30-AF29 -> 0.0077446592 | AG31: =AG30-AG29 -> 0.0029506085 | AH31: =AH30-AH29 -> 0.0065027344 | AI31: =AI30-AI29 -> 0.01069819 | ... AK31: =AK30-AK29 -> 0.0040610884 | AM31: Difference | AN31: =AN30-AN29 -> 0.074457723 | AO31: =AO30-AO29 -> 0.090295169 | AP31: =AP30-AP29 -> 0.050969778 | AQ31: =AQ30-AQ29 -> 0.061155866 | AR31: =AR30-AR29 -> 0.03433247 | AS31: =AS30-AS29 -> 0.054440516 | AT31: =AT30-AT29 -> 0.053581404 | AU31: =AU30-AU29 -> 0.046462606 | ... AW31: =AW30-AW29 -> 0.037489522 | AY31: Weber | AZ31: 0.028318247 | BA31: 0.038284382 | BB31: 0.03045163 | BC31: 0.036499328 | BD31: 0.042279542 | BE31: 0.052443014 | BF31: 0.039414424 | BG31: 0.051506727 | BH31: 0.051950839 | BI31: 0.072031505
AA32: % Difference | AB32: =AB31/AB29 -> -0.1194504 | AC32: =AC31/AC29 -> 0.02533443 | AD32: =AD31/AD29 -> 0.043439388 | AE32: =AE31/AE29 -> 0.16283515 | AF32: =AF31/AF29 -> 0.16737147 | AG32: =AG31/AG29 -> 0.059687929 | AH32: =AH31/AH29 -> 0.12671227 | AI32: =AI31/AI29 -> 0.1922247 | ... AK32: =AK31/AK29 -> 0.06543966 | AM32: % Difference | AN32: =AN31/AN29 -> 1.8034363 | AO32: =AO31/AO29 -> 2.1018057 | AP32: =AP31/AP29 -> 1.0203351 | AQ32: =AQ31/AQ29 -> 1.2707142 | AR32: =AR31/AR29 -> 0.7429634 | AS32: =AS31/AS29 -> 1.0920275 | AT32: =AT31/AT29 -> 1.1904744 | AU32: =AU31/AU29 -> 1.093547 | ... AW32: =AW31/AW29 -> 0.81706832 | AY32: Davis | AZ32: 0.039490417 | BA32: 0.047190329 | BB32: 0.046062039 | BC32: 0.045401095 | BD32: 0.065840263 | BE32: 0.059433135 | BF32: 0.046643415 | BG32: 0.067344885 | BH32: 0.055353643 | BI32: 0.072788694
AY33: Salt Lake | AZ33: 0.037803653 | BA33: 0.044610058 | BB33: 0.045343058 | BC33: 0.052094166 | BD33: 0.054016938 | BE33: 0.052384531 | BF33: 0.057821636 | BG33: 0.066352797 | BH33: 0.068253497 | BI33: 0.066119608
AA34: Utah | AM34: Utah | AY34: Utah | AZ34: 0.063018401 | BA34: 0.057439143 | BB34: 0.06020214 | BC34: 0.059674101 | BD34: 0.060743844 | BE34: 0.065875863 | BF34: 0.072547819 | BG34: 0.074134321 | BH34: 0.068474823 | BI34: 0.077160372
AB35: 2010 | AC35: 2011 | AD35: 2012 | AE35: 2013 | AF35: 2014 | AG35: 2015 | AH35: 2016 | AI35: 2017 | AJ35: 2018 | AK35: 2019 | AN35: 2010 | AO35: 2011 | AP35: 2012 | AQ35: 2013 | AR35: 2014 | AS35: 2015 | AT35: 2016 | AU35: 2017 | AV35: 2018 | AW35: 2019 | AY35: State of Utah | AZ35: 0.043812499 | BA35: 0.046437087 | BB35: 0.047667153 | BC35: 0.051400175 | BD35: 0.054802237 | BE35: 0.055468298 | BF35: 0.060708921 | BG35: 0.068117505 | BH35: 0.068867889 | BI35: 0.074297828
AA36: 5-Year ACS | AB36: =VLOOKUP($AA34, $AY$8:$BI$14, COLUMNS($AY$7:AZ$7), FALSE) -> 0.061534608 | AC36: =VLOOKUP($AA34, $AY$8:$BI$14, COLUMNS($AY$7:BA$7), FALSE) -> 0.060800768 | AD36: =VLOOKUP($AA34, $AY$8:$BI$14, COLUMNS($AY$7:BB$7), FALSE) -> 0.058871541 | AE36: =VLOOKUP($AA34, $AY$8:$BI$14, COLUMNS($AY$7:BC$7), FALSE) -> 0.060458232 | AF36: =VLOOKUP($AA34, $AY$8:$BI$14, COLUMNS($AY$7:BD$7), FALSE) -> 0.06048057 | AG36: =VLOOKUP($AA34, $AY$8:$BI$14, COLUMNS($AY$7:BE$7), FALSE) -> 0.061172555 | AH36: =VLOOKUP($AA34, $AY$8:$BI$14, COLUMNS($AY$7:BF$7), FALSE) -> 0.063242199 | AI36: =VLOOKUP($AA34, $AY$8:$BI$14, COLUMNS($AY$7:BG$7), FALSE) -> 0.066567673 | ... AK36: =VLOOKUP($AA34, $AY$8:$BI$14, COLUMNS($AY$7:BI$7), FALSE) -> 0.071920744 | AM36: 5-Year ACS | AN36: =VLOOKUP($AM34, $AY$18:$BI$24, COLUMNS($AY$17:AZ$17), FALSE) -> 0.059016907 | AO36: =VLOOKUP($AM34, $AY$18:$BI$24, COLUMNS($AY$17:BA$17), FALSE) -> 0.062916699 | AP36: =VLOOKUP($AM34, $AY$18:$BI$24, COLUMNS($AY$17:BB$17), FALSE) -> 0.053442801 | AQ36: =VLOOKUP($AM34, $AY$18:$BI$24, COLUMNS($AY$17:BC$17), FALSE) -> 0.055833396 | AR36: =VLOOKUP($AM34, $AY$18:$BI$24, COLUMNS($AY$17:BD$17), FALSE) -> 0.051517136 | AS36: =VLOOKUP($AM34, $AY$18:$BI$24, COLUMNS($AY$17:BE$17), FALSE) -> 0.056897626 | AT36: =VLOOKUP($AM34, $AY$18:$BI$24, COLUMNS($AY$17:BF$17), FALSE) -> 0.04525585 | AU36: =VLOOKUP($AM34, $AY$18:$BI$24, COLUMNS($AY$17:BG$17), FALSE) -> 0.043070717 | ... AW36: =VLOOKUP($AM34, $AY$18:$BI$24, COLUMNS($AY$17:BI$17), FALSE) -> 0.045463689 | AY36: USA | AZ36: 0.043260963 | BA36: 0.043350907 | BB36: 0.043616455 | BC36: 0.043570987 | BD36: 0.044851942 | BE36: 0.046135316 | BF36: 0.050485014 | BG36: 0.052317927 | BH36: 0.053372257 | BI36: 0.057160208
AA37: 1-Year ACS | AB37: =VLOOKUP($AA34, $AY$30:$BI$36, COLUMNS($AY$29:AZ$29), FALSE) -> 0.063018401 | AC37: =VLOOKUP($AA34, $AY$30:$BI$36, COLUMNS($AY$29:BA$29), FALSE) -> 0.057439143 | AD37: =VLOOKUP($AA34, $AY$30:$BI$36, COLUMNS($AY$29:BB$29), FALSE) -> 0.06020214 | AE37: =VLOOKUP($AA34, $AY$30:$BI$36, COLUMNS($AY$29:BC$29), FALSE) -> 0.059674101 | AF37: =VLOOKUP($AA34, $AY$30:$BI$36, COLUMNS($AY$29:BD$29), FALSE) -> 0.060743844 | AG37: =VLOOKUP($AA34, $AY$30:$BI$36, COLUMNS($AY$29:BE$29), FALSE) -> 0.065875863 | AH37: =VLOOKUP($AA34, $AY$30:$BI$36, COLUMNS($AY$29:BF$29), FALSE) -> 0.072547819 | AI37: =VLOOKUP($AA34, $AY$30:$BI$36, COLUMNS($AY$29:BG$29), FALSE) -> 0.074134321 | ... AK37: =VLOOKUP($AA34, $AY$30:$BI$36, COLUMNS($AY$29:BI$29), FALSE) -> 0.077160372 | AM37: 1-Year ACS | AN37: =VLOOKUP($AM34, $AY$40:$BI$46, COLUMNS($AY$39:AZ$39), FALSE) -> 0.13359126 | AO37: =VLOOKUP($AM34, $AY$40:$BI$46, COLUMNS($AY$39:BA$39), FALSE) -> 0.16328802 | AP37: =VLOOKUP($AM34, $AY$40:$BI$46, COLUMNS($AY$39:BB$39), FALSE) -> 0.11189941 | AQ37: =VLOOKUP($AM34, $AY$40:$BI$46, COLUMNS($AY$39:BC$39), FALSE) -> 0.11812404 | AR37: =VLOOKUP($AM34, $AY$40:$BI$46, COLUMNS($AY$39:BD$39), FALSE) -> 0.10338765 | AS37: =VLOOKUP($AM34, $AY$40:$BI$46, COLUMNS($AY$39:BE$39), FALSE) -> 0.10145533 | AT37: =VLOOKUP($AM34, $AY$40:$BI$46, COLUMNS($AY$39:BF$39), FALSE) -> 0.096618109 | AU37: =VLOOKUP($AM34, $AY$40:$BI$46, COLUMNS($AY$39:BG$39), FALSE) -> 0.12988291 | ... AW37: =VLOOKUP($AM34, $AY$40:$BI$46, COLUMNS($AY$39:BI$39), FALSE) -> 0.098139396
AA38: Difference | AB38: =AB37-AB36 -> 0.0014837923 | AC38: =AC37-AC36 -> -0.0033616249 | AD38: =AD37-AD36 -> 0.0013305984 | AE38: =AE37-AE36 -> -0.00078413093 | AF38: =AF37-AF36 -> 0.00026327374 | AG38: =AG37-AG36 -> 0.0047033078 | AH38: =AH37-AH36 -> 0.0093056193 | AI38: =AI37-AI36 -> 0.0075666481 | ... AK38: =AK37-AK36 -> 0.0052396282 | AM38: Difference | AN38: =AN37-AN36 -> 0.074574354 | AO38: =AO37-AO36 -> 0.10037132 | AP38: =AP37-AP36 -> 0.058456609 | AQ38: =AQ37-AQ36 -> 0.062290646 | AR38: =AR37-AR36 -> 0.051870517 | AS38: =AS37-AS36 -> 0.0445577 | AT38: =AT37-AT36 -> 0.051362259 | AU38: =AU37-AU36 -> 0.086812192 | ... AW38: =AW37-AW36 -> 0.052675707 | AY38: Margin of Error - Workers that Worked at Home
AA39: % Difference | AB39: =AB38/AB36 -> 0.024113134 | AC39: =AC38/AC36 -> -0.055289184 | AD39: =AD38/AD36 -> 0.022601725 | AE39: =AE38/AE36 -> -0.012969796 | AF39: =AF38/AF36 -> 0.00435303 | AG39: =AG38/AG36 -> 0.076885914 | AH39: =AH38/AH36 -> 0.14714256 | AI39: =AI38/AI36 -> 0.11366851 | ... AK39: =AK38/AK36 -> 0.072852809 | AM39: % Difference | AN39: =AN38/AN36 -> 1.26361 | AO39: =AO38/AO36 -> 1.595305 | AP39: =AP38/AP36 -> 1.0938164 | AQ39: =AQ38/AQ36 -> 1.1156521 | AR39: =AR38/AR36 -> 1.0068595 | AS39: =AS38/AS36 -> 0.78312056 | AT39: =AT38/AT36 -> 1.1349308 | AU39: =AU38/AU36 -> 2.0155734 | ... AW39: =AW38/AW36 -> 1.1586325 | AZ39: 2010 | BA39: 2011 | BB39: 2012 | BC39: 2013 | BD39: 2014 | BE39: 2015 | BF39: 2016 | BG39: 2017 | BH39: 2018 | BI39: 2019
AY40: Wasatch Front | AZ40: 0.14514908 | BA40: 0.16064697 | BB40: 0.12923194 | BC40: 0.12939356 | BD40: 0.11763703 | BE40: 0.12220369 | BF40: 0.11699057 | BG40: 0.12476978 | BH40: 0.10833609 | BI40: 0.11396312
AA41: State of Utah | AM41: State of Utah | AY41: Weber | AZ41: 0.29239569 | BA41: 0.25748804 | BB41: 0.24261796 | BC41: 0.24460249 | BD41: 0.23907563 | BE41: 0.1991863 | BF41: 0.22983521 | BG41: 0.22779116 | BH41: 0.16725325 | BI41: 0.2147188
AB42: 2010 | AC42: 2011 | AD42: 2012 | AE42: 2013 | AF42: 2014 | AG42: 2015 | AH42: 2016 | AI42: 2017 | AJ42: 2018 | AK42: 2019 | AN42: 2010 | AO42: 2011 | AP42: 2012 | AQ42: 2013 | AR42: 2014 | AS42: 2015 | AT42: 2016 | AU42: 2017 | AV42: 2018 | AW42: 2019 | AY42: Davis | AZ42: 0.1920904 | BA42: 0.18988478 | BB42: 0.20880597 | BC42: 0.16671628 | BD42: 0.19061166 | BE42: 0.16666667 | BF42: 0.18131286 | BG42: 0.18311127 | BH42: 0.17976543 | BI42: 0.16476243
AA43: 5-Year ACS | AB43: =VLOOKUP($AA41, $AY$8:$BI$14, COLUMNS($AY$7:AZ$7), FALSE) -> 0.048247967 | AC43: =VLOOKUP($AA41, $AY$8:$BI$14, COLUMNS($AY$7:BA$7), FALSE) -> 0.048146251 | AD43: =VLOOKUP($AA41, $AY$8:$BI$14, COLUMNS($AY$7:BB$7), FALSE) -> 0.047170408 | AE43: =VLOOKUP($AA41, $AY$8:$BI$14, COLUMNS($AY$7:BC$7), FALSE) -> 0.048242532 | AF43: =VLOOKUP($AA41, $AY$8:$BI$14, COLUMNS($AY$7:BD$7), FALSE) -> 0.048818053 | AG43: =VLOOKUP($AA41, $AY$8:$BI$14, COLUMNS($AY$7:BE$7), FALSE) -> 0.051301419 | AH43: =VLOOKUP($AA41, $AY$8:$BI$14, COLUMNS($AY$7:BF$7), FALSE) -> 0.053654326 | AI43: =VLOOKUP($AA41, $AY$8:$BI$14, COLUMNS($AY$7:BG$7), FALSE) -> 0.057712073 | ... AK43: =VLOOKUP($AA41, $AY$8:$BI$14, COLUMNS($AY$7:BI$7), FALSE) -> 0.065641119 | AM43: 5-Year ACS | AN43: =VLOOKUP($AM41, $AY$18:$BI$24, COLUMNS($AY$17:AZ$17), FALSE) -> 0.022597235 | AO43: =VLOOKUP($AM41, $AY$18:$BI$24, COLUMNS($AY$17:BA$17), FALSE) -> 0.025329451 | AP43: =VLOOKUP($AM41, $AY$18:$BI$24, COLUMNS($AY$17:BB$17), FALSE) -> 0.028477417 | AQ43: =VLOOKUP($AM41, $AY$18:$BI$24, COLUMNS($AY$17:BC$17), FALSE) -> 0.026962519 | AR43: =VLOOKUP($AM41, $AY$18:$BI$24, COLUMNS($AY$17:BD$17), FALSE) -> 0.0254948 | AS43: =VLOOKUP($AM41, $AY$18:$BI$24, COLUMNS($AY$17:BE$17), FALSE) -> 0.027069335 | AT43: =VLOOKUP($AM41, $AY$18:$BI$24, COLUMNS($AY$17:BF$17), FALSE) -> 0.027488243 | AU43: =VLOOKUP($AM41, $AY$18:$BI$24, COLUMNS($AY$17:BG$17), FALSE) -> 0.024113916 | ... AW43: =VLOOKUP($AM41, $AY$18:$BI$24, COLUMNS($AY$17:BI$17), FALSE) -> 0.024826493 | AY43: Salt Lake | AZ43: 0.11574431 | BA43: 0.13325593 | BB43: 0.10092374 | BC43: 0.10928302 | BD43: 0.080542646 | BE43: 0.10429322 | BF43: 0.098589852 | BG43: 0.088950589 | BH43: 0.087047939 | BI43: 0.083372493
AA44: 1-Year ACS | AB44: =VLOOKUP($AA41, $AY$30:$BI$36, COLUMNS($AY$29:AZ$29), FALSE) -> 0.043812499 | AC44: =VLOOKUP($AA41, $AY$30:$BI$36, COLUMNS($AY$29:BA$29), FALSE) -> 0.046437087 | AD44: =VLOOKUP($AA41, $AY$30:$BI$36, COLUMNS($AY$29:BB$29), FALSE) -> 0.047667153 | AE44: =VLOOKUP($AA41, $AY$30:$BI$36, COLUMNS($AY$29:BC$29), FALSE) -> 0.051400175 | AF44: =VLOOKUP($AA41, $AY$30:$BI$36, COLUMNS($AY$29:BD$29), FALSE) -> 0.054802237 | AG44: =VLOOKUP($AA41, $AY$30:$BI$36, COLUMNS($AY$29:BE$29), FALSE) -> 0.055468298 | AH44: =VLOOKUP($AA41, $AY$30:$BI$36, COLUMNS($AY$29:BF$29), FALSE) -> 0.060708921 | AI44: =VLOOKUP($AA41, $AY$30:$BI$36, COLUMNS($AY$29:BG$29), FALSE) -> 0.068117505 | ... AK44: =VLOOKUP($AA41, $AY$30:$BI$36, COLUMNS($AY$29:BI$29), FALSE) -> 0.074297828 | AM44: 1-Year ACS | AN44: =VLOOKUP($AM41, $AY$40:$BI$46, COLUMNS($AY$39:AZ$39), FALSE) -> 0.065605312 | AO44: =VLOOKUP($AM41, $AY$40:$BI$46, COLUMNS($AY$39:BA$39), FALSE) -> 0.07745469 | AP44: =VLOOKUP($AM41, $AY$40:$BI$46, COLUMNS($AY$39:BB$39), FALSE) -> 0.060408005 | AQ44: =VLOOKUP($AM41, $AY$40:$BI$46, COLUMNS($AY$39:BC$39), FALSE) -> 0.06107052 | AR44: =VLOOKUP($AM41, $AY$40:$BI$46, COLUMNS($AY$39:BD$39), FALSE) -> 0.049914572 | AS44: =VLOOKUP($AM41, $AY$40:$BI$46, COLUMNS($AY$39:BE$39), FALSE) -> 0.058027579 | AT44: =VLOOKUP($AM41, $AY$40:$BI$46, COLUMNS($AY$39:BF$39), FALSE) -> 0.05232051 | AU44: =VLOOKUP($AM41, $AY$40:$BI$46, COLUMNS($AY$39:BG$39), FALSE) -> 0.061440322 | ... AW44: =VLOOKUP($AM41, $AY$40:$BI$46, COLUMNS($AY$39:BI$39), FALSE) -> 0.057183168 | AY44: Utah | AZ44: 0.13359126 | BA44: 0.16328802 | BB44: 0.11189941 | BC44: 0.11812404 | BD44: 0.10338765 | BE44: 0.10145533 | BF44: 0.096618109 | BG44: 0.12988291 | BH44: 0.099329958 | BI44: 0.098139396
AA45: Difference | AB45: =AB44-AB43 -> -0.0044354682 | AC45: =AC44-AC43 -> -0.001709164 | AD45: =AD44-AD43 -> 0.00049674516 | AE45: =AE44-AE43 -> 0.0031576433 | AF45: =AF44-AF43 -> 0.0059841841 | AG45: =AG44-AG43 -> 0.0041668792 | AH45: =AH44-AH43 -> 0.0070545953 | AI45: =AI44-AI43 -> 0.010405432 | ... AK45: =AK44-AK43 -> 0.0086567093 | AM45: Difference | AN45: =AN44-AN43 -> 0.043008077 | AO45: =AO44-AO43 -> 0.052125239 | AP45: =AP44-AP43 -> 0.031930588 | AQ45: =AQ44-AQ43 -> 0.034108001 | AR45: =AR44-AR43 -> 0.024419771 | AS45: =AS44-AS43 -> 0.030958245 | AT45: =AT44-AT43 -> 0.024832268 | AU45: =AU44-AU43 -> 0.037326406 | ... AW45: =AW44-AW43 -> 0.032356675 | AY45: State of Utah | AZ45: 0.065605312 | BA45: 0.07745469 | BB45: 0.060408005 | BC45: 0.06107052 | BD45: 0.049914572 | BE45: 0.058027579 | BF45: 0.05232051 | BG45: 0.061440322 | BH45: 0.043402794 | BI45: 0.057183168
AA46: % Difference | AB46: =AB45/AB43 -> -0.091930675 | AC46: =AC45/AC43 -> -0.03549942 | AD46: =AD45/AD43 -> 0.010530864 | AE46: =AE45/AE43 -> 0.065453516 | AF46: =AF45/AF43 -> 0.12258138 | AG46: =AG45/AG43 -> 0.081223469 | AH46: =AH45/AH43 -> 0.13148232 | AI46: =AI45/AI43 -> 0.18029905 | ... AK46: =AK45/AK43 -> 0.13187937 | AM46: % Difference | AN46: =AN45/AN43 -> 1.9032452 | AO46: =AO45/AO43 -> 2.0578906 | AP46: =AP45/AP43 -> 1.12126 | AQ46: =AQ45/AQ43 -> 1.2650154 | AR46: =AR45/AR43 -> 0.9578334 | AS46: =AS45/AS43 -> 1.1436648 | AT46: =AT45/AT43 -> 0.90337777 | AU46: =AU45/AU43 -> 1.5479197 | ... AW46: =AW45/AW43 -> 1.3033124 | AY46: USA | AZ46: 0.0070613754 | BA46: 0.0064441389 | BB46: 0.0060835525 | BC46: 0.0071152536 | BD46: 0.0063069901 | BE46: 0.0063089454 | BF46: 0.0051725594 | BG46: 0.0056279966 | BH46: 0.0056303704 | BI46: 0.0059761671
AA48: USA | AM48: USA
AB49: 2010 | AC49: 2011 | AD49: 2012 | AE49: 2013 | AF49: 2014 | AG49: 2015 | AH49: 2016 | AI49: 2017 | AJ49: 2018 | AK49: 2019 | AN49: 2010 | AO49: 2011 | AP49: 2012 | AQ49: 2013 | AR49: 2014 | AS49: 2015 | AT49: 2016 | AU49: 2017 | AV49: 2018 | AW49: 2019
AA50: 5-Year ACS | AB50: =VLOOKUP($AA48, $AY$8:$BI$14, COLUMNS($AY$7:AZ$7), FALSE) -> 0.041360975 | AC50: =VLOOKUP($AA48, $AY$8:$BI$14, COLUMNS($AY$7:BA$7), FALSE) -> 0.042224129 | AD50: =VLOOKUP($AA48, $AY$8:$BI$14, COLUMNS($AY$7:BB$7), FALSE) -> 0.042729813 | AE50: =VLOOKUP($AA48, $AY$8:$BI$14, COLUMNS($AY$7:BC$7), FALSE) -> 0.043254384 | AF50: =VLOOKUP($AA48, $AY$8:$BI$14, COLUMNS($AY$7:BD$7), FALSE) -> 0.043665739 | AG50: =VLOOKUP($AA48, $AY$8:$BI$14, COLUMNS($AY$7:BE$7), FALSE) -> 0.044232594 | AH50: =VLOOKUP($AA48, $AY$8:$BI$14, COLUMNS($AY$7:BF$7), FALSE) -> 0.045672811 | AI50: =VLOOKUP($AA48, $AY$8:$BI$14, COLUMNS($AY$7:BG$7), FALSE) -> 0.047344292 | ... AK50: =VLOOKUP($AA48, $AY$8:$BI$14, COLUMNS($AY$7:BI$7), FALSE) -> 0.051713986 | AM50: 5-Year ACS | AN50: =VLOOKUP($AM48, $AY$18:$BI$24, COLUMNS($AY$17:AZ$17), FALSE) -> 0.0034182193 | AO50: =VLOOKUP($AM48, $AY$18:$BI$24, COLUMNS($AY$17:BA$17), FALSE) -> 0.0032969041 | AP50: =VLOOKUP($AM48, $AY$18:$BI$24, COLUMNS($AY$17:BB$17), FALSE) -> 0.0027047513 | AQ50: =VLOOKUP($AM48, $AY$18:$BI$24, COLUMNS($AY$17:BC$17), FALSE) -> 0.0035140005 | AR50: =VLOOKUP($AM48, $AY$18:$BI$24, COLUMNS($AY$17:BD$17), FALSE) -> 0.003179083 | AS50: =VLOOKUP($AM48, $AY$18:$BI$24, COLUMNS($AY$17:BE$17), FALSE) -> 0.0028370449 | AT50: =VLOOKUP($AM48, $AY$18:$BI$24, COLUMNS($AY$17:BF$17), FALSE) -> 0.0029051807 | AU50: =VLOOKUP($AM48, $AY$18:$BI$24, COLUMNS($AY$17:BG$17), FALSE) -> 0.0028748856 | ... AW50: =VLOOKUP($AM48, $AY$18:$BI$24, COLUMNS($AY$17:BI$17), FALSE) -> 0.0034492293
AA51: 1-Year ACS | AB51: =VLOOKUP($AA48, $AY$30:$BI$36, COLUMNS($AY$29:AZ$29), FALSE) -> 0.043260963 | AC51: =VLOOKUP($AA48, $AY$30:$BI$36, COLUMNS($AY$29:BA$29), FALSE) -> 0.043350907 | AD51: =VLOOKUP($AA48, $AY$30:$BI$36, COLUMNS($AY$29:BB$29), FALSE) -> 0.043616455 | AE51: =VLOOKUP($AA48, $AY$30:$BI$36, COLUMNS($AY$29:BC$29), FALSE) -> 0.043570987 | AF51: =VLOOKUP($AA48, $AY$30:$BI$36, COLUMNS($AY$29:BD$29), FALSE) -> 0.044851942 | AG51: =VLOOKUP($AA48, $AY$30:$BI$36, COLUMNS($AY$29:BE$29), FALSE) -> 0.046135316 | AH51: =VLOOKUP($AA48, $AY$30:$BI$36, COLUMNS($AY$29:BF$29), FALSE) -> 0.050485014 | AI51: =VLOOKUP($AA48, $AY$30:$BI$36, COLUMNS($AY$29:BG$29), FALSE) -> 0.052317927 | ... AK51: =VLOOKUP($AA48, $AY$30:$BI$36, COLUMNS($AY$29:BI$29), FALSE) -> 0.057160208 | AM51: 1-Year ACS | AN51: =VLOOKUP($AM48, $AY$40:$BI$46, COLUMNS($AY$39:AZ$39), FALSE) -> 0.0070613754 | AO51: =VLOOKUP($AM48, $AY$40:$BI$46, COLUMNS($AY$39:BA$39), FALSE) -> 0.0064441389 | AP51: =VLOOKUP($AM48, $AY$40:$BI$46, COLUMNS($AY$39:BB$39), FALSE) -> 0.0060835525 | AQ51: =VLOOKUP($AM48, $AY$40:$BI$46, COLUMNS($AY$39:BC$39), FALSE) -> 0.0071152536 | AR51: =VLOOKUP($AM48, $AY$40:$BI$46, COLUMNS($AY$39:BD$39), FALSE) -> 0.0063069901 | AS51: =VLOOKUP($AM48, $AY$40:$BI$46, COLUMNS($AY$39:BE$39), FALSE) -> 0.0063089454 | AT51: =VLOOKUP($AM48, $AY$40:$BI$46, COLUMNS($AY$39:BF$39), FALSE) -> 0.0051725594 | AU51: =VLOOKUP($AM48, $AY$40:$BI$46, COLUMNS($AY$39:BG$39), FALSE) -> 0.0056279966 | ... AW51: =VLOOKUP($AM48, $AY$40:$BI$46, COLUMNS($AY$39:BI$39), FALSE) -> 0.0059761671
AA52: Difference | AB52: =AB51-AB50 -> 0.0018999884 | AC52: =AC51-AC50 -> 0.001126778 | AD52: =AD51-AD50 -> 0.00088664256 | AE52: =AE51-AE50 -> 0.00031660303 | AF52: =AF51-AF50 -> 0.0011862026 | AG52: =AG51-AG50 -> 0.0019027217 | AH52: =AH51-AH50 -> 0.004812203 | AI52: =AI51-AI50 -> 0.0049736343 | ... AK52: =AK51-AK50 -> 0.0054462224 | AM52: Difference | AN52: =AN51-AN50 -> 0.003643156 | AO52: =AO51-AO50 -> 0.0031472349 | AP52: =AP51-AP50 -> 0.0033788012 | AQ52: =AQ51-AQ50 -> 0.0036012531 | AR52: =AR51-AR50 -> 0.0031279071 | AS52: =AS51-AS50 -> 0.0034719005 | AT52: =AT51-AT50 -> 0.0022673787 | AU52: =AU51-AU50 -> 0.002753111 | ... AW52: =AW51-AW50 -> 0.0025269378
AA53: % Difference | AB53: =AB52/AB50 -> 0.045936741 | AC53: =AC52/AC50 -> 0.026685643 | AD53: =AD52/AD50 -> 0.020749975 | AE53: =AE52/AE50 -> 0.0073195592 | AF53: =AF52/AF50 -> 0.027165523 | AG53: =AG52/AG50 -> 0.04301628 | AH53: =AH52/AH50 -> 0.10536253 | AI53: =AI52/AI50 -> 0.10505246 | ... AK53: =AK52/AK50 -> 0.1053143 | AM53: % Difference | AN53: =AN52/AN50 -> 1.0658052 | AO53: =AO52/AO50 -> 0.95460311 | AP53: =AP52/AP50 -> 1.2492096 | AQ53: =AQ52/AQ50 -> 1.02483 | AR53: =AR52/AR50 -> 0.98390232 | AS53: =AS52/AS50 -> 1.2237736 | AT53: =AT52/AT50 -> 0.78046047 | AU53: =AU52/AU50 -> 0.95764191 | ... AW53: =AW52/AW50 -> 0.73260939

Sheet Summary
A1: Share of Workers Mode of Transportation (All Modes, 1 Geography) | AD1: Share of Workers Mode of Transportation (1 Mode, All Geogrpahy) | AR1: Share of Workers that Used Auto Mode | BE1: Summary of Mode Typically Took by Worker | BR1: Margin of Error
BE2: ACS: Table B08006 - SEX OF WORKERS BY MEANS OF TRANSPORTATION TO WORK
BE3: Universe: Workers 16 years and over
BE5: 117 | BF5: Share of Workers that Worked at Home | BR5: 201 | BS5: Drove Alone
BG6: 2010 | BH6: 2011 | BI6: 2012 | BJ6: 2013 | BK6: 2014 | BL6: 2015 | BM6: 2016 | BN6: 2017 | BO6: 2018 | BP6: 2019 | BT6: 2010 | BU6: 2011 | BV6: 2012 | BW6: 2013 | BX6: 2014 | BY6: 2015 | BZ6: 2016 | CA6: 2017 | CB6: 2018 | CC6: 2019
BF7: Wasatch Front | BG7: =VLOOKUP(BE5, WasatchFront!$B:$M, COLUMNS(WasatchFront!$B$31:D$31), FALSE) -> 0.046040703 | BH7: =VLOOKUP(BE5, WasatchFront!$B:$M, COLUMNS(WasatchFront!$B$31:E$31), FALSE) -> 0.046933978 | BI7: =VLOOKUP(BE5, WasatchFront!$B:$M, COLUMNS(WasatchFront!$B$31:F$31), FALSE) -> 0.045984966 | BJ7: =VLOOKUP(BE5, WasatchFront!$B:$M, COLUMNS(WasatchFront!$B$31:G$31), FALSE) -> 0.047455799 | BK7: =VLOOKUP(BE5, WasatchFront!$B:$M, COLUMNS(WasatchFront!$B$31:H$31), FALSE) -> 0.048848668 | BL7: =VLOOKUP(BE5, WasatchFront!$B:$M, COLUMNS(WasatchFront!$B$31:I$31), FALSE) -> 0.051658859 | BM7: =VLOOKUP(BE5, WasatchFront!$B:$M, COLUMNS(WasatchFront!$B$31:J$31), FALSE) -> 0.053139977 | BN7: =VLOOKUP(BE5, WasatchFront!$B:$M, COLUMNS(WasatchFront!$B$31:K$31), FALSE) -> 0.057194228 | BO7: =VLOOKUP(BE5, WasatchFront!$B:$M, COLUMNS(WasatchFront!$B$31:L$31), FALSE) -> 0.060327376 | BP7: =VLOOKUP(BE5, WasatchFront!$B:$M, COLUMNS(WasatchFront!$B$31:M$31), FALSE) -> 0.06316136 | BS7: Wasatch Front | BT7: =VLOOKUP(BR5, WasatchFront!$B:$M, COLUMNS(WasatchFront!$B$31:D$31), FALSE) -> 0.0070761907 | BU7: =VLOOKUP(BR5, WasatchFront!$B:$M, COLUMNS(WasatchFront!$B$31:E$31), FALSE) -> 0.0069404658 | BV7: =VLOOKUP(BR5, WasatchFront!$B:$M, COLUMNS(WasatchFront!$B$31:F$31), FALSE) -> 0.0071310366 | BW7: =VLOOKUP(BR5, WasatchFront!$B:$M, COLUMNS(WasatchFront!$B$31:G$31), FALSE) -> 0.0073761811 | BX7: =VLOOKUP(BR5, WasatchFront!$B:$M, COLUMNS(WasatchFront!$B$31:H$31), FALSE) -> 0.0071417479 | BY7: =VLOOKUP(BR5, WasatchFront!$B:$M, COLUMNS(WasatchFront!$B$31:I$31), FALSE) -> 0.0068265065 | BZ7: =VLOOKUP(BR5, WasatchFront!$B:$M, COLUMNS(WasatchFront!$B$31:J$31), FALSE) -> 0.0071129182 | CA7: =VLOOKUP(BR5, WasatchFront!$B:$M, COLUMNS(WasatchFront!$B$31:K$31), FALSE) -> 0.0071113193 | CB7: =VLOOKUP(BR5, WasatchFront!$B:$M, COLUMNS(WasatchFront!$B$31:L$31), FALSE) -> 0.0067959548 | CC7: =VLOOKUP(BR5, WasatchFront!$B:$M, COLUMNS(WasatchFront!$B$31:M$31), FALSE) -> 0.0063928926
BF8: Weber | BG8: =VLOOKUP(BE5, Weber!$B:$M, COLUMNS(Weber!$B$31:D$31), FALSE) -> 0.031489478 | BH8: =VLOOKUP(BE5, Weber!$B:$M, COLUMNS(Weber!$B$31:E$31), FALSE) -> 0.03423657 | BI8: =VLOOKUP(BE5, Weber!$B:$M, COLUMNS(Weber!$B$31:F$31), FALSE) -> 0.032300393 | BJ8: =VLOOKUP(BE5, Weber!$B:$M, COLUMNS(Weber!$B$31:G$31), FALSE) -> 0.033006032 | BK8: =VLOOKUP(BE5, Weber!$B:$M, COLUMNS(Weber!$B$31:H$31), FALSE) -> 0.035722947 | BL8: =VLOOKUP(BE5, Weber!$B:$M, COLUMNS(Weber!$B$31:I$31), FALSE) -> 0.041130466 | BM8: =VLOOKUP(BE5, Weber!$B:$M, COLUMNS(Weber!$B$31:J$31), FALSE) -> 0.041244982 | BN8: =VLOOKUP(BE5, Weber!$B:$M, COLUMNS(Weber!$B$31:K$31), FALSE) -> 0.046252189 | BO8: =VLOOKUP(BE5, Weber!$B:$M, COLUMNS(Weber!$B$31:L$31), FALSE) -> 0.048962571 | BP8: =VLOOKUP(BE5, Weber!$B:$M, COLUMNS(Weber!$B$31:M$31), FALSE) -> 0.054330715 | BS8: Weber | BT8: =VLOOKUP(BR5, Weber!$B:$M, COLUMNS(Weber!$B$31:D$31), FALSE) -> 0.012603571 | BU8: =VLOOKUP(BR5, Weber!$B:$M, COLUMNS(Weber!$B$31:E$31), FALSE) -> 0.0120926 | BV8: =VLOOKUP(BR5, Weber!$B:$M, COLUMNS(Weber!$B$31:F$31), FALSE) -> 0.011762021 | BW8: =VLOOKUP(BR5, Weber!$B:$M, COLUMNS(Weber!$B$31:G$31), FALSE) -> 0.01033282 | BX8: =VLOOKUP(BR5, Weber!$B:$M, COLUMNS(Weber!$B$31:H$31), FALSE) -> 0.013636279 | BY8: =VLOOKUP(BR5, Weber!$B:$M, COLUMNS(Weber!$B$31:I$31), FALSE) -> 0.013264921 | BZ8: =VLOOKUP(BR5, Weber!$B:$M, COLUMNS(Weber!$B$31:J$31), FALSE) -> 0.012589912 | CA8: =VLOOKUP(BR5, Weber!$B:$M, COLUMNS(Weber!$B$31:K$31), FALSE) -> 0.011532399 | CB8: =VLOOKUP(BR5, Weber!$B:$M, COLUMNS(Weber!$B$31:L$31), FALSE) -> 0.011117434 | CC8: =VLOOKUP(BR5, Weber!$B:$M, COLUMNS(Weber!$B$31:M$31), FALSE) -> 0.011340877
BF9: Davis | BG9: =VLOOKUP(BE5, Davis!$B:$M, COLUMNS(Davis!$B$31:D$31), FALSE) -> 0.044575681 | BH9: =VLOOKUP(BE5, Davis!$B:$M, COLUMNS(Davis!$B$31:E$31), FALSE) -> 0.047153855 | BI9: =VLOOKUP(BE5, Davis!$B:$M, COLUMNS(Davis!$B$31:F$31), FALSE) -> 0.045106261 | BJ9: =VLOOKUP(BE5, Davis!$B:$M, COLUMNS(Davis!$B$31:G$31), FALSE) -> 0.047290962 | BK9: =VLOOKUP(BE5, Davis!$B:$M, COLUMNS(Davis!$B$31:H$31), FALSE) -> 0.049455062 | BL9: =VLOOKUP(BE5, Davis!$B:$M, COLUMNS(Davis!$B$31:I$31), FALSE) -> 0.052148088 | BM9: =VLOOKUP(BE5, Davis!$B:$M, COLUMNS(Davis!$B$31:J$31), FALSE) -> 0.05199921 | BN9: =VLOOKUP(BE5, Davis!$B:$M, COLUMNS(Davis!$B$31:K$31), FALSE) -> 0.055483498 | BO9: =VLOOKUP(BE5, Davis!$B:$M, COLUMNS(Davis!$B$31:L$31), FALSE) -> 0.058273372 | BP9: =VLOOKUP(BE5, Davis!$B:$M, COLUMNS(Davis!$B$31:M$31), FALSE) -> 0.058858596 | BS9: Davis | BT9: =VLOOKUP(BR5, Davis!$B:$M, COLUMNS(Davis!$B$31:D$31), FALSE) -> 0.0086123974 | BU9: =VLOOKUP(BR5, Davis!$B:$M, COLUMNS(Davis!$B$31:E$31), FALSE) -> 0.0088723317 | BV9: =VLOOKUP(BR5, Davis!$B:$M, COLUMNS(Davis!$B$31:F$31), FALSE) -> 0.0087875856 | BW9: =VLOOKUP(BR5, Davis!$B:$M, COLUMNS(Davis!$B$31:G$31), FALSE) -> 0.010384408 | BX9: =VLOOKUP(BR5, Davis!$B:$M, COLUMNS(Davis!$B$31:H$31), FALSE) -> 0.0093258912 | BY9: =VLOOKUP(BR5, Davis!$B:$M, COLUMNS(Davis!$B$31:I$31), FALSE) -> 0.0091323276 | BZ9: =VLOOKUP(BR5, Davis!$B:$M, COLUMNS(Davis!$B$31:J$31), FALSE) -> 0.0085435742 | CA9: =VLOOKUP(BR5, Davis!$B:$M, COLUMNS(Davis!$B$31:K$31), FALSE) -> 0.010241428 | CB9: =VLOOKUP(BR5, Davis!$B:$M, COLUMNS(Davis!$B$31:L$31), FALSE) -> 0.01022693 | CC9: =VLOOKUP(BR5, Davis!$B:$M, COLUMNS(Davis!$B$31:M$31), FALSE) -> 0.0085282918
BF10: Salt Lake | BG10: =VLOOKUP(BE5, SaltLake!$B:$M, COLUMNS(SaltLake!$B$31:D$31), FALSE) -> 0.042931884 | BH10: =VLOOKUP(BE5, SaltLake!$B:$M, COLUMNS(SaltLake!$B$31:E$31), FALSE) -> 0.043507812 | BI10: =VLOOKUP(BE5, SaltLake!$B:$M, COLUMNS(SaltLake!$B$31:F$31), FALSE) -> 0.043455383 | BJ10: =VLOOKUP(BE5, SaltLake!$B:$M, COLUMNS(SaltLake!$B$31:G$31), FALSE) -> 0.04479927 | BK10: =VLOOKUP(BE5, SaltLake!$B:$M, COLUMNS(SaltLake!$B$31:H$31), FALSE) -> 0.046272278 | BL10: =VLOOKUP(BE5, SaltLake!$B:$M, COLUMNS(SaltLake!$B$31:I$31), FALSE) -> 0.049433922 | BM10: =VLOOKUP(BE5, SaltLake!$B:$M, COLUMNS(SaltLake!$B$31:J$31), FALSE) -> 0.051318901 | BN10: =VLOOKUP(BE5, SaltLake!$B:$M, COLUMNS(SaltLake!$B$31:K$31), FALSE) -> 0.055654606 | BO10: =VLOOKUP(BE5, SaltLake!$B:$M, COLUMNS(SaltLake!$B$31:L$31), FALSE) -> 0.059187541 | BP10: =VLOOKUP(BE5, SaltLake!$B:$M, COLUMNS(SaltLake!$B$31:M$31), FALSE) -> 0.06205852 | BS10: Salt Lake | BT10: =VLOOKUP(BR5, SaltLake!$B:$M, COLUMNS(SaltLake!$B$31:D$31), FALSE) -> 0.0044017011 | BU10: =VLOOKUP(BR5, SaltLake!$B:$M, COLUMNS(SaltLake!$B$31:E$31), FALSE) -> 0.004818468 | BV10: =VLOOKUP(BR5, SaltLake!$B:$M, COLUMNS(SaltLake!$B$31:F$31), FALSE) -> 0.0054479286 | BW10: =VLOOKUP(BR5, SaltLake!$B:$M, COLUMNS(SaltLake!$B$31:G$31), FALSE) -> 0.0053336242 | BX10: =VLOOKUP(BR5, SaltLake!$B:$M, COLUMNS(SaltLake!$B$31:H$31), FALSE) -> 0.0048646164 | BY10: =VLOOKUP(BR5, SaltLake!$B:$M, COLUMNS(SaltLake!$B$31:I$31), FALSE) -> 0.0046356714 | BZ10: =VLOOKUP(BR5, SaltLake!$B:$M, COLUMNS(SaltLake!$B$31:J$31), FALSE) -> 0.0055586098 | CA10: =VLOOKUP(BR5, SaltLake!$B:$M, COLUMNS(SaltLake!$B$31:K$31), FALSE) -> 0.0053631096 | CB10: =VLOOKUP(BR5, SaltLake!$B:$M, COLUMNS(SaltLake!$B$31:L$31), FALSE) -> 0.0051448335 | CC10: =VLOOKUP(BR5, SaltLake!$B:$M, COLUMNS(SaltLake!$B$31:M$31), FALSE) -> 0.0049504101
BF11: Utah | BG11: =VLOOKUP(BE5, Utah!$B:$M, COLUMNS(Utah!$B$31:D$31), FALSE) -> 0.061534608 | BH11: =VLOOKUP(BE5, Utah!$B:$M, COLUMNS(Utah!$B$31:E$31), FALSE) -> 0.060800768 | BI11: =VLOOKUP(BE5, Utah!$B:$M, COLUMNS(Utah!$B$31:F$31), FALSE) -> 0.058871541 | BJ11: =VLOOKUP(BE5, Utah!$B:$M, COLUMNS(Utah!$B$31:G$31), FALSE) -> 0.060458232 | BK11: =VLOOKUP(BE5, Utah!$B:$M, COLUMNS(Utah!$B$31:H$31), FALSE) -> 0.06048057 | BL11: =VLOOKUP(BE5, Utah!$B:$M, COLUMNS(Utah!$B$31:I$31), FALSE) -> 0.061172555 | BM11: =VLOOKUP(BE5, Utah!$B:$M, COLUMNS(Utah!$B$31:J$31), FALSE) -> 0.063242199 | BN11: =VLOOKUP(BE5, Utah!$B:$M, COLUMNS(Utah!$B$31:K$31), FALSE) -> 0.066567673 | BO11: =VLOOKUP(BE5, Utah!$B:$M, COLUMNS(Utah!$B$31:L$31), FALSE) -> 0.06906093 | BP11: =VLOOKUP(BE5, Utah!$B:$M, COLUMNS(Utah!$B$31:M$31), FALSE) -> 0.071920744 | BS11: Utah | BT11: =VLOOKUP(BR5, Utah!$B:$M, COLUMNS(Utah!$B$31:D$31), FALSE) -> 0.0096617427 | BU11: =VLOOKUP(BR5, Utah!$B:$M, COLUMNS(Utah!$B$31:E$31), FALSE) -> 0.0081120497 | BV11: =VLOOKUP(BR5, Utah!$B:$M, COLUMNS(Utah!$B$31:F$31), FALSE) -> 0.0076923778 | BW11: =VLOOKUP(BR5, Utah!$B:$M, COLUMNS(Utah!$B$31:G$31), FALSE) -> 0.00870974 | BX11: =VLOOKUP(BR5, Utah!$B:$M, COLUMNS(Utah!$B$31:H$31), FALSE) -> 0.0078422743 | BY11: =VLOOKUP(BR5, Utah!$B:$M, COLUMNS(Utah!$B$31:I$31), FALSE) -> 0.0073252939 | BZ11: =VLOOKUP(BR5, Utah!$B:$M, COLUMNS(Utah!$B$31:J$31), FALSE) -> 0.007175526 | CA11: =VLOOKUP(BR5, Utah!$B:$M, COLUMNS(Utah!$B$31:K$31), FALSE) -> 0.00703747 | CB11: =VLOOKUP(BR5, Utah!$B:$M, COLUMNS(Utah!$B$31:L$31), FALSE) -> 0.0063644016 | CC11: =VLOOKUP(BR5, Utah!$B:$M, COLUMNS(Utah!$B$31:M$31), FALSE) -> 0.0059933953
BF12: State of Utah | BG12: =VLOOKUP(BE5, StateOfUtah!$B:$M, COLUMNS(StateOfUtah!$B$31:D$31), FALSE) -> 0.048247967 | BH12: =VLOOKUP(BE5, StateOfUtah!$B:$M, COLUMNS(StateOfUtah!$B$31:E$31), FALSE) -> 0.048146251 | BI12: =VLOOKUP(BE5, StateOfUtah!$B:$M, COLUMNS(StateOfUtah!$B$31:F$31), FALSE) -> 0.047170408 | BJ12: =VLOOKUP(BE5, StateOfUtah!$B:$M, COLUMNS(StateOfUtah!$B$31:G$31), FALSE) -> 0.048242532 | BK12: =VLOOKUP(BE5, StateOfUtah!$B:$M, COLUMNS(StateOfUtah!$B$31:H$31), FALSE) -> 0.048818053 | BL12: =VLOOKUP(BE5, StateOfUtah!$B:$M, COLUMNS(StateOfUtah!$B$31:I$31), FALSE) -> 0.051301419 | BM12: =VLOOKUP(BE5, StateOfUtah!$B:$M, COLUMNS(StateOfUtah!$B$31:J$31), FALSE) -> 0.053654326 | BN12: =VLOOKUP(BE5, StateOfUtah!$B:$M, COLUMNS(StateOfUtah!$B$31:K$31), FALSE) -> 0.057712073 | BO12: =VLOOKUP(BE5, StateOfUtah!$B:$M, COLUMNS(StateOfUtah!$B$31:L$31), FALSE) -> 0.061576176 | BP12: =VLOOKUP(BE5, StateOfUtah!$B:$M, COLUMNS(StateOfUtah!$B$31:M$31), FALSE) -> 0.065641119 | BS12: State of Utah | BT12: =VLOOKUP(BR5, StateOfUtah!$B:$M, COLUMNS(StateOfUtah!$B$31:D$31), FALSE) -> 0.0031894729 | BU12: =VLOOKUP(BR5, StateOfUtah!$B:$M, COLUMNS(StateOfUtah!$B$31:E$31), FALSE) -> 0.0032712257 | BV12: =VLOOKUP(BR5, StateOfUtah!$B:$M, COLUMNS(StateOfUtah!$B$31:F$31), FALSE) -> 0.0030786093 | BW12: =VLOOKUP(BR5, StateOfUtah!$B:$M, COLUMNS(StateOfUtah!$B$31:G$31), FALSE) -> 0.0032256451 | BX12: =VLOOKUP(BR5, StateOfUtah!$B:$M, COLUMNS(StateOfUtah!$B$31:H$31), FALSE) -> 0.003071745 | BY12: =VLOOKUP(BR5, StateOfUtah!$B:$M, COLUMNS(StateOfUtah!$B$31:I$31), FALSE) -> 0.0031690738 | BZ12: =VLOOKUP(BR5, StateOfUtah!$B:$M, COLUMNS(StateOfUtah!$B$31:J$31), FALSE) -> 0.003446266 | CA12: =VLOOKUP(BR5, StateOfUtah!$B:$M, COLUMNS(StateOfUtah!$B$31:K$31), FALSE) -> 0.0036338294 | CB12: =VLOOKUP(BR5, StateOfUtah!$B:$M, COLUMNS(StateOfUtah!$B$31:L$31), FALSE) -> 0.0030311613 | CC12: =VLOOKUP(BR5, StateOfUtah!$B:$M, COLUMNS(StateOfUtah!$B$31:M$31), FALSE) -> 0.0028719764
BF13: USA | BG13: =VLOOKUP(BE5, USA!$B:$M, COLUMNS(USA!$B$31:D$31), FALSE) -> 0.041360975 | BH13: =VLOOKUP(BE5, USA!$B:$M, COLUMNS(USA!$B$31:E$31), FALSE) -> 0.042224129 | BI13: =VLOOKUP(BE5, USA!$B:$M, COLUMNS(USA!$B$31:F$31), FALSE) -> 0.042729813 | BJ13: =VLOOKUP(BE5, USA!$B:$M, COLUMNS(USA!$B$31:G$31), FALSE) -> 0.043254384 | BK13: =VLOOKUP(BE5, USA!$B:$M, COLUMNS(USA!$B$31:H$31), FALSE) -> 0.043665739 | BL13: =VLOOKUP(BE5, USA!$B:$M, COLUMNS(USA!$B$31:I$31), FALSE) -> 0.044232594 | BM13: =VLOOKUP(BE5, USA!$B:$M, COLUMNS(USA!$B$31:J$31), FALSE) -> 0.045672811 | BN13: =VLOOKUP(BE5, USA!$B:$M, COLUMNS(USA!$B$31:K$31), FALSE) -> 0.047344292 | BO13: =VLOOKUP(BE5, USA!$B:$M, COLUMNS(USA!$B$31:L$31), FALSE) -> 0.049298542 | BP13: =VLOOKUP(BE5, USA!$B:$M, COLUMNS(USA!$B$31:M$31), FALSE) -> 0.051713986 | BS13: USA | BT13: =VLOOKUP(BR5, USA!$B:$M, COLUMNS(USA!$B$31:D$31), FALSE) -> 0.00086686991 | BU13: =VLOOKUP(BR5, USA!$B:$M, COLUMNS(USA!$B$31:E$31), FALSE) -> 0.00095171487 | BV13: =VLOOKUP(BR5, USA!$B:$M, COLUMNS(USA!$B$31:F$31), FALSE) -> 0.00098940167 | BW13: =VLOOKUP(BR5, USA!$B:$M, COLUMNS(USA!$B$31:G$31), FALSE) -> 0.0010213637 | BX13: =VLOOKUP(BR5, USA!$B:$M, COLUMNS(USA!$B$31:H$31), FALSE) -> 0.0010052064 | BY13: =VLOOKUP(BR5, USA!$B:$M, COLUMNS(USA!$B$31:I$31), FALSE) -> 0.00099827901 | BZ13: =VLOOKUP(BR5, USA!$B:$M, COLUMNS(USA!$B$31:J$31), FALSE) -> 0.0010259272 | CA13: =VLOOKUP(BR5, USA!$B:$M, COLUMNS(USA!$B$31:K$31), FALSE) -> 0.0010335774 | CB13: =VLOOKUP(BR5, USA!$B:$M, COLUMNS(USA!$B$31:L$31), FALSE) -> 0.0011229118 | CC13: =VLOOKUP(BR5, USA!$B:$M, COLUMNS(USA!$B$31:M$31), FALSE) -> 0.0011134719
BR15: 203 | BS15: Drove Alone | CE15: 202 | CF15: Share of Workers that Used Auto
BT16: 2010 | BU16: 2011 | BV16: 2012 | BW16: 2013 | BX16: 2014 | BY16: 2015 | BZ16: 2016 | CA16: 2017 | CB16: 2018 | CC16: 2019 | CG16: 2010 | CH16: 2011 | CI16: 2012 | CJ16: 2013 | CK16: 2014 | CL16: 2015 | CM16: 2016 | CN16: 2017 | CO16: 2018 | CP16: 2019
BE17: 108 | BF17: Share of Workers that Used Public Transportation | BS17: Wasatch Front | BT17: =VLOOKUP(BR15, WasatchFront!$B:$M, COLUMNS(WasatchFront!$B$31:D$31), FALSE) -> 0.01098502 | BU17: =VLOOKUP(BR15, WasatchFront!$B:$M, COLUMNS(WasatchFront!$B$31:E$31), FALSE) -> 0.011261249 | BV17: =VLOOKUP(BR15, WasatchFront!$B:$M, COLUMNS(WasatchFront!$B$31:F$31), FALSE) -> 0.011072117 | BW17: =VLOOKUP(BR15, WasatchFront!$B:$M, COLUMNS(WasatchFront!$B$31:G$31), FALSE) -> 0.010832617 | BX17: =VLOOKUP(BR15, WasatchFront!$B:$M, COLUMNS(WasatchFront!$B$31:H$31), FALSE) -> 0.010838936 | BY17: =VLOOKUP(BR15, WasatchFront!$B:$M, COLUMNS(WasatchFront!$B$31:I$31), FALSE) -> 0.010652209 | BZ17: =VLOOKUP(BR15, WasatchFront!$B:$M, COLUMNS(WasatchFront!$B$31:J$31), FALSE) -> 0.01071664 | CA17: =VLOOKUP(BR15, WasatchFront!$B:$M, COLUMNS(WasatchFront!$B$31:K$31), FALSE) -> 0.010391027 | CB17: =VLOOKUP(BR15, WasatchFront!$B:$M, COLUMNS(WasatchFront!$B$31:L$31), FALSE) -> 0.010142915 | CC17: =VLOOKUP(BR15, WasatchFront!$B:$M, COLUMNS(WasatchFront!$B$31:M$31), FALSE) -> 0.0099742035 | CF17: Wasatch Front | CG17: =VLOOKUP(CE15, WasatchFront!$B:$M, COLUMNS(WasatchFront!$B$31:D$31), FALSE) -> 0.0087713552 | CH17: =VLOOKUP(CE15, WasatchFront!$B:$M, COLUMNS(WasatchFront!$B$31:E$31), FALSE) -> 0.0090789862 | CI17: =VLOOKUP(CE15, WasatchFront!$B:$M, COLUMNS(WasatchFront!$B$31:F$31), FALSE) -> 0.0090604122 | CJ17: =VLOOKUP(CE15, WasatchFront!$B:$M, COLUMNS(WasatchFront!$B$31:G$31), FALSE) -> 0.0087782988 | CK17: =VLOOKUP(CE15, WasatchFront!$B:$M, COLUMNS(WasatchFront!$B$31:H$31), FALSE) -> 0.0086781986 | CL17: =VLOOKUP(CE15, WasatchFront!$B:$M, COLUMNS(WasatchFront!$B$31:I$31), FALSE) -> 0.008579185 | CM17: =VLOOKUP(CE15, WasatchFront!$B:$M, COLUMNS(WasatchFront!$B$31:J$31), FALSE) -> 0.0094566722 | CN17: =VLOOKUP(CE15, WasatchFront!$B:$M, COLUMNS(WasatchFront!$B$31:K$31), FALSE) -> 0.0083900596 | CO17: =VLOOKUP(CE15, WasatchFront!$B:$M, COLUMNS(WasatchFront!$B$31:L$31), FALSE) -> 0.0081783585 | CP17: =VLOOKUP(CE15, WasatchFront!$B:$M, COLUMNS(WasatchFront!$B$31:M$31), FALSE) -> 0.0087975358
BG18: 2010 | BH18: 2011 | BI18: 2012 | BJ18: 2013 | BK18: 2014 | BL18: 2015 | BM18: 2016 | BN18: 2017 | BO18: 2018 | BP18: 2019 | BS18: Weber | BT18: =VLOOKUP(BR15, Weber!$B:$M, COLUMNS(Weber!$B$31:D$31), FALSE) -> 0.01883315 | BU18: =VLOOKUP(BR15, Weber!$B:$M, COLUMNS(Weber!$B$31:E$31), FALSE) -> 0.017578717 | BV18: =VLOOKUP(BR15, Weber!$B:$M, COLUMNS(Weber!$B$31:F$31), FALSE) -> 0.017579227 | BW18: =VLOOKUP(BR15, Weber!$B:$M, COLUMNS(Weber!$B$31:G$31), FALSE) -> 0.01489836 | BX18: =VLOOKUP(BR15, Weber!$B:$M, COLUMNS(Weber!$B$31:H$31), FALSE) -> 0.018440238 | BY18: =VLOOKUP(BR15, Weber!$B:$M, COLUMNS(Weber!$B$31:I$31), FALSE) -> 0.017425258 | BZ18: =VLOOKUP(BR15, Weber!$B:$M, COLUMNS(Weber!$B$31:J$31), FALSE) -> 0.019609606 | CA18: =VLOOKUP(BR15, Weber!$B:$M, COLUMNS(Weber!$B$31:K$31), FALSE) -> 0.016504453 | CB18: =VLOOKUP(BR15, Weber!$B:$M, COLUMNS(Weber!$B$31:L$31), FALSE) -> 0.014542353 | CC18: =VLOOKUP(BR15, Weber!$B:$M, COLUMNS(Weber!$B$31:M$31), FALSE) -> 0.017256964 | CF18: Weber | CG18: =VLOOKUP(CE15, Weber!$B:$M, COLUMNS(Weber!$B$31:D$31), FALSE) -> 0.014125788 | CH18: =VLOOKUP(CE15, Weber!$B:$M, COLUMNS(Weber!$B$31:E$31), FALSE) -> 0.013595929 | CI18: =VLOOKUP(CE15, Weber!$B:$M, COLUMNS(Weber!$B$31:F$31), FALSE) -> 0.013019944 | CJ18: =VLOOKUP(CE15, Weber!$B:$M, COLUMNS(Weber!$B$31:G$31), FALSE) -> 0.012519675 | CK18: =VLOOKUP(CE15, Weber!$B:$M, COLUMNS(Weber!$B$31:H$31), FALSE) -> 0.015069079 | CL18: =VLOOKUP(CE15, Weber!$B:$M, COLUMNS(Weber!$B$31:I$31), FALSE) -> 0.014864058 | CM18: =VLOOKUP(CE15, Weber!$B:$M, COLUMNS(Weber!$B$31:J$31), FALSE) -> 0.015489039 | CN18: =VLOOKUP(CE15, Weber!$B:$M, COLUMNS(Weber!$B$31:K$31), FALSE) -> 0.013547392 | CO18: =VLOOKUP(CE15, Weber!$B:$M, COLUMNS(Weber!$B$31:L$31), FALSE) -> 0.01221261 | CP18: =VLOOKUP(CE15, Weber!$B:$M, COLUMNS(Weber!$B$31:M$31), FALSE) -> 0.01471518
BF19: Wasatch Front | BG19: =VLOOKUP(BE17, WasatchFront!$B:$M, COLUMNS(WasatchFront!$B$31:D$31), FALSE) -> 0.02854331 | BH19: =VLOOKUP(BE17, WasatchFront!$B:$M, COLUMNS(WasatchFront!$B$31:E$31), FALSE) -> 0.027351122 | BI19: =VLOOKUP(BE17, WasatchFront!$B:$M, COLUMNS(WasatchFront!$B$31:F$31), FALSE) -> 0.027752214 | BJ19: =VLOOKUP(BE17, WasatchFront!$B:$M, COLUMNS(WasatchFront!$B$31:G$31), FALSE) -> 0.027719086 | BK19: =VLOOKUP(BE17, WasatchFront!$B:$M, COLUMNS(WasatchFront!$B$31:H$31), FALSE) -> 0.028044621 | BL19: =VLOOKUP(BE17, WasatchFront!$B:$M, COLUMNS(WasatchFront!$B$31:I$31), FALSE) -> 0.02915997 | BM19: =VLOOKUP(BE17, WasatchFront!$B:$M, COLUMNS(WasatchFront!$B$31:J$31), FALSE) -> 0.030253447 | BN19: =VLOOKUP(BE17, WasatchFront!$B:$M, COLUMNS(WasatchFront!$B$31:K$31), FALSE) -> 0.029647008 | BO19: =VLOOKUP(BE17, WasatchFront!$B:$M, COLUMNS(WasatchFront!$B$31:L$31), FALSE) -> 0.029126292 | BP19: =VLOOKUP(BE17, WasatchFront!$B:$M, COLUMNS(WasatchFront!$B$31:M$31), FALSE) -> 0.028806875 | BS19: Davis | BT19: =VLOOKUP(BR15, Davis!$B:$M, COLUMNS(Davis!$B$31:D$31), FALSE) -> 0.015301505 | BU19: =VLOOKUP(BR15, Davis!$B:$M, COLUMNS(Davis!$B$31:E$31), FALSE) -> 0.01468002 | BV19: =VLOOKUP(BR15, Davis!$B:$M, COLUMNS(Davis!$B$31:F$31), FALSE) -> 0.011854629 | BW19: =VLOOKUP(BR15, Davis!$B:$M, COLUMNS(Davis!$B$31:G$31), FALSE) -> 0.014304152 | BX19: =VLOOKUP(BR15, Davis!$B:$M, COLUMNS(Davis!$B$31:H$31), FALSE) -> 0.014501311 | BY19: =VLOOKUP(BR15, Davis!$B:$M, COLUMNS(Davis!$B$31:I$31), FALSE) -> 0.014864072 | BZ19: =VLOOKUP(BR15, Davis!$B:$M, COLUMNS(Davis!$B$31:J$31), FALSE) -> 0.012619948 | CA19: =VLOOKUP(BR15, Davis!$B:$M, COLUMNS(Davis!$B$31:K$31), FALSE) -> 0.015273331 | CB19: =VLOOKUP(BR15, Davis!$B:$M, COLUMNS(Davis!$B$31:L$31), FALSE) -> 0.013741697 | CC19: =VLOOKUP(BR15, Davis!$B:$M, COLUMNS(Davis!$B$31:M$31), FALSE) -> 0.012080415 | CF19: Davis | CG19: =VLOOKUP(CE15, Davis!$B:$M, COLUMNS(Davis!$B$31:D$31), FALSE) -> 0.01105704 | CH19: =VLOOKUP(CE15, Davis!$B:$M, COLUMNS(Davis!$B$31:E$31), FALSE) -> 0.012078023 | CI19: =VLOOKUP(CE15, Davis!$B:$M, COLUMNS(Davis!$B$31:F$31), FALSE) -> 0.011750909 | CJ19: =VLOOKUP(CE15, Davis!$B:$M, COLUMNS(Davis!$B$31:G$31), FALSE) -> 0.011554381 | CK19: =VLOOKUP(CE15, Davis!$B:$M, COLUMNS(Davis!$B$31:H$31), FALSE) -> 0.011554222 | CL19: =VLOOKUP(CE15, Davis!$B:$M, COLUMNS(Davis!$B$31:I$31), FALSE) -> 0.012066606 | CM19: =VLOOKUP(CE15, Davis!$B:$M, COLUMNS(Davis!$B$31:J$31), FALSE) -> 0.011833226 | CN19: =VLOOKUP(CE15, Davis!$B:$M, COLUMNS(Davis!$B$31:K$31), FALSE) -> 0.012938922 | CO19: =VLOOKUP(CE15, Davis!$B:$M, COLUMNS(Davis!$B$31:L$31), FALSE) -> 0.011708333 | CP19: =VLOOKUP(CE15, Davis!$B:$M, COLUMNS(Davis!$B$31:M$31), FALSE) -> 0.010177201
BF20: Weber | BG20: =VLOOKUP(BE17, Weber!$B:$M, COLUMNS(Weber!$B$31:D$31), FALSE) -> 0.020539153 | BH20: =VLOOKUP(BE17, Weber!$B:$M, COLUMNS(Weber!$B$31:E$31), FALSE) -> 0.016600722 | BI20: =VLOOKUP(BE17, Weber!$B:$M, COLUMNS(Weber!$B$31:F$31), FALSE) -> 0.017952058 | BJ20: =VLOOKUP(BE17, Weber!$B:$M, COLUMNS(Weber!$B$31:G$31), FALSE) -> 0.018182337 | BK20: =VLOOKUP(BE17, Weber!$B:$M, COLUMNS(Weber!$B$31:H$31), FALSE) -> 0.018644953 | BL20: =VLOOKUP(BE17, Weber!$B:$M, COLUMNS(Weber!$B$31:I$31), FALSE) -> 0.018322172 | BM20: =VLOOKUP(BE17, Weber!$B:$M, COLUMNS(Weber!$B$31:J$31), FALSE) -> 0.01844485 | BN20: =VLOOKUP(BE17, Weber!$B:$M, COLUMNS(Weber!$B$31:K$31), FALSE) -> 0.018274956 | BO20: =VLOOKUP(BE17, Weber!$B:$M, COLUMNS(Weber!$B$31:L$31), FALSE) -> 0.015397943 | BP20: =VLOOKUP(BE17, Weber!$B:$M, COLUMNS(Weber!$B$31:M$31), FALSE) -> 0.016747575 | BS20: Salt Lake | BT20: =VLOOKUP(BR15, SaltLake!$B:$M, COLUMNS(SaltLake!$B$31:D$31), FALSE) -> 0.0068310092 | BU20: =VLOOKUP(BR15, SaltLake!$B:$M, COLUMNS(SaltLake!$B$31:E$31), FALSE) -> 0.0082701439 | BV20: =VLOOKUP(BR15, SaltLake!$B:$M, COLUMNS(SaltLake!$B$31:F$31), FALSE) -> 0.0081892463 | BW20: =VLOOKUP(BR15, SaltLake!$B:$M, COLUMNS(SaltLake!$B$31:G$31), FALSE) -> 0.0086464552 | BX20: =VLOOKUP(BR15, SaltLake!$B:$M, COLUMNS(SaltLake!$B$31:H$31), FALSE) -> 0.0074854748 | BY20: =VLOOKUP(BR15, SaltLake!$B:$M, COLUMNS(SaltLake!$B$31:I$31), FALSE) -> 0.0076273782 | BZ20: =VLOOKUP(BR15, SaltLake!$B:$M, COLUMNS(SaltLake!$B$31:J$31), FALSE) -> 0.0084535961 | CA20: =VLOOKUP(BR15, SaltLake!$B:$M, COLUMNS(SaltLake!$B$31:K$31), FALSE) -> 0.0078740346 | CB20: =VLOOKUP(BR15, SaltLake!$B:$M, COLUMNS(SaltLake!$B$31:L$31), FALSE) -> 0.0086463378 | CC20: =VLOOKUP(BR15, SaltLake!$B:$M, COLUMNS(SaltLake!$B$31:M$31), FALSE) -> 0.0081470845 | CF20: Salt Lake | CG20: =VLOOKUP(CE15, SaltLake!$B:$M, COLUMNS(SaltLake!$B$31:D$31), FALSE) -> 0.0058570636 | CH20: =VLOOKUP(CE15, SaltLake!$B:$M, COLUMNS(SaltLake!$B$31:E$31), FALSE) -> 0.0062428186 | CI20: =VLOOKUP(CE15, SaltLake!$B:$M, COLUMNS(SaltLake!$B$31:F$31), FALSE) -> 0.0067501029 | CJ20: =VLOOKUP(CE15, SaltLake!$B:$M, COLUMNS(SaltLake!$B$31:G$31), FALSE) -> 0.0066051659 | CK20: =VLOOKUP(CE15, SaltLake!$B:$M, COLUMNS(SaltLake!$B$31:H$31), FALSE) -> 0.0060567096 | CL20: =VLOOKUP(CE15, SaltLake!$B:$M, COLUMNS(SaltLake!$B$31:I$31), FALSE) -> 0.005770943 | CM20: =VLOOKUP(CE15, SaltLake!$B:$M, COLUMNS(SaltLake!$B$31:J$31), FALSE) -> 0.0074588013 | CN20: =VLOOKUP(CE15, SaltLake!$B:$M, COLUMNS(SaltLake!$B$31:K$31), FALSE) -> 0.0060263942 | CO20: =VLOOKUP(CE15, SaltLake!$B:$M, COLUMNS(SaltLake!$B$31:L$31), FALSE) -> 0.0064569695 | CP20: =VLOOKUP(CE15, SaltLake!$B:$M, COLUMNS(SaltLake!$B$31:M$31), FALSE) -> 0.0074648081
BF21: Davis | BG21: =VLOOKUP(BE17, Davis!$B:$M, COLUMNS(Davis!$B$31:D$31), FALSE) -> 0.027514932 | BH21: =VLOOKUP(BE17, Davis!$B:$M, COLUMNS(Davis!$B$31:E$31), FALSE) -> 0.027754287 | BI21: =VLOOKUP(BE17, Davis!$B:$M, COLUMNS(Davis!$B$31:F$31), FALSE) -> 0.026463104 | BJ21: =VLOOKUP(BE17, Davis!$B:$M, COLUMNS(Davis!$B$31:G$31), FALSE) -> 0.027495241 | BK21: =VLOOKUP(BE17, Davis!$B:$M, COLUMNS(Davis!$B$31:H$31), FALSE) -> 0.026328244 | BL21: =VLOOKUP(BE17, Davis!$B:$M, COLUMNS(Davis!$B$31:I$31), FALSE) -> 0.027511728 | BM21: =VLOOKUP(BE17, Davis!$B:$M, COLUMNS(Davis!$B$31:J$31), FALSE) -> 0.025531915 | BN21: =VLOOKUP(BE17, Davis!$B:$M, COLUMNS(Davis!$B$31:K$31), FALSE) -> 0.025009631 | BO21: =VLOOKUP(BE17, Davis!$B:$M, COLUMNS(Davis!$B$31:L$31), FALSE) -> 0.022818758 | BP21: =VLOOKUP(BE17, Davis!$B:$M, COLUMNS(Davis!$B$31:M$31), FALSE) -> 0.020286628 | BS21: Utah | BT21: =VLOOKUP(BR15, Utah!$B:$M, COLUMNS(Utah!$B$31:D$31), FALSE) -> 0.014025414 | BU21: =VLOOKUP(BR15, Utah!$B:$M, COLUMNS(Utah!$B$31:E$31), FALSE) -> 0.012810191 | BV21: =VLOOKUP(BR15, Utah!$B:$M, COLUMNS(Utah!$B$31:F$31), FALSE) -> 0.014011698 | BW21: =VLOOKUP(BR15, Utah!$B:$M, COLUMNS(Utah!$B$31:G$31), FALSE) -> 0.011520338 | BX21: =VLOOKUP(BR15, Utah!$B:$M, COLUMNS(Utah!$B$31:H$31), FALSE) -> 0.012326211 | BY21: =VLOOKUP(BR15, Utah!$B:$M, COLUMNS(Utah!$B$31:I$31), FALSE) -> 0.011397682 | BZ21: =VLOOKUP(BR15, Utah!$B:$M, COLUMNS(Utah!$B$31:J$31), FALSE) -> 0.010166251 | CA21: =VLOOKUP(BR15, Utah!$B:$M, COLUMNS(Utah!$B$31:K$31), FALSE) -> 0.009779384 | CB21: =VLOOKUP(BR15, Utah!$B:$M, COLUMNS(Utah!$B$31:L$31), FALSE) -> 0.0089253103 | CC21: =VLOOKUP(BR15, Utah!$B:$M, COLUMNS(Utah!$B$31:M$31), FALSE) -> 0.0090584465 | CF21: Utah | CG21: =VLOOKUP(CE15, Utah!$B:$M, COLUMNS(Utah!$B$31:D$31), FALSE) -> 0.01148448 | CH21: =VLOOKUP(CE15, Utah!$B:$M, COLUMNS(Utah!$B$31:E$31), FALSE) -> 0.011483107 | CI21: =VLOOKUP(CE15, Utah!$B:$M, COLUMNS(Utah!$B$31:F$31), FALSE) -> 0.010640797 | CJ21: =VLOOKUP(CE15, Utah!$B:$M, COLUMNS(Utah!$B$31:G$31), FALSE) -> 0.01010432 | CK21: =VLOOKUP(CE15, Utah!$B:$M, COLUMNS(Utah!$B$31:H$31), FALSE) -> 0.0096283992 | CL21: =VLOOKUP(CE15, Utah!$B:$M, COLUMNS(Utah!$B$31:I$31), FALSE) -> 0.0096491141 | CM21: =VLOOKUP(CE15, Utah!$B:$M, COLUMNS(Utah!$B$31:J$31), FALSE) -> 0.0094909075 | CN21: =VLOOKUP(CE15, Utah!$B:$M, COLUMNS(Utah!$B$31:K$31), FALSE) -> 0.0082687651 | CO21: =VLOOKUP(CE15, Utah!$B:$M, COLUMNS(Utah!$B$31:L$31), FALSE) -> 0.0077941871 | CP21: =VLOOKUP(CE15, Utah!$B:$M, COLUMNS(Utah!$B$31:M$31), FALSE) -> 0.0080318187
BF22: Salt Lake | BG22: =VLOOKUP(BE17, SaltLake!$B:$M, COLUMNS(SaltLake!$B$31:D$31), FALSE) -> 0.033622633 | BH22: =VLOOKUP(BE17, SaltLake!$B:$M, COLUMNS(SaltLake!$B$31:E$31), FALSE) -> 0.032632882 | BI22: =VLOOKUP(BE17, SaltLake!$B:$M, COLUMNS(SaltLake!$B$31:F$31), FALSE) -> 0.034416183 | BJ22: =VLOOKUP(BE17, SaltLake!$B:$M, COLUMNS(SaltLake!$B$31:G$31), FALSE) -> 0.034336322 | BK22: =VLOOKUP(BE17, SaltLake!$B:$M, COLUMNS(SaltLake!$B$31:H$31), FALSE) -> 0.035475868 | BL22: =VLOOKUP(BE17, SaltLake!$B:$M, COLUMNS(SaltLake!$B$31:I$31), FALSE) -> 0.037034305 | BM22: =VLOOKUP(BE17, SaltLake!$B:$M, COLUMNS(SaltLake!$B$31:J$31), FALSE) -> 0.039358574 | BN22: =VLOOKUP(BE17, SaltLake!$B:$M, COLUMNS(SaltLake!$B$31:K$31), FALSE) -> 0.037789544 | BO22: =VLOOKUP(BE17, SaltLake!$B:$M, COLUMNS(SaltLake!$B$31:L$31), FALSE) -> 0.037740489 | BP22: =VLOOKUP(BE17, SaltLake!$B:$M, COLUMNS(SaltLake!$B$31:M$31), FALSE) -> 0.036767859 | BS22: State of Utah | BT22: =VLOOKUP(BR15, StateOfUtah!$B:$M, COLUMNS(StateOfUtah!$B$31:D$31), FALSE) -> 0.0049671642 | BU22: =VLOOKUP(BR15, StateOfUtah!$B:$M, COLUMNS(StateOfUtah!$B$31:E$31), FALSE) -> 0.0056473161 | BV22: =VLOOKUP(BR15, StateOfUtah!$B:$M, COLUMNS(StateOfUtah!$B$31:F$31), FALSE) -> 0.0049251344 | BW22: =VLOOKUP(BR15, StateOfUtah!$B:$M, COLUMNS(StateOfUtah!$B$31:G$31), FALSE) -> 0.00468065 | BX22: =VLOOKUP(BR15, StateOfUtah!$B:$M, COLUMNS(StateOfUtah!$B$31:H$31), FALSE) -> 0.0046353542 | BY22: =VLOOKUP(BR15, StateOfUtah!$B:$M, COLUMNS(StateOfUtah!$B$31:I$31), FALSE) -> 0.0047532434 | BZ22: =VLOOKUP(BR15, StateOfUtah!$B:$M, COLUMNS(StateOfUtah!$B$31:J$31), FALSE) -> 0.0050704893 | CA22: =VLOOKUP(BR15, StateOfUtah!$B:$M, COLUMNS(StateOfUtah!$B$31:K$31), FALSE) -> 0.0042535597 | CB22: =VLOOKUP(BR15, StateOfUtah!$B:$M, COLUMNS(StateOfUtah!$B$31:L$31), FALSE) -> 0.0046640189 | CC22: =VLOOKUP(BR15, StateOfUtah!$B:$M, COLUMNS(StateOfUtah!$B$31:M$31), FALSE) -> 0.0045781952 | CF22: State of Utah | CG22: =VLOOKUP(CE15, StateOfUtah!$B:$M, COLUMNS(StateOfUtah!$B$31:D$31), FALSE) -> 0.003906844 | CH22: =VLOOKUP(CE15, StateOfUtah!$B:$M, COLUMNS(StateOfUtah!$B$31:E$31), FALSE) -> 0.0043188577 | CI22: =VLOOKUP(CE15, StateOfUtah!$B:$M, COLUMNS(StateOfUtah!$B$31:F$31), FALSE) -> 0.0039058634 | CJ22: =VLOOKUP(CE15, StateOfUtah!$B:$M, COLUMNS(StateOfUtah!$B$31:G$31), FALSE) -> 0.0040250842 | CK22: =VLOOKUP(CE15, StateOfUtah!$B:$M, COLUMNS(StateOfUtah!$B$31:H$31), FALSE) -> 0.0034804733 | CL22: =VLOOKUP(CE15, StateOfUtah!$B:$M, COLUMNS(StateOfUtah!$B$31:I$31), FALSE) -> 0.0036764547 | CM22: =VLOOKUP(CE15, StateOfUtah!$B:$M, COLUMNS(StateOfUtah!$B$31:J$31), FALSE) -> 0.0043334589 | CN22: =VLOOKUP(CE15, StateOfUtah!$B:$M, COLUMNS(StateOfUtah!$B$31:K$31), FALSE) -> 0.0038490862 | CO22: =VLOOKUP(CE15, StateOfUtah!$B:$M, COLUMNS(StateOfUtah!$B$31:L$31), FALSE) -> 0.0035287702 | CP22: =VLOOKUP(CE15, StateOfUtah!$B:$M, COLUMNS(StateOfUtah!$B$31:M$31), FALSE) -> 0.0038921228
BF23: Utah | BG23: =VLOOKUP(BE17, Utah!$B:$M, COLUMNS(Utah!$B$31:D$31), FALSE) -> 0.021177808 | BH23: =VLOOKUP(BE17, Utah!$B:$M, COLUMNS(Utah!$B$31:E$31), FALSE) -> 0.020105396 | BI23: =VLOOKUP(BE17, Utah!$B:$M, COLUMNS(Utah!$B$31:F$31), FALSE) -> 0.018084156 | BJ23: =VLOOKUP(BE17, Utah!$B:$M, COLUMNS(Utah!$B$31:G$31), FALSE) -> 0.017329224 | BK23: =VLOOKUP(BE17, Utah!$B:$M, COLUMNS(Utah!$B$31:H$31), FALSE) -> 0.016771553 | BL23: =VLOOKUP(BE17, Utah!$B:$M, COLUMNS(Utah!$B$31:I$31), FALSE) -> 0.017546831 | BM23: =VLOOKUP(BE17, Utah!$B:$M, COLUMNS(Utah!$B$31:J$31), FALSE) -> 0.018449029 | BN23: =VLOOKUP(BE17, Utah!$B:$M, COLUMNS(Utah!$B$31:K$31), FALSE) -> 0.019718343 | BO23: =VLOOKUP(BE17, Utah!$B:$M, COLUMNS(Utah!$B$31:L$31), FALSE) -> 0.020501225 | BP23: =VLOOKUP(BE17, Utah!$B:$M, COLUMNS(Utah!$B$31:M$31), FALSE) -> 0.022378477 | BS23: USA | BT23: =VLOOKUP(BR15, USA!$B:$M, COLUMNS(USA!$B$31:D$31), FALSE) -> 0.0010677649 | BU23: =VLOOKUP(BR15, USA!$B:$M, COLUMNS(USA!$B$31:E$31), FALSE) -> 0.0010513135 | BV23: =VLOOKUP(BR15, USA!$B:$M, COLUMNS(USA!$B$31:F$31), FALSE) -> 0.0010750301 | BW23: =VLOOKUP(BR15, USA!$B:$M, COLUMNS(USA!$B$31:G$31), FALSE) -> 0.0010438464 | BX23: =VLOOKUP(BR15, USA!$B:$M, COLUMNS(USA!$B$31:H$31), FALSE) -> 0.0010109389 | BY23: =VLOOKUP(BR15, USA!$B:$M, COLUMNS(USA!$B$31:I$31), FALSE) -> 0.0010007805 | BZ23: =VLOOKUP(BR15, USA!$B:$M, COLUMNS(USA!$B$31:J$31), FALSE) -> 0.0010271368 | CA23: =VLOOKUP(BR15, USA!$B:$M, COLUMNS(USA!$B$31:K$31), FALSE) -> 0.0010151257 | CB23: =VLOOKUP(BR15, USA!$B:$M, COLUMNS(USA!$B$31:L$31), FALSE) -> 0.0010333308 | CC23: =VLOOKUP(BR15, USA!$B:$M, COLUMNS(USA!$B$31:M$31), FALSE) -> 0.0010780592 | CF23: USA | CG23: =VLOOKUP(CE15, USA!$B:$M, COLUMNS(USA!$B$31:D$31), FALSE) -> 0.0012206901 | CH23: =VLOOKUP(CE15, USA!$B:$M, COLUMNS(USA!$B$31:E$31), FALSE) -> 0.001294813 | CI23: =VLOOKUP(CE15, USA!$B:$M, COLUMNS(USA!$B$31:F$31), FALSE) -> 0.0013440352 | CJ23: =VLOOKUP(CE15, USA!$B:$M, COLUMNS(USA!$B$31:G$31), FALSE) -> 0.0013442704 | CK23: =VLOOKUP(CE15, USA!$B:$M, COLUMNS(USA!$B$31:H$31), FALSE) -> 0.0013026445 | CL23: =VLOOKUP(CE15, USA!$B:$M, COLUMNS(USA!$B$31:I$31), FALSE) -> 0.0012830488 | CM23: =VLOOKUP(CE15, USA!$B:$M, COLUMNS(USA!$B$31:J$31), FALSE) -> 0.0013353622 | CN23: =VLOOKUP(CE15, USA!$B:$M, COLUMNS(USA!$B$31:K$31), FALSE) -> 0.0013593306 | CO23: =VLOOKUP(CE15, USA!$B:$M, COLUMNS(USA!$B$31:L$31), FALSE) -> 0.0014232679 | CP23: =VLOOKUP(CE15, USA!$B:$M, COLUMNS(USA!$B$31:M$31), FALSE) -> 0.0014578662
BF24: State of Utah | BG24: =VLOOKUP(BE17, StateOfUtah!$B:$M, COLUMNS(StateOfUtah!$B$31:D$31), FALSE) -> 0.024005672 | BH24: =VLOOKUP(BE17, StateOfUtah!$B:$M, COLUMNS(StateOfUtah!$B$31:E$31), FALSE) -> 0.023371801 | BI24: =VLOOKUP(BE17, StateOfUtah!$B:$M, COLUMNS(StateOfUtah!$B$31:F$31), FALSE) -> 0.023844821 | BJ24: =VLOOKUP(BE17, StateOfUtah!$B:$M, COLUMNS(StateOfUtah!$B$31:G$31), FALSE) -> 0.023599143 | BK24: =VLOOKUP(BE17, StateOfUtah!$B:$M, COLUMNS(StateOfUtah!$B$31:H$31), FALSE) -> 0.024036658 | BL24: =VLOOKUP(BE17, StateOfUtah!$B:$M, COLUMNS(StateOfUtah!$B$31:I$31), FALSE) -> 0.025166977 | BM24: =VLOOKUP(BE17, StateOfUtah!$B:$M, COLUMNS(StateOfUtah!$B$31:J$31), FALSE) -> 0.025623072 | BN24: =VLOOKUP(BE17, StateOfUtah!$B:$M, COLUMNS(StateOfUtah!$B$31:K$31), FALSE) -> 0.025037752 | BO24: =VLOOKUP(BE17, StateOfUtah!$B:$M, COLUMNS(StateOfUtah!$B$31:L$31), FALSE) -> 0.024660189 | BP24: =VLOOKUP(BE17, StateOfUtah!$B:$M, COLUMNS(StateOfUtah!$B$31:M$31), FALSE) -> 0.024353332
BF25: USA | BG25: =VLOOKUP(BE17, USA!$B:$M, COLUMNS(USA!$B$31:D$31), FALSE) -> 0.049353548 | BH25: =VLOOKUP(BE17, USA!$B:$M, COLUMNS(USA!$B$31:E$31), FALSE) -> 0.049575016 | BI25: =VLOOKUP(BE17, USA!$B:$M, COLUMNS(USA!$B$31:F$31), FALSE) -> 0.049807047 | BJ25: =VLOOKUP(BE17, USA!$B:$M, COLUMNS(USA!$B$31:G$31), FALSE) -> 0.050081482 | BK25: =VLOOKUP(BE17, USA!$B:$M, COLUMNS(USA!$B$31:H$31), FALSE) -> 0.050642532 | BL25: =VLOOKUP(BE17, USA!$B:$M, COLUMNS(USA!$B$31:I$31), FALSE) -> 0.051260117 | BM25: =VLOOKUP(BE17, USA!$B:$M, COLUMNS(USA!$B$31:J$31), FALSE) -> 0.051256338 | BN25: =VLOOKUP(BE17, USA!$B:$M, COLUMNS(USA!$B$31:K$31), FALSE) -> 0.051255153 | BO25: =VLOOKUP(BE17, USA!$B:$M, COLUMNS(USA!$B$31:L$31), FALSE) -> 0.050488758 | BP25: =VLOOKUP(BE17, USA!$B:$M, COLUMNS(USA!$B$31:M$31), FALSE) -> 0.050028618 | BR25: 204 | BS25: Carpooled
BT26: 2010 | BU26: 2011 | BV26: 2012 | BW26: 2013 | BX26: 2014 | BY26: 2015 | BZ26: 2016 | CA26: 2017 | CB26: 2018 | CC26: 2019
BS27: Wasatch Front | BT27: =VLOOKUP(BR25, WasatchFront!$B:$M, COLUMNS(WasatchFront!$B$31:D$31), FALSE) -> 0.043125595 | BU27: =VLOOKUP(BR25, WasatchFront!$B:$M, COLUMNS(WasatchFront!$B$31:E$31), FALSE) -> 0.046920195 | BV27: =VLOOKUP(BR25, WasatchFront!$B:$M, COLUMNS(WasatchFront!$B$31:F$31), FALSE) -> 0.045299613 | BW27: =VLOOKUP(BR25, WasatchFront!$B:$M, COLUMNS(WasatchFront!$B$31:G$31), FALSE) -> 0.041503109 | BX27: =VLOOKUP(BR25, WasatchFront!$B:$M, COLUMNS(WasatchFront!$B$31:H$31), FALSE) -> 0.043276833 | BY27: =VLOOKUP(BR25, WasatchFront!$B:$M, COLUMNS(WasatchFront!$B$31:I$31), FALSE) -> 0.042042341 | BZ27: =VLOOKUP(BR25, WasatchFront!$B:$M, COLUMNS(WasatchFront!$B$31:J$31), FALSE) -> 0.040286407 | CA27: =VLOOKUP(BR25, WasatchFront!$B:$M, COLUMNS(WasatchFront!$B$31:K$31), FALSE) -> 0.040682535 | CB27: =VLOOKUP(BR25, WasatchFront!$B:$M, COLUMNS(WasatchFront!$B$31:L$31), FALSE) -> 0.041003937 | CC27: =VLOOKUP(BR25, WasatchFront!$B:$M, COLUMNS(WasatchFront!$B$31:M$31), FALSE) -> 0.040244473
BS28: Weber | BT28: =VLOOKUP(BR25, Weber!$B:$M, COLUMNS(Weber!$B$31:D$31), FALSE) -> 0.072825568 | BU28: =VLOOKUP(BR25, Weber!$B:$M, COLUMNS(Weber!$B$31:E$31), FALSE) -> 0.066486185 | BV28: =VLOOKUP(BR25, Weber!$B:$M, COLUMNS(Weber!$B$31:F$31), FALSE) -> 0.061728395 | BW28: =VLOOKUP(BR25, Weber!$B:$M, COLUMNS(Weber!$B$31:G$31), FALSE) -> 0.067676614 | BX28: =VLOOKUP(BR25, Weber!$B:$M, COLUMNS(Weber!$B$31:H$31), FALSE) -> 0.064034458 | BY28: =VLOOKUP(BR25, Weber!$B:$M, COLUMNS(Weber!$B$31:I$31), FALSE) -> 0.060764155 | BZ28: =VLOOKUP(BR25, Weber!$B:$M, COLUMNS(Weber!$B$31:J$31), FALSE) -> 0.074989899 | CA28: =VLOOKUP(BR25, Weber!$B:$M, COLUMNS(Weber!$B$31:K$31), FALSE) -> 0.072115385 | CB28: =VLOOKUP(BR25, Weber!$B:$M, COLUMNS(Weber!$B$31:L$31), FALSE) -> 0.068633302 | CC28: =VLOOKUP(BR25, Weber!$B:$M, COLUMNS(Weber!$B$31:M$31), FALSE) -> 0.055824213
BF29: Share of Workers that Used Non-Motorized Transportation | BS29: Davis | BT29: =VLOOKUP(BR25, Davis!$B:$M, COLUMNS(Davis!$B$31:D$31), FALSE) -> 0.049864499 | BU29: =VLOOKUP(BR25, Davis!$B:$M, COLUMNS(Davis!$B$31:E$31), FALSE) -> 0.063809588 | BV29: =VLOOKUP(BR25, Davis!$B:$M, COLUMNS(Davis!$B$31:F$31), FALSE) -> 0.072399705 | BW29: =VLOOKUP(BR25, Davis!$B:$M, COLUMNS(Davis!$B$31:G$31), FALSE) -> 0.057513915 | BX29: =VLOOKUP(BR25, Davis!$B:$M, COLUMNS(Davis!$B$31:H$31), FALSE) -> 0.056138003 | BY29: =VLOOKUP(BR25, Davis!$B:$M, COLUMNS(Davis!$B$31:I$31), FALSE) -> 0.067236549 | BZ29: =VLOOKUP(BR25, Davis!$B:$M, COLUMNS(Davis!$B$31:J$31), FALSE) -> 0.055786231 | CA29: =VLOOKUP(BR25, Davis!$B:$M, COLUMNS(Davis!$B$31:K$31), FALSE) -> 0.05703088 | CB29: =VLOOKUP(BR25, Davis!$B:$M, COLUMNS(Davis!$B$31:L$31), FALSE) -> 0.061678064 | CC29: =VLOOKUP(BR25, Davis!$B:$M, COLUMNS(Davis!$B$31:M$31), FALSE) -> 0.061700275
BG30: 2010 | BH30: 2011 | BI30: 2012 | BJ30: 2013 | BK30: 2014 | BL30: 2015 | BM30: 2016 | BN30: 2017 | BO30: 2018 | BP30: 2019 | BS30: Salt Lake | BT30: =VLOOKUP(BR25, SaltLake!$B:$M, COLUMNS(SaltLake!$B$31:D$31), FALSE) -> 0.031975334 | BU30: =VLOOKUP(BR25, SaltLake!$B:$M, COLUMNS(SaltLake!$B$31:E$31), FALSE) -> 0.035713668 | BV30: =VLOOKUP(BR25, SaltLake!$B:$M, COLUMNS(SaltLake!$B$31:F$31), FALSE) -> 0.032289712 | BW30: =VLOOKUP(BR25, SaltLake!$B:$M, COLUMNS(SaltLake!$B$31:G$31), FALSE) -> 0.03209376 | BX30: =VLOOKUP(BR25, SaltLake!$B:$M, COLUMNS(SaltLake!$B$31:H$31), FALSE) -> 0.034818987 | BY30: =VLOOKUP(BR25, SaltLake!$B:$M, COLUMNS(SaltLake!$B$31:I$31), FALSE) -> 0.033464411 | BZ30: =VLOOKUP(BR25, SaltLake!$B:$M, COLUMNS(SaltLake!$B$31:J$31), FALSE) -> 0.030321187 | CA30: =VLOOKUP(BR25, SaltLake!$B:$M, COLUMNS(SaltLake!$B$31:K$31), FALSE) -> 0.032828006 | CB30: =VLOOKUP(BR25, SaltLake!$B:$M, COLUMNS(SaltLake!$B$31:L$31), FALSE) -> 0.030974469 | CC30: =VLOOKUP(BR25, SaltLake!$B:$M, COLUMNS(SaltLake!$B$31:M$31), FALSE) -> 0.031695123
BF31: Wasatch Front | BG31: =BG41 + BG51 -> 0.032886369 | BH31: =BH41 + BH51 -> 0.033777635 | BI31: =BI41 + BI51 -> 0.033953611 | BJ31: =BJ41 + BJ51 -> 0.032944266 | BK31: =BK41 + BK51 -> 0.031755668 | BL31: =BL41 + BL51 -> 0.032576159 | BM31: =BM41 + BM51 -> 0.033259575 | BN31: =BN41 + BN51 -> 0.032470797 | ... BP31: =BP41 + BP51 -> 0.031512132 | BS31: Utah | BT31: =VLOOKUP(BR25, Utah!$B:$M, COLUMNS(Utah!$B$31:D$31), FALSE) -> 0.049626752 | BU31: =VLOOKUP(BR25, Utah!$B:$M, COLUMNS(Utah!$B$31:E$31), FALSE) -> 0.052527327 | BV31: =VLOOKUP(BR25, Utah!$B:$M, COLUMNS(Utah!$B$31:F$31), FALSE) -> 0.050237636 | BW31: =VLOOKUP(BR25, Utah!$B:$M, COLUMNS(Utah!$B$31:G$31), FALSE) -> 0.040927595 | BX31: =VLOOKUP(BR25, Utah!$B:$M, COLUMNS(Utah!$B$31:H$31), FALSE) -> 0.045055021 | BY31: =VLOOKUP(BR25, Utah!$B:$M, COLUMNS(Utah!$B$31:I$31), FALSE) -> 0.040332737 | BZ31: =VLOOKUP(BR25, Utah!$B:$M, COLUMNS(Utah!$B$31:J$31), FALSE) -> 0.039312205 | CA31: =VLOOKUP(BR25, Utah!$B:$M, COLUMNS(Utah!$B$31:K$31), FALSE) -> 0.036865275 | CB31: =VLOOKUP(BR25, Utah!$B:$M, COLUMNS(Utah!$B$31:L$31), FALSE) -> 0.041523644 | CC31: =VLOOKUP(BR25, Utah!$B:$M, COLUMNS(Utah!$B$31:M$31), FALSE) -> 0.041514119
BF32: Weber | BG32: =BG42 + BG52 -> 0.017320185 | BH32: =BH42 + BH52 -> 0.019145005 | BI32: =BI42 + BI52 -> 0.020072455 | BJ32: =BJ42 + BJ52 -> 0.018981561 | BK32: =BK42 + BK52 -> 0.01963363 | BL32: =BL42 + BL52 -> 0.019059112 | BM32: =BM42 + BM52 -> 0.019333866 | BN32: =BN42 + BN52 -> 0.01762697 | ... BP32: =BP42 + BP52 -> 0.017233848 | BS32: State of Utah | BT32: =VLOOKUP(BR25, StateOfUtah!$B:$M, COLUMNS(StateOfUtah!$B$31:D$31), FALSE) -> 0.020416017 | BU32: =VLOOKUP(BR25, StateOfUtah!$B:$M, COLUMNS(StateOfUtah!$B$31:E$31), FALSE) -> 0.019592752 | BV32: =VLOOKUP(BR25, StateOfUtah!$B:$M, COLUMNS(StateOfUtah!$B$31:F$31), FALSE) -> 0.0201283 | BW32: =VLOOKUP(BR25, StateOfUtah!$B:$M, COLUMNS(StateOfUtah!$B$31:G$31), FALSE) -> 0.019350979 | BX32: =VLOOKUP(BR25, StateOfUtah!$B:$M, COLUMNS(StateOfUtah!$B$31:H$31), FALSE) -> 0.020268411 | BY32: =VLOOKUP(BR25, StateOfUtah!$B:$M, COLUMNS(StateOfUtah!$B$31:I$31), FALSE) -> 0.018381465 | BZ32: =VLOOKUP(BR25, StateOfUtah!$B:$M, COLUMNS(StateOfUtah!$B$31:J$31), FALSE) -> 0.020007747 | CA32: =VLOOKUP(BR25, StateOfUtah!$B:$M, COLUMNS(StateOfUtah!$B$31:K$31), FALSE) -> 0.020155363 | CB32: =VLOOKUP(BR25, StateOfUtah!$B:$M, COLUMNS(StateOfUtah!$B$31:L$31), FALSE) -> 0.020012258 | CC32: =VLOOKUP(BR25, StateOfUtah!$B:$M, COLUMNS(StateOfUtah!$B$31:M$31), FALSE) -> 0.017766164
BF33: Davis | BG33: =BG43 + BG53 -> 0.01476411 | BH33: =BH43 + BH53 -> 0.017212469 | BI33: =BI43 + BI53 -> 0.016528689 | BJ33: =BJ43 + BJ53 -> 0.015768389 | BK33: =BK43 + BK53 -> 0.016717008 | BL33: =BL43 + BL53 -> 0.020566299 | BM33: =BM43 + BM53 -> 0.020202885 | BN33: =BN43 + BN53 -> 0.018357519 | ... BP33: =BP43 + BP53 -> 0.016782851 | BS33: USA | BT33: =VLOOKUP(BR25, USA!$B:$M, COLUMNS(USA!$B$31:D$31), FALSE) -> 0.0033794539 | BU33: =VLOOKUP(BR25, USA!$B:$M, COLUMNS(USA!$B$31:E$31), FALSE) -> 0.0039226076 | BV33: =VLOOKUP(BR25, USA!$B:$M, COLUMNS(USA!$B$31:F$31), FALSE) -> 0.0043773921 | BW33: =VLOOKUP(BR25, USA!$B:$M, COLUMNS(USA!$B$31:G$31), FALSE) -> 0.004453219 | BX33: =VLOOKUP(BR25, USA!$B:$M, COLUMNS(USA!$B$31:H$31), FALSE) -> 0.0045497527 | BY33: =VLOOKUP(BR25, USA!$B:$M, COLUMNS(USA!$B$31:I$31), FALSE) -> 0.0044397601 | BZ33: =VLOOKUP(BR25, USA!$B:$M, COLUMNS(USA!$B$31:J$31), FALSE) -> 0.0048054984 | CA33: =VLOOKUP(BR25, USA!$B:$M, COLUMNS(USA!$B$31:K$31), FALSE) -> 0.0051301969 | CB33: =VLOOKUP(BR25, USA!$B:$M, COLUMNS(USA!$B$31:L$31), FALSE) -> 0.005452466 | CC33: =VLOOKUP(BR25, USA!$B:$M, COLUMNS(USA!$B$31:M$31), FALSE) -> 0.0059345232
BF34: Salt Lake | BG34: =BG44 + BG54 -> 0.030520229 | BH34: =BH44 + BH54 -> 0.030405706 | BI34: =BI44 + BI54 -> 0.030754887 | BJ34: =BJ44 + BJ54 -> 0.029661219 | BK34: =BK44 + BK54 -> 0.02890143 | BL34: =BL44 + BL54 -> 0.029941785 | BM34: =BM44 + BM54 -> 0.030894285 | BN34: =BN44 + BN54 -> 0.030769203 | ... BP34: =BP44 + BP54 -> 0.029597826
BF35: Utah | BG35: =BG45 + BG55 -> 0.057888577 | BH35: =BH45 + BH55 -> 0.05917929 | BI35: =BI45 + BI55 -> 0.058985536 | BJ35: =BJ45 + BJ55 -> 0.057949104 | BK35: =BK45 + BK55 -> 0.053434846 | BL35: =BL45 + BL55 -> 0.0522213 | BM35: =BM45 + BM55 -> 0.052834638 | BN35: =BN45 + BN55 -> 0.051588367 | ... BP35: =BP45 + BP55 -> 0.050573116 | BR35: 208 | BS35: Public Transportation
BF36: State of Utah | BG36: =BG46 + BG56 -> 0.035948531 | BH36: =BH46 + BH56 -> 0.036085582 | BI36: =BI46 + BI56 -> 0.035936044 | BJ36: =BJ46 + BJ56 -> 0.035125544 | BK36: =BK46 + BK56 -> 0.033736947 | BL36: =BL46 + BL56 -> 0.033891589 | BM36: =BM46 + BM56 -> 0.034331331 | BN36: =BN46 + BN56 -> 0.033132227 | ... BP36: =BP46 + BP56 -> 0.031741118 | BT36: 2010 | BU36: 2011 | BV36: 2012 | BW36: 2013 | BX36: 2014 | BY36: 2015 | BZ36: 2016 | CA36: 2017 | CB36: 2018 | CC36: 2019
BF37: USA | BG37: =BG47 + BG57 -> 0.033597385 | BH37: =BH47 + BH57 -> 0.033642715 | BI37: =BI47 + BI57 -> 0.033769105 | BJ37: =BJ47 + BJ57 -> 0.033803309 | BK37: =BK47 + BK57 -> 0.033712779 | BL37: =BL47 + BL57 -> 0.033831997 | BM37: =BM47 + BM57 -> 0.033653393 | BN37: =BN47 + BN57 -> 0.033153435 | ... BP37: =BP47 + BP57 -> 0.032157082 | BS37: Wasatch Front | BT37: =VLOOKUP(BR35, WasatchFront!$B:$M, COLUMNS(WasatchFront!$B$31:D$31), FALSE) -> 0.086009819 | BU37: =VLOOKUP(BR35, WasatchFront!$B:$M, COLUMNS(WasatchFront!$B$31:E$31), FALSE) -> 0.083134386 | BV37: =VLOOKUP(BR35, WasatchFront!$B:$M, COLUMNS(WasatchFront!$B$31:F$31), FALSE) -> 0.084380141 | BW37: =VLOOKUP(BR35, WasatchFront!$B:$M, COLUMNS(WasatchFront!$B$31:G$31), FALSE) -> 0.080644562 | BX37: =VLOOKUP(BR35, WasatchFront!$B:$M, COLUMNS(WasatchFront!$B$31:H$31), FALSE) -> 0.079935275 | BY37: =VLOOKUP(BR35, WasatchFront!$B:$M, COLUMNS(WasatchFront!$B$31:I$31), FALSE) -> 0.075226586 | BZ37: =VLOOKUP(BR35, WasatchFront!$B:$M, COLUMNS(WasatchFront!$B$31:J$31), FALSE) -> 0.076598956 | CA37: =VLOOKUP(BR35, WasatchFront!$B:$M, COLUMNS(WasatchFront!$B$31:K$31), FALSE) -> 0.073574418 | CB37: =VLOOKUP(BR35, WasatchFront!$B:$M, COLUMNS(WasatchFront!$B$31:L$31), FALSE) -> 0.076333519 | CC37: =VLOOKUP(BR35, WasatchFront!$B:$M, COLUMNS(WasatchFront!$B$31:M$31), FALSE) -> 0.073448725
BS38: Weber | BT38: =VLOOKUP(BR35, Weber!$B:$M, COLUMNS(Weber!$B$31:D$31), FALSE) -> 0.15151515 | BU38: =VLOOKUP(BR35, Weber!$B:$M, COLUMNS(Weber!$B$31:E$31), FALSE) -> 0.17540793 | BV38: =VLOOKUP(BR35, Weber!$B:$M, COLUMNS(Weber!$B$31:F$31), FALSE) -> 0.16472458 | BW38: =VLOOKUP(BR35, Weber!$B:$M, COLUMNS(Weber!$B$31:G$31), FALSE) -> 0.16221873 | BX38: =VLOOKUP(BR35, Weber!$B:$M, COLUMNS(Weber!$B$31:H$31), FALSE) -> 0.15357679 | BY38: =VLOOKUP(BR35, Weber!$B:$M, COLUMNS(Weber!$B$31:I$31), FALSE) -> 0.17948718 | BZ38: =VLOOKUP(BR35, Weber!$B:$M, COLUMNS(Weber!$B$31:J$31), FALSE) -> 0.18257059 | CA38: =VLOOKUP(BR35, Weber!$B:$M, COLUMNS(Weber!$B$31:K$31), FALSE) -> 0.15812171 | CB38: =VLOOKUP(BR35, Weber!$B:$M, COLUMNS(Weber!$B$31:L$31), FALSE) -> 0.16271373 | CC38: =VLOOKUP(BR35, Weber!$B:$M, COLUMNS(Weber!$B$31:M$31), FALSE) -> 0.16338583
BE39: 114 | BF39: Share of Workers that Biked | BS39: Davis | BT39: =VLOOKUP(BR35, Davis!$B:$M, COLUMNS(Davis!$B$31:D$31), FALSE) -> 0.15799458 | BU39: =VLOOKUP(BR35, Davis!$B:$M, COLUMNS(Davis!$B$31:E$31), FALSE) -> 0.1344891 | BV39: =VLOOKUP(BR35, Davis!$B:$M, COLUMNS(Davis!$B$31:F$31), FALSE) -> 0.12946912 | BW39: =VLOOKUP(BR35, Davis!$B:$M, COLUMNS(Davis!$B$31:G$31), FALSE) -> 0.10953242 | BX39: =VLOOKUP(BR35, Davis!$B:$M, COLUMNS(Davis!$B$31:H$31), FALSE) -> 0.10837959 | BY39: =VLOOKUP(BR35, Davis!$B:$M, COLUMNS(Davis!$B$31:I$31), FALSE) -> 0.10598626 | BZ39: =VLOOKUP(BR35, Davis!$B:$M, COLUMNS(Davis!$B$31:J$31), FALSE) -> 0.13106295 | CA39: =VLOOKUP(BR35, Davis!$B:$M, COLUMNS(Davis!$B$31:K$31), FALSE) -> 0.12554557 | CB39: =VLOOKUP(BR35, Davis!$B:$M, COLUMNS(Davis!$B$31:L$31), FALSE) -> 0.11135612 | CC39: =VLOOKUP(BR35, Davis!$B:$M, COLUMNS(Davis!$B$31:M$31), FALSE) -> 0.11664168
BG40: 2010 | BH40: 2011 | BI40: 2012 | BJ40: 2013 | BK40: 2014 | BL40: 2015 | BM40: 2016 | BN40: 2017 | BO40: 2018 | BP40: 2019 | BS40: Salt Lake | BT40: =VLOOKUP(BR35, SaltLake!$B:$M, COLUMNS(SaltLake!$B$31:D$31), FALSE) -> 0.056661005 | BU40: =VLOOKUP(BR35, SaltLake!$B:$M, COLUMNS(SaltLake!$B$31:E$31), FALSE) -> 0.053248202 | BV40: =VLOOKUP(BR35, SaltLake!$B:$M, COLUMNS(SaltLake!$B$31:F$31), FALSE) -> 0.058132775 | BW40: =VLOOKUP(BR35, SaltLake!$B:$M, COLUMNS(SaltLake!$B$31:G$31), FALSE) -> 0.060250708 | BX40: =VLOOKUP(BR35, SaltLake!$B:$M, COLUMNS(SaltLake!$B$31:H$31), FALSE) -> 0.058626558 | BY40: =VLOOKUP(BR35, SaltLake!$B:$M, COLUMNS(SaltLake!$B$31:I$31), FALSE) -> 0.049282468 | BZ40: =VLOOKUP(BR35, SaltLake!$B:$M, COLUMNS(SaltLake!$B$31:J$31), FALSE) -> 0.050482797 | CA40: =VLOOKUP(BR35, SaltLake!$B:$M, COLUMNS(SaltLake!$B$31:K$31), FALSE) -> 0.052216468 | CB40: =VLOOKUP(BR35, SaltLake!$B:$M, COLUMNS(SaltLake!$B$31:L$31), FALSE) -> 0.060271805 | CC40: =VLOOKUP(BR35, SaltLake!$B:$M, COLUMNS(SaltLake!$B$31:M$31), FALSE) -> 0.058222533
BF41: Wasatch Front | BG41: =VLOOKUP(BE39, WasatchFront!$B:$M, COLUMNS(WasatchFront!$B$31:D$31), FALSE) -> 0.0069863343 | BH41: =VLOOKUP(BE39, WasatchFront!$B:$M, COLUMNS(WasatchFront!$B$31:E$31), FALSE) -> 0.0070879112 | BI41: =VLOOKUP(BE39, WasatchFront!$B:$M, COLUMNS(WasatchFront!$B$31:F$31), FALSE) -> 0.0075678424 | BJ41: =VLOOKUP(BE39, WasatchFront!$B:$M, COLUMNS(WasatchFront!$B$31:G$31), FALSE) -> 0.0079134166 | BK41: =VLOOKUP(BE39, WasatchFront!$B:$M, COLUMNS(WasatchFront!$B$31:H$31), FALSE) -> 0.0079787502 | BL41: =VLOOKUP(BE39, WasatchFront!$B:$M, COLUMNS(WasatchFront!$B$31:I$31), FALSE) -> 0.0086383596 | BM41: =VLOOKUP(BE39, WasatchFront!$B:$M, COLUMNS(WasatchFront!$B$31:J$31), FALSE) -> 0.0084675785 | BN41: =VLOOKUP(BE39, WasatchFront!$B:$M, COLUMNS(WasatchFront!$B$31:K$31), FALSE) -> 0.0079890085 | BO41: =VLOOKUP(BE39, WasatchFront!$B:$M, COLUMNS(WasatchFront!$B$31:L$31), FALSE) -> 0.0076951812 | BP41: =VLOOKUP(BE39, WasatchFront!$B:$M, COLUMNS(WasatchFront!$B$31:M$31), FALSE) -> 0.0073569349 | BS41: Utah | BT41: =VLOOKUP(BR35, Utah!$B:$M, COLUMNS(Utah!$B$31:D$31), FALSE) -> 0.10416193 | BU41: =VLOOKUP(BR35, Utah!$B:$M, COLUMNS(Utah!$B$31:E$31), FALSE) -> 0.11286211 | BV41: =VLOOKUP(BR35, Utah!$B:$M, COLUMNS(Utah!$B$31:F$31), FALSE) -> 0.11800303 | BW41: =VLOOKUP(BR35, Utah!$B:$M, COLUMNS(Utah!$B$31:G$31), FALSE) -> 0.10286458 | BX41: =VLOOKUP(BR35, Utah!$B:$M, COLUMNS(Utah!$B$31:H$31), FALSE) -> 0.11493046 | BY41: =VLOOKUP(BR35, Utah!$B:$M, COLUMNS(Utah!$B$31:I$31), FALSE) -> 0.11751931 | BZ41: =VLOOKUP(BR35, Utah!$B:$M, COLUMNS(Utah!$B$31:J$31), FALSE) -> 0.10489202 | CA41: =VLOOKUP(BR35, Utah!$B:$M, COLUMNS(Utah!$B$31:K$31), FALSE) -> 0.087722812 | CB41: =VLOOKUP(BR35, Utah!$B:$M, COLUMNS(Utah!$B$31:L$31), FALSE) -> 0.087645001 | CC41: =VLOOKUP(BR35, Utah!$B:$M, COLUMNS(Utah!$B$31:M$31), FALSE) -> 0.073379667
BF42: Weber | BG42: =VLOOKUP(BE39, Weber!$B:$M, COLUMNS(Weber!$B$31:D$31), FALSE) -> 0.0035009919 | BH42: =VLOOKUP(BE39, Weber!$B:$M, COLUMNS(Weber!$B$31:E$31), FALSE) -> 0.003260165 | BI42: =VLOOKUP(BE39, Weber!$B:$M, COLUMNS(Weber!$B$31:F$31), FALSE) -> 0.0036988086 | BJ42: =VLOOKUP(BE39, Weber!$B:$M, COLUMNS(Weber!$B$31:G$31), FALSE) -> 0.0041483511 | BK42: =VLOOKUP(BE39, Weber!$B:$M, COLUMNS(Weber!$B$31:H$31), FALSE) -> 0.0042531759 | BL42: =VLOOKUP(BE39, Weber!$B:$M, COLUMNS(Weber!$B$31:I$31), FALSE) -> 0.0053612388 | BM42: =VLOOKUP(BE39, Weber!$B:$M, COLUMNS(Weber!$B$31:J$31), FALSE) -> 0.0055316589 | BN42: =VLOOKUP(BE39, Weber!$B:$M, COLUMNS(Weber!$B$31:K$31), FALSE) -> 0.0049299475 | BO42: =VLOOKUP(BE39, Weber!$B:$M, COLUMNS(Weber!$B$31:L$31), FALSE) -> 0.0044248915 | BP42: =VLOOKUP(BE39, Weber!$B:$M, COLUMNS(Weber!$B$31:M$31), FALSE) -> 0.0045248123 | BS42: State of Utah | BT42: =VLOOKUP(BR35, StateOfUtah!$B:$M, COLUMNS(StateOfUtah!$B$31:D$31), FALSE) -> 0.041002122 | BU42: =VLOOKUP(BR35, StateOfUtah!$B:$M, COLUMNS(StateOfUtah!$B$31:E$31), FALSE) -> 0.043684776 | BV42: =VLOOKUP(BR35, StateOfUtah!$B:$M, COLUMNS(StateOfUtah!$B$31:F$31), FALSE) -> 0.044255805 | BW42: =VLOOKUP(BR35, StateOfUtah!$B:$M, COLUMNS(StateOfUtah!$B$31:G$31), FALSE) -> 0.040951612 | BX42: =VLOOKUP(BR35, StateOfUtah!$B:$M, COLUMNS(StateOfUtah!$B$31:H$31), FALSE) -> 0.043149596 | BY42: =VLOOKUP(BR35, StateOfUtah!$B:$M, COLUMNS(StateOfUtah!$B$31:I$31), FALSE) -> 0.03913423 | BZ42: =VLOOKUP(BR35, StateOfUtah!$B:$M, COLUMNS(StateOfUtah!$B$31:J$31), FALSE) -> 0.040859224 | CA42: =VLOOKUP(BR35, StateOfUtah!$B:$M, COLUMNS(StateOfUtah!$B$31:K$31), FALSE) -> 0.040705174 | CB42: =VLOOKUP(BR35, StateOfUtah!$B:$M, COLUMNS(StateOfUtah!$B$31:L$31), FALSE) -> 0.040878101 | CC42: =VLOOKUP(BR35, StateOfUtah!$B:$M, COLUMNS(StateOfUtah!$B$31:M$31), FALSE) -> 0.043297252
BF43: Davis | BG43: =VLOOKUP(BE39, Davis!$B:$M, COLUMNS(Davis!$B$31:D$31), FALSE) -> 0.002244443 | BH43: =VLOOKUP(BE39, Davis!$B:$M, COLUMNS(Davis!$B$31:E$31), FALSE) -> 0.002362067 | BI43: =VLOOKUP(BE39, Davis!$B:$M, COLUMNS(Davis!$B$31:F$31), FALSE) -> 0.0024513493 | BJ43: =VLOOKUP(BE39, Davis!$B:$M, COLUMNS(Davis!$B$31:G$31), FALSE) -> 0.0029974146 | BK43: =VLOOKUP(BE39, Davis!$B:$M, COLUMNS(Davis!$B$31:H$31), FALSE) -> 0.0032919004 | BL43: =VLOOKUP(BE39, Davis!$B:$M, COLUMNS(Davis!$B$31:I$31), FALSE) -> 0.0044682933 | BM43: =VLOOKUP(BE39, Davis!$B:$M, COLUMNS(Davis!$B$31:J$31), FALSE) -> 0.0047032475 | BN43: =VLOOKUP(BE39, Davis!$B:$M, COLUMNS(Davis!$B$31:K$31), FALSE) -> 0.0040837293 | BO43: =VLOOKUP(BE39, Davis!$B:$M, COLUMNS(Davis!$B$31:L$31), FALSE) -> 0.0033963973 | BP43: =VLOOKUP(BE39, Davis!$B:$M, COLUMNS(Davis!$B$31:M$31), FALSE) -> 0.0039356668 | BS43: USA | BT43: =VLOOKUP(BR35, USA!$B:$M, COLUMNS(USA!$B$31:D$31), FALSE) -> 0.0027437423 | BU43: =VLOOKUP(BR35, USA!$B:$M, COLUMNS(USA!$B$31:E$31), FALSE) -> 0.002622655 | BV43: =VLOOKUP(BR35, USA!$B:$M, COLUMNS(USA!$B$31:F$31), FALSE) -> 0.0028372391 | BW43: =VLOOKUP(BR35, USA!$B:$M, COLUMNS(USA!$B$31:G$31), FALSE) -> 0.0030195457 | BX43: =VLOOKUP(BR35, USA!$B:$M, COLUMNS(USA!$B$31:H$31), FALSE) -> 0.0026121625 | BY43: =VLOOKUP(BR35, USA!$B:$M, COLUMNS(USA!$B$31:I$31), FALSE) -> 0.00262373 | BZ43: =VLOOKUP(BR35, USA!$B:$M, COLUMNS(USA!$B$31:J$31), FALSE) -> 0.0024653867 | CA43: =VLOOKUP(BR35, USA!$B:$M, COLUMNS(USA!$B$31:K$31), FALSE) -> 0.0025916458 | CB43: =VLOOKUP(BR35, USA!$B:$M, COLUMNS(USA!$B$31:L$31), FALSE) -> 0.0027193641 | CC43: =VLOOKUP(BR35, USA!$B:$M, COLUMNS(USA!$B$31:M$31), FALSE) -> 0.0028139707
BF44: Salt Lake | BG44: =VLOOKUP(BE39, SaltLake!$B:$M, COLUMNS(SaltLake!$B$31:D$31), FALSE) -> 0.0079365241 | BH44: =VLOOKUP(BE39, SaltLake!$B:$M, COLUMNS(SaltLake!$B$31:E$31), FALSE) -> 0.0075938408 | BI44: =VLOOKUP(BE39, SaltLake!$B:$M, COLUMNS(SaltLake!$B$31:F$31), FALSE) -> 0.007988828 | BJ44: =VLOOKUP(BE39, SaltLake!$B:$M, COLUMNS(SaltLake!$B$31:G$31), FALSE) -> 0.0081382894 | BK44: =VLOOKUP(BE39, SaltLake!$B:$M, COLUMNS(SaltLake!$B$31:H$31), FALSE) -> 0.0082160996 | BL44: =VLOOKUP(BE39, SaltLake!$B:$M, COLUMNS(SaltLake!$B$31:I$31), FALSE) -> 0.0086604404 | BM44: =VLOOKUP(BE39, SaltLake!$B:$M, COLUMNS(SaltLake!$B$31:J$31), FALSE) -> 0.0087410201 | BN44: =VLOOKUP(BE39, SaltLake!$B:$M, COLUMNS(SaltLake!$B$31:K$31), FALSE) -> 0.0084675008 | BO44: =VLOOKUP(BE39, SaltLake!$B:$M, COLUMNS(SaltLake!$B$31:L$31), FALSE) -> 0.0083012916 | BP44: =VLOOKUP(BE39, SaltLake!$B:$M, COLUMNS(SaltLake!$B$31:M$31), FALSE) -> 0.0078938972
BF45: Utah | BG45: =VLOOKUP(BE39, Utah!$B:$M, COLUMNS(Utah!$B$31:D$31), FALSE) -> 0.0095316993 | BH45: =VLOOKUP(BE39, Utah!$B:$M, COLUMNS(Utah!$B$31:E$31), FALSE) -> 0.010786557 | BI45: =VLOOKUP(BE39, Utah!$B:$M, COLUMNS(Utah!$B$31:F$31), FALSE) -> 0.011718679 | BJ45: =VLOOKUP(BE39, Utah!$B:$M, COLUMNS(Utah!$B$31:G$31), FALSE) -> 0.012310969 | BK45: =VLOOKUP(BE39, Utah!$B:$M, COLUMNS(Utah!$B$31:H$31), FALSE) -> 0.012163887 | BL45: =VLOOKUP(BE39, Utah!$B:$M, COLUMNS(Utah!$B$31:I$31), FALSE) -> 0.01271129 | BM45: =VLOOKUP(BE39, Utah!$B:$M, COLUMNS(Utah!$B$31:J$31), FALSE) -> 0.011517431 | BN45: =VLOOKUP(BE39, Utah!$B:$M, COLUMNS(Utah!$B$31:K$31), FALSE) -> 0.010718122 | BO45: =VLOOKUP(BE39, Utah!$B:$M, COLUMNS(Utah!$B$31:L$31), FALSE) -> 0.010426143 | BP45: =VLOOKUP(BE39, Utah!$B:$M, COLUMNS(Utah!$B$31:M$31), FALSE) -> 0.0095019007 | BR45: 214 | BS45: Biked
BF46: State of Utah | BG46: =VLOOKUP(BE39, StateOfUtah!$B:$M, COLUMNS(StateOfUtah!$B$31:D$31), FALSE) -> 0.0075291937 | BH46: =VLOOKUP(BE39, StateOfUtah!$B:$M, COLUMNS(StateOfUtah!$B$31:E$31), FALSE) -> 0.0076169238 | BI46: =VLOOKUP(BE39, StateOfUtah!$B:$M, COLUMNS(StateOfUtah!$B$31:F$31), FALSE) -> 0.0081741558 | BJ46: =VLOOKUP(BE39, StateOfUtah!$B:$M, COLUMNS(StateOfUtah!$B$31:G$31), FALSE) -> 0.0084325763 | BK46: =VLOOKUP(BE39, StateOfUtah!$B:$M, COLUMNS(StateOfUtah!$B$31:H$31), FALSE) -> 0.0082615046 | BL46: =VLOOKUP(BE39, StateOfUtah!$B:$M, COLUMNS(StateOfUtah!$B$31:I$31), FALSE) -> 0.008590516 | BM46: =VLOOKUP(BE39, StateOfUtah!$B:$M, COLUMNS(StateOfUtah!$B$31:J$31), FALSE) -> 0.0082943529 | BN46: =VLOOKUP(BE39, StateOfUtah!$B:$M, COLUMNS(StateOfUtah!$B$31:K$31), FALSE) -> 0.0077313076 | BO46: =VLOOKUP(BE39, StateOfUtah!$B:$M, COLUMNS(StateOfUtah!$B$31:L$31), FALSE) -> 0.007363385 | BP46: =VLOOKUP(BE39, StateOfUtah!$B:$M, COLUMNS(StateOfUtah!$B$31:M$31), FALSE) -> 0.0071674364 | BT46: 2010 | BU46: 2011 | BV46: 2012 | BW46: 2013 | BX46: 2014 | BY46: 2015 | BZ46: 2016 | CA46: 2017 | CB46: 2018 | CC46: 2019
BF47: USA | BG47: =VLOOKUP(BE39, USA!$B:$M, COLUMNS(USA!$B$31:D$31), FALSE) -> 0.0051454872 | BH47: =VLOOKUP(BE39, USA!$B:$M, COLUMNS(USA!$B$31:E$31), FALSE) -> 0.005337799 | BI47: =VLOOKUP(BE39, USA!$B:$M, COLUMNS(USA!$B$31:F$31), FALSE) -> 0.0056161596 | BJ47: =VLOOKUP(BE39, USA!$B:$M, COLUMNS(USA!$B$31:G$31), FALSE) -> 0.0057405343 | BK47: =VLOOKUP(BE39, USA!$B:$M, COLUMNS(USA!$B$31:H$31), FALSE) -> 0.00589194 | BL47: =VLOOKUP(BE39, USA!$B:$M, COLUMNS(USA!$B$31:I$31), FALSE) -> 0.0059904956 | BM47: =VLOOKUP(BE39, USA!$B:$M, COLUMNS(USA!$B$31:J$31), FALSE) -> 0.0060193861 | BN47: =VLOOKUP(BE39, USA!$B:$M, COLUMNS(USA!$B$31:K$31), FALSE) -> 0.0058726875 | BO47: =VLOOKUP(BE39, USA!$B:$M, COLUMNS(USA!$B$31:L$31), FALSE) -> 0.0057046427 | BP47: =VLOOKUP(BE39, USA!$B:$M, COLUMNS(USA!$B$31:M$31), FALSE) -> 0.0054842814 | BS47: Wasatch Front | BT47: =VLOOKUP(BR45, WasatchFront!$B:$M, COLUMNS(WasatchFront!$B$31:D$31), FALSE) -> 0.15694381 | BU47: =VLOOKUP(BR45, WasatchFront!$B:$M, COLUMNS(WasatchFront!$B$31:E$31), FALSE) -> 0.15497771 | BV47: =VLOOKUP(BR45, WasatchFront!$B:$M, COLUMNS(WasatchFront!$B$31:F$31), FALSE) -> 0.1350425 | BW47: =VLOOKUP(BR45, WasatchFront!$B:$M, COLUMNS(WasatchFront!$B$31:G$31), FALSE) -> 0.14969437 | BX47: =VLOOKUP(BR45, WasatchFront!$B:$M, COLUMNS(WasatchFront!$B$31:H$31), FALSE) -> 0.14395854 | BY47: =VLOOKUP(BR45, WasatchFront!$B:$M, COLUMNS(WasatchFront!$B$31:I$31), FALSE) -> 0.13235127 | BZ47: =VLOOKUP(BR45, WasatchFront!$B:$M, COLUMNS(WasatchFront!$B$31:J$31), FALSE) -> 0.13841141 | CA47: =VLOOKUP(BR45, WasatchFront!$B:$M, COLUMNS(WasatchFront!$B$31:K$31), FALSE) -> 0.12736122 | CB47: =VLOOKUP(BR45, WasatchFront!$B:$M, COLUMNS(WasatchFront!$B$31:L$31), FALSE) -> 0.13557141 | CC47: =VLOOKUP(BR45, WasatchFront!$B:$M, COLUMNS(WasatchFront!$B$31:M$31), FALSE) -> 0.14753709
BS48: Weber | BT48: =VLOOKUP(BR45, Weber!$B:$M, COLUMNS(Weber!$B$31:D$31), FALSE) -> 0.40277778 | BU48: =VLOOKUP(BR45, Weber!$B:$M, COLUMNS(Weber!$B$31:E$31), FALSE) -> 0.37091988 | BV48: =VLOOKUP(BR45, Weber!$B:$M, COLUMNS(Weber!$B$31:F$31), FALSE) -> 0.32390746 | BW48: =VLOOKUP(BR45, Weber!$B:$M, COLUMNS(Weber!$B$31:G$31), FALSE) -> 0.3440367 | BX48: =VLOOKUP(BR45, Weber!$B:$M, COLUMNS(Weber!$B$31:H$31), FALSE) -> 0.28508772 | BY48: =VLOOKUP(BR45, Weber!$B:$M, COLUMNS(Weber!$B$31:I$31), FALSE) -> 0.26460481 | BZ48: =VLOOKUP(BR45, Weber!$B:$M, COLUMNS(Weber!$B$31:J$31), FALSE) -> 0.28733766 | CA48: =VLOOKUP(BR45, Weber!$B:$M, COLUMNS(Weber!$B$31:K$31), FALSE) -> 0.29129663 | CB48: =VLOOKUP(BR45, Weber!$B:$M, COLUMNS(Weber!$B$31:L$31), FALSE) -> 0.24184261 | CC48: =VLOOKUP(BR45, Weber!$B:$M, COLUMNS(Weber!$B$31:M$31), FALSE) -> 0.28961749
BE49: 115 | BF49: Share of Workers that Walked | BS49: Davis | BT49: =VLOOKUP(BR45, Davis!$B:$M, COLUMNS(Davis!$B$31:D$31), FALSE) -> 0.31229236 | BU49: =VLOOKUP(BR45, Davis!$B:$M, COLUMNS(Davis!$B$31:E$31), FALSE) -> 0.26851852 | BV49: =VLOOKUP(BR45, Davis!$B:$M, COLUMNS(Davis!$B$31:F$31), FALSE) -> 0.31871345 | BW49: =VLOOKUP(BR45, Davis!$B:$M, COLUMNS(Davis!$B$31:G$31), FALSE) -> 0.2985782 | BX49: =VLOOKUP(BR45, Davis!$B:$M, COLUMNS(Davis!$B$31:H$31), FALSE) -> 0.33192389 | BY49: =VLOOKUP(BR45, Davis!$B:$M, COLUMNS(Davis!$B$31:I$31), FALSE) -> 0.33383686 | BZ49: =VLOOKUP(BR45, Davis!$B:$M, COLUMNS(Davis!$B$31:J$31), FALSE) -> 0.34033613 | CA49: =VLOOKUP(BR45, Davis!$B:$M, COLUMNS(Davis!$B$31:K$31), FALSE) -> 0.30188679 | CB49: =VLOOKUP(BR45, Davis!$B:$M, COLUMNS(Davis!$B$31:L$31), FALSE) -> 0.35185185 | CC49: =VLOOKUP(BR45, Davis!$B:$M, COLUMNS(Davis!$B$31:M$31), FALSE) -> 0.374034
BG50: 2010 | BH50: 2011 | BI50: 2012 | BJ50: 2013 | BK50: 2014 | BL50: 2015 | BM50: 2016 | BN50: 2017 | BO50: 2018 | BP50: 2019 | BS50: Salt Lake | BT50: =VLOOKUP(BR45, SaltLake!$B:$M, COLUMNS(SaltLake!$B$31:D$31), FALSE) -> 0.12053457 | BU50: =VLOOKUP(BR45, SaltLake!$B:$M, COLUMNS(SaltLake!$B$31:E$31), FALSE) -> 0.13212573 | BV50: =VLOOKUP(BR45, SaltLake!$B:$M, COLUMNS(SaltLake!$B$31:F$31), FALSE) -> 0.098422239 | BW50: =VLOOKUP(BR45, SaltLake!$B:$M, COLUMNS(SaltLake!$B$31:G$31), FALSE) -> 0.12113088 | BX50: =VLOOKUP(BR45, SaltLake!$B:$M, COLUMNS(SaltLake!$B$31:H$31), FALSE) -> 0.10831951 | BY50: =VLOOKUP(BR45, SaltLake!$B:$M, COLUMNS(SaltLake!$B$31:I$31), FALSE) -> 0.091941472 | BZ50: =VLOOKUP(BR45, SaltLake!$B:$M, COLUMNS(SaltLake!$B$31:J$31), FALSE) -> 0.097509498 | CA50: =VLOOKUP(BR45, SaltLake!$B:$M, COLUMNS(SaltLake!$B$31:K$31), FALSE) -> 0.092239186 | CB50: =VLOOKUP(BR45, SaltLake!$B:$M, COLUMNS(SaltLake!$B$31:L$31), FALSE) -> 0.097122302 | CC50: =VLOOKUP(BR45, SaltLake!$B:$M, COLUMNS(SaltLake!$B$31:M$31), FALSE) -> 0.10495437
BF51: Wasatch Front | BG51: =VLOOKUP(BE49, WasatchFront!$B:$M, COLUMNS(WasatchFront!$B$31:D$31), FALSE) -> 0.025900035 | BH51: =VLOOKUP(BE49, WasatchFront!$B:$M, COLUMNS(WasatchFront!$B$31:E$31), FALSE) -> 0.026689724 | BI51: =VLOOKUP(BE49, WasatchFront!$B:$M, COLUMNS(WasatchFront!$B$31:F$31), FALSE) -> 0.026385769 | BJ51: =VLOOKUP(BE49, WasatchFront!$B:$M, COLUMNS(WasatchFront!$B$31:G$31), FALSE) -> 0.02503085 | BK51: =VLOOKUP(BE49, WasatchFront!$B:$M, COLUMNS(WasatchFront!$B$31:H$31), FALSE) -> 0.023776918 | BL51: =VLOOKUP(BE49, WasatchFront!$B:$M, COLUMNS(WasatchFront!$B$31:I$31), FALSE) -> 0.0239378 | BM51: =VLOOKUP(BE49, WasatchFront!$B:$M, COLUMNS(WasatchFront!$B$31:J$31), FALSE) -> 0.024791997 | BN51: =VLOOKUP(BE49, WasatchFront!$B:$M, COLUMNS(WasatchFront!$B$31:K$31), FALSE) -> 0.024481788 | BO51: =VLOOKUP(BE49, WasatchFront!$B:$M, COLUMNS(WasatchFront!$B$31:L$31), FALSE) -> 0.024928102 | BP51: =VLOOKUP(BE49, WasatchFront!$B:$M, COLUMNS(WasatchFront!$B$31:M$31), FALSE) -> 0.024155197 | BS51: Utah | BT51: =VLOOKUP(BR45, Utah!$B:$M, COLUMNS(Utah!$B$31:D$31), FALSE) -> 0.16018191 | BU51: =VLOOKUP(BR45, Utah!$B:$M, COLUMNS(Utah!$B$31:E$31), FALSE) -> 0.14470842 | BV51: =VLOOKUP(BR45, Utah!$B:$M, COLUMNS(Utah!$B$31:F$31), FALSE) -> 0.13891051 | BW51: =VLOOKUP(BR45, Utah!$B:$M, COLUMNS(Utah!$B$31:G$31), FALSE) -> 0.13856305 | BX51: =VLOOKUP(BR45, Utah!$B:$M, COLUMNS(Utah!$B$31:H$31), FALSE) -> 0.14290883 | BY51: =VLOOKUP(BR45, Utah!$B:$M, COLUMNS(Utah!$B$31:I$31), FALSE) -> 0.12391739 | BZ51: =VLOOKUP(BR45, Utah!$B:$M, COLUMNS(Utah!$B$31:J$31), FALSE) -> 0.12354395 | CA51: =VLOOKUP(BR45, Utah!$B:$M, COLUMNS(Utah!$B$31:K$31), FALSE) -> 0.11348563 | CB51: =VLOOKUP(BR45, Utah!$B:$M, COLUMNS(Utah!$B$31:L$31), FALSE) -> 0.13902969 | CC51: =VLOOKUP(BR45, Utah!$B:$M, COLUMNS(Utah!$B$31:M$31), FALSE) -> 0.13665778
BF52: Weber | BG52: =VLOOKUP(BE49, Weber!$B:$M, COLUMNS(Weber!$B$31:D$31), FALSE) -> 0.013819193 | BH52: =VLOOKUP(BE49, Weber!$B:$M, COLUMNS(Weber!$B$31:E$31), FALSE) -> 0.01588484 | BI52: =VLOOKUP(BE49, Weber!$B:$M, COLUMNS(Weber!$B$31:F$31), FALSE) -> 0.016373646 | BJ52: =VLOOKUP(BE49, Weber!$B:$M, COLUMNS(Weber!$B$31:G$31), FALSE) -> 0.01483321 | BK52: =VLOOKUP(BE49, Weber!$B:$M, COLUMNS(Weber!$B$31:H$31), FALSE) -> 0.015380454 | BL52: =VLOOKUP(BE49, Weber!$B:$M, COLUMNS(Weber!$B$31:I$31), FALSE) -> 0.013697873 | BM52: =VLOOKUP(BE49, Weber!$B:$M, COLUMNS(Weber!$B$31:J$31), FALSE) -> 0.013802207 | BN52: =VLOOKUP(BE49, Weber!$B:$M, COLUMNS(Weber!$B$31:K$31), FALSE) -> 0.012697023 | BO52: =VLOOKUP(BE49, Weber!$B:$M, COLUMNS(Weber!$B$31:L$31), FALSE) -> 0.013563439 | BP52: =VLOOKUP(BE49, Weber!$B:$M, COLUMNS(Weber!$B$31:M$31), FALSE) -> 0.012709036 | BS52: State of Utah | BT52: =VLOOKUP(BR45, StateOfUtah!$B:$M, COLUMNS(StateOfUtah!$B$31:D$31), FALSE) -> 0.075076386 | BU52: =VLOOKUP(BR45, StateOfUtah!$B:$M, COLUMNS(StateOfUtah!$B$31:E$31), FALSE) -> 0.071489362 | BV52: =VLOOKUP(BR45, StateOfUtah!$B:$M, COLUMNS(StateOfUtah!$B$31:F$31), FALSE) -> 0.062151316 | BW52: =VLOOKUP(BR45, StateOfUtah!$B:$M, COLUMNS(StateOfUtah!$B$31:G$31), FALSE) -> 0.073924098 | BX52: =VLOOKUP(BR45, StateOfUtah!$B:$M, COLUMNS(StateOfUtah!$B$31:H$31), FALSE) -> 0.068906928 | BY52: =VLOOKUP(BR45, StateOfUtah!$B:$M, COLUMNS(StateOfUtah!$B$31:I$31), FALSE) -> 0.073904224 | BZ52: =VLOOKUP(BR45, StateOfUtah!$B:$M, COLUMNS(StateOfUtah!$B$31:J$31), FALSE) -> 0.075075609 | CA52: =VLOOKUP(BR45, StateOfUtah!$B:$M, COLUMNS(StateOfUtah!$B$31:K$31), FALSE) -> 0.064333457 | CB52: =VLOOKUP(BR45, StateOfUtah!$B:$M, COLUMNS(StateOfUtah!$B$31:L$31), FALSE) -> 0.062055898 | CC52: =VLOOKUP(BR45, StateOfUtah!$B:$M, COLUMNS(StateOfUtah!$B$31:M$31), FALSE) -> 0.072614108
BF53: Davis | BG53: =VLOOKUP(BE49, Davis!$B:$M, COLUMNS(Davis!$B$31:D$31), FALSE) -> 0.012519667 | BH53: =VLOOKUP(BE49, Davis!$B:$M, COLUMNS(Davis!$B$31:E$31), FALSE) -> 0.014850402 | BI53: =VLOOKUP(BE49, Davis!$B:$M, COLUMNS(Davis!$B$31:F$31), FALSE) -> 0.014077339 | BJ53: =VLOOKUP(BE49, Davis!$B:$M, COLUMNS(Davis!$B$31:G$31), FALSE) -> 0.012770975 | BK53: =VLOOKUP(BE49, Davis!$B:$M, COLUMNS(Davis!$B$31:H$31), FALSE) -> 0.013425108 | BL53: =VLOOKUP(BE49, Davis!$B:$M, COLUMNS(Davis!$B$31:I$31), FALSE) -> 0.016098005 | BM53: =VLOOKUP(BE49, Davis!$B:$M, COLUMNS(Davis!$B$31:J$31), FALSE) -> 0.015499638 | BN53: =VLOOKUP(BE49, Davis!$B:$M, COLUMNS(Davis!$B$31:K$31), FALSE) -> 0.01427379 | BO53: =VLOOKUP(BE49, Davis!$B:$M, COLUMNS(Davis!$B$31:L$31), FALSE) -> 0.013227081 | BP53: =VLOOKUP(BE49, Davis!$B:$M, COLUMNS(Davis!$B$31:M$31), FALSE) -> 0.012847184 | BS53: USA | BT53: =VLOOKUP(BR45, USA!$B:$M, COLUMNS(USA!$B$31:D$31), FALSE) -> 0.0098808851 | BU53: =VLOOKUP(BR45, USA!$B:$M, COLUMNS(USA!$B$31:E$31), FALSE) -> 0.0089045879 | BV53: =VLOOKUP(BR45, USA!$B:$M, COLUMNS(USA!$B$31:F$31), FALSE) -> 0.0084896234 | BW53: =VLOOKUP(BR45, USA!$B:$M, COLUMNS(USA!$B$31:G$31), FALSE) -> 0.0095420275 | BX53: =VLOOKUP(BR45, USA!$B:$M, COLUMNS(USA!$B$31:H$31), FALSE) -> 0.0080660462 | BY53: =VLOOKUP(BR45, USA!$B:$M, COLUMNS(USA!$B$31:I$31), FALSE) -> 0.0080919427 | BZ53: =VLOOKUP(BR45, USA!$B:$M, COLUMNS(USA!$B$31:J$31), FALSE) -> 0.0081412764 | CA53: =VLOOKUP(BR45, USA!$B:$M, COLUMNS(USA!$B$31:K$31), FALSE) -> 0.0075909578 | CB53: =VLOOKUP(BR45, USA!$B:$M, COLUMNS(USA!$B$31:L$31), FALSE) -> 0.0088188657 | CC53: =VLOOKUP(BR45, USA!$B:$M, COLUMNS(USA!$B$31:M$31), FALSE) -> 0.008645657
BF54: Salt Lake | BG54: =VLOOKUP(BE49, SaltLake!$B:$M, COLUMNS(SaltLake!$B$31:D$31), FALSE) -> 0.022583705 | BH54: =VLOOKUP(BE49, SaltLake!$B:$M, COLUMNS(SaltLake!$B$31:E$31), FALSE) -> 0.022811865 | BI54: =VLOOKUP(BE49, SaltLake!$B:$M, COLUMNS(SaltLake!$B$31:F$31), FALSE) -> 0.022766059 | BJ54: =VLOOKUP(BE49, SaltLake!$B:$M, COLUMNS(SaltLake!$B$31:G$31), FALSE) -> 0.021522929 | BK54: =VLOOKUP(BE49, SaltLake!$B:$M, COLUMNS(SaltLake!$B$31:H$31), FALSE) -> 0.020685331 | BL54: =VLOOKUP(BE49, SaltLake!$B:$M, COLUMNS(SaltLake!$B$31:I$31), FALSE) -> 0.021281344 | BM54: =VLOOKUP(BE49, SaltLake!$B:$M, COLUMNS(SaltLake!$B$31:J$31), FALSE) -> 0.022153265 | BN54: =VLOOKUP(BE49, SaltLake!$B:$M, COLUMNS(SaltLake!$B$31:K$31), FALSE) -> 0.022301702 | BO54: =VLOOKUP(BE49, SaltLake!$B:$M, COLUMNS(SaltLake!$B$31:L$31), FALSE) -> 0.023078855 | BP54: =VLOOKUP(BE49, SaltLake!$B:$M, COLUMNS(SaltLake!$B$31:M$31), FALSE) -> 0.021703929
BF55: Utah | BG55: =VLOOKUP(BE49, Utah!$B:$M, COLUMNS(Utah!$B$31:D$31), FALSE) -> 0.048356878 | BH55: =VLOOKUP(BE49, Utah!$B:$M, COLUMNS(Utah!$B$31:E$31), FALSE) -> 0.048392733 | BI55: =VLOOKUP(BE49, Utah!$B:$M, COLUMNS(Utah!$B$31:F$31), FALSE) -> 0.047266858 | BJ55: =VLOOKUP(BE49, Utah!$B:$M, COLUMNS(Utah!$B$31:G$31), FALSE) -> 0.045638135 | BK55: =VLOOKUP(BE49, Utah!$B:$M, COLUMNS(Utah!$B$31:H$31), FALSE) -> 0.041270959 | BL55: =VLOOKUP(BE49, Utah!$B:$M, COLUMNS(Utah!$B$31:I$31), FALSE) -> 0.03951001 | BM55: =VLOOKUP(BE49, Utah!$B:$M, COLUMNS(Utah!$B$31:J$31), FALSE) -> 0.041317207 | BN55: =VLOOKUP(BE49, Utah!$B:$M, COLUMNS(Utah!$B$31:K$31), FALSE) -> 0.040870245 | BO55: =VLOOKUP(BE49, Utah!$B:$M, COLUMNS(Utah!$B$31:L$31), FALSE) -> 0.040976026 | BP55: =VLOOKUP(BE49, Utah!$B:$M, COLUMNS(Utah!$B$31:M$31), FALSE) -> 0.041071215 | BR55: 215 | BS55: Walked
BF56: State of Utah | BG56: =VLOOKUP(BE49, StateOfUtah!$B:$M, COLUMNS(StateOfUtah!$B$31:D$31), FALSE) -> 0.028419338 | BH56: =VLOOKUP(BE49, StateOfUtah!$B:$M, COLUMNS(StateOfUtah!$B$31:E$31), FALSE) -> 0.028468658 | BI56: =VLOOKUP(BE49, StateOfUtah!$B:$M, COLUMNS(StateOfUtah!$B$31:F$31), FALSE) -> 0.027761888 | BJ56: =VLOOKUP(BE49, StateOfUtah!$B:$M, COLUMNS(StateOfUtah!$B$31:G$31), FALSE) -> 0.026692967 | BK56: =VLOOKUP(BE49, StateOfUtah!$B:$M, COLUMNS(StateOfUtah!$B$31:H$31), FALSE) -> 0.025475442 | BL56: =VLOOKUP(BE49, StateOfUtah!$B:$M, COLUMNS(StateOfUtah!$B$31:I$31), FALSE) -> 0.025301073 | BM56: =VLOOKUP(BE49, StateOfUtah!$B:$M, COLUMNS(StateOfUtah!$B$31:J$31), FALSE) -> 0.026036979 | BN56: =VLOOKUP(BE49, StateOfUtah!$B:$M, COLUMNS(StateOfUtah!$B$31:K$31), FALSE) -> 0.02540092 | BO56: =VLOOKUP(BE49, StateOfUtah!$B:$M, COLUMNS(StateOfUtah!$B$31:L$31), FALSE) -> 0.025321533 | BP56: =VLOOKUP(BE49, StateOfUtah!$B:$M, COLUMNS(StateOfUtah!$B$31:M$31), FALSE) -> 0.024573682 | BT56: 2010 | BU56: 2011 | BV56: 2012 | BW56: 2013 | BX56: 2014 | BY56: 2015 | BZ56: 2016 | CA56: 2017 | CB56: 2018 | CC56: 2019
BF57: USA | BG57: =VLOOKUP(BE49, USA!$B:$M, COLUMNS(USA!$B$31:D$31), FALSE) -> 0.028451898 | BH57: =VLOOKUP(BE49, USA!$B:$M, COLUMNS(USA!$B$31:E$31), FALSE) -> 0.028304916 | BI57: =VLOOKUP(BE49, USA!$B:$M, COLUMNS(USA!$B$31:F$31), FALSE) -> 0.028152946 | BJ57: =VLOOKUP(BE49, USA!$B:$M, COLUMNS(USA!$B$31:G$31), FALSE) -> 0.028062775 | BK57: =VLOOKUP(BE49, USA!$B:$M, COLUMNS(USA!$B$31:H$31), FALSE) -> 0.027820839 | BL57: =VLOOKUP(BE49, USA!$B:$M, COLUMNS(USA!$B$31:I$31), FALSE) -> 0.027841501 | BM57: =VLOOKUP(BE49, USA!$B:$M, COLUMNS(USA!$B$31:J$31), FALSE) -> 0.027634007 | BN57: =VLOOKUP(BE49, USA!$B:$M, COLUMNS(USA!$B$31:K$31), FALSE) -> 0.027280747 | BO57: =VLOOKUP(BE49, USA!$B:$M, COLUMNS(USA!$B$31:L$31), FALSE) -> 0.026895457 | BP57: =VLOOKUP(BE49, USA!$B:$M, COLUMNS(USA!$B$31:M$31), FALSE) -> 0.0266728 | BS57: Wasatch Front | BT57: =VLOOKUP(BR55, WasatchFront!$B:$M, COLUMNS(WasatchFront!$B$31:D$31), FALSE) -> 0.095283331 | BU57: =VLOOKUP(BR55, WasatchFront!$B:$M, COLUMNS(WasatchFront!$B$31:E$31), FALSE) -> 0.087009707 | BV57: =VLOOKUP(BR55, WasatchFront!$B:$M, COLUMNS(WasatchFront!$B$31:F$31), FALSE) -> 0.093547245 | BW57: =VLOOKUP(BR55, WasatchFront!$B:$M, COLUMNS(WasatchFront!$B$31:G$31), FALSE) -> 0.087455286 | BX57: =VLOOKUP(BR55, WasatchFront!$B:$M, COLUMNS(WasatchFront!$B$31:H$31), FALSE) -> 0.095767241 | BY57: =VLOOKUP(BR55, WasatchFront!$B:$M, COLUMNS(WasatchFront!$B$31:I$31), FALSE) -> 0.092291965 | BZ57: =VLOOKUP(BR55, WasatchFront!$B:$M, COLUMNS(WasatchFront!$B$31:J$31), FALSE) -> 0.094010207 | CA57: =VLOOKUP(BR55, WasatchFront!$B:$M, COLUMNS(WasatchFront!$B$31:K$31), FALSE) -> 0.085315584 | CB57: =VLOOKUP(BR55, WasatchFront!$B:$M, COLUMNS(WasatchFront!$B$31:L$31), FALSE) -> 0.08471149 | CC57: =VLOOKUP(BR55, WasatchFront!$B:$M, COLUMNS(WasatchFront!$B$31:M$31), FALSE) -> 0.09200347
BS58: Weber | BT58: =VLOOKUP(BR55, Weber!$B:$M, COLUMNS(Weber!$B$31:D$31), FALSE) -> 0.19422942 | BU58: =VLOOKUP(BR55, Weber!$B:$M, COLUMNS(Weber!$B$31:E$31), FALSE) -> 0.17478685 | BV58: =VLOOKUP(BR55, Weber!$B:$M, COLUMNS(Weber!$B$31:F$31), FALSE) -> 0.17537747 | BW58: =VLOOKUP(BR55, Weber!$B:$M, COLUMNS(Weber!$B$31:G$31), FALSE) -> 0.19563823 | BX58: =VLOOKUP(BR55, Weber!$B:$M, COLUMNS(Weber!$B$31:H$31), FALSE) -> 0.17222559 | BY58: =VLOOKUP(BR55, Weber!$B:$M, COLUMNS(Weber!$B$31:I$31), FALSE) -> 0.16274378 | BZ58: =VLOOKUP(BR55, Weber!$B:$M, COLUMNS(Weber!$B$31:J$31), FALSE) -> 0.18998048 | CA58: =VLOOKUP(BR55, Weber!$B:$M, COLUMNS(Weber!$B$31:K$31), FALSE) -> 0.17793103 | CB58: =VLOOKUP(BR55, Weber!$B:$M, COLUMNS(Weber!$B$31:L$31), FALSE) -> 0.20976832 | CC58: =VLOOKUP(BR55, Weber!$B:$M, COLUMNS(Weber!$B$31:M$31), FALSE) -> 0.18158236
BS59: Davis | BT59: =VLOOKUP(BR55, Davis!$B:$M, COLUMNS(Davis!$B$31:D$31), FALSE) -> 0.17212627 | BU59: =VLOOKUP(BR55, Davis!$B:$M, COLUMNS(Davis!$B$31:E$31), FALSE) -> 0.16593029 | BV59: =VLOOKUP(BR55, Davis!$B:$M, COLUMNS(Davis!$B$31:F$31), FALSE) -> 0.16089613 | BW59: =VLOOKUP(BR55, Davis!$B:$M, COLUMNS(Davis!$B$31:G$31), FALSE) -> 0.16462736 | BX59: =VLOOKUP(BR55, Davis!$B:$M, COLUMNS(Davis!$B$31:H$31), FALSE) -> 0.16277864 | BY59: =VLOOKUP(BR55, Davis!$B:$M, COLUMNS(Davis!$B$31:I$31), FALSE) -> 0.1769392 | BZ59: =VLOOKUP(BR55, Davis!$B:$M, COLUMNS(Davis!$B$31:J$31), FALSE) -> 0.15299618 | CA59: =VLOOKUP(BR55, Davis!$B:$M, COLUMNS(Davis!$B$31:K$31), FALSE) -> 0.15879442 | CB59: =VLOOKUP(BR55, Davis!$B:$M, COLUMNS(Davis!$B$31:L$31), FALSE) -> 0.15644318 | CC59: =VLOOKUP(BR55, Davis!$B:$M, COLUMNS(Davis!$B$31:M$31), FALSE) -> 0.16382576
BS60: Salt Lake | BT60: =VLOOKUP(BR55, SaltLake!$B:$M, COLUMNS(SaltLake!$B$31:D$31), FALSE) -> 0.087608382 | BU60: =VLOOKUP(BR55, SaltLake!$B:$M, COLUMNS(SaltLake!$B$31:E$31), FALSE) -> 0.068723951 | BV60: =VLOOKUP(BR55, SaltLake!$B:$M, COLUMNS(SaltLake!$B$31:F$31), FALSE) -> 0.083135601 | BW60: =VLOOKUP(BR55, SaltLake!$B:$M, COLUMNS(SaltLake!$B$31:G$31), FALSE) -> 0.070776887 | BX60: =VLOOKUP(BR55, SaltLake!$B:$M, COLUMNS(SaltLake!$B$31:H$31), FALSE) -> 0.083976652 | BY60: =VLOOKUP(BR55, SaltLake!$B:$M, COLUMNS(SaltLake!$B$31:I$31), FALSE) -> 0.070742979 | BZ60: =VLOOKUP(BR55, SaltLake!$B:$M, COLUMNS(SaltLake!$B$31:J$31), FALSE) -> 0.083527648 | CA60: =VLOOKUP(BR55, SaltLake!$B:$M, COLUMNS(SaltLake!$B$31:K$31), FALSE) -> 0.07543676 | CB60: =VLOOKUP(BR55, SaltLake!$B:$M, COLUMNS(SaltLake!$B$31:L$31), FALSE) -> 0.066595631 | CC60: =VLOOKUP(BR55, SaltLake!$B:$M, COLUMNS(SaltLake!$B$31:M$31), FALSE) -> 0.079822967
BF61: Share of Workers that Carpooled | BS61: Utah | BT61: =VLOOKUP(BR55, Utah!$B:$M, COLUMNS(Utah!$B$31:D$31), FALSE) -> 0.07689243 | BU61: =VLOOKUP(BR55, Utah!$B:$M, COLUMNS(Utah!$B$31:E$31), FALSE) -> 0.077508184 | BV61: =VLOOKUP(BR55, Utah!$B:$M, COLUMNS(Utah!$B$31:F$31), FALSE) -> 0.078622419 | BW61: =VLOOKUP(BR55, Utah!$B:$M, COLUMNS(Utah!$B$31:G$31), FALSE) -> 0.074953031 | BX61: =VLOOKUP(BR55, Utah!$B:$M, COLUMNS(Utah!$B$31:H$31), FALSE) -> 0.081893794 | BY61: =VLOOKUP(BR55, Utah!$B:$M, COLUMNS(Utah!$B$31:I$31), FALSE) -> 0.085414211 | BZ61: =VLOOKUP(BR55, Utah!$B:$M, COLUMNS(Utah!$B$31:J$31), FALSE) -> 0.078224934 | CA61: =VLOOKUP(BR55, Utah!$B:$M, COLUMNS(Utah!$B$31:K$31), FALSE) -> 0.068412407 | CB61: =VLOOKUP(BR55, Utah!$B:$M, COLUMNS(Utah!$B$31:L$31), FALSE) -> 0.07434362 | CC61: =VLOOKUP(BR55, Utah!$B:$M, COLUMNS(Utah!$B$31:M$31), FALSE) -> 0.08005284
BG62: 2010 | BH62: 2011 | BI62: 2012 | BJ62: 2013 | BK62: 2014 | BL62: 2015 | BM62: 2016 | BN62: 2017 | BO62: 2018 | BP62: 2019 | BS62: State of Utah | BT62: =VLOOKUP(BR55, StateOfUtah!$B:$M, COLUMNS(StateOfUtah!$B$31:D$31), FALSE) -> 0.044001156 | BU62: =VLOOKUP(BR55, StateOfUtah!$B:$M, COLUMNS(StateOfUtah!$B$31:E$31), FALSE) -> 0.042552586 | BV62: =VLOOKUP(BR55, StateOfUtah!$B:$M, COLUMNS(StateOfUtah!$B$31:F$31), FALSE) -> 0.043083573 | BW62: =VLOOKUP(BR55, StateOfUtah!$B:$M, COLUMNS(StateOfUtah!$B$31:G$31), FALSE) -> 0.038912358 | BX62: =VLOOKUP(BR55, StateOfUtah!$B:$M, COLUMNS(StateOfUtah!$B$31:H$31), FALSE) -> 0.039916738 | BY62: =VLOOKUP(BR55, StateOfUtah!$B:$M, COLUMNS(StateOfUtah!$B$31:I$31), FALSE) -> 0.042490119 | BZ62: =VLOOKUP(BR55, StateOfUtah!$B:$M, COLUMNS(StateOfUtah!$B$31:J$31), FALSE) -> 0.040606404 | CA62: =VLOOKUP(BR55, StateOfUtah!$B:$M, COLUMNS(StateOfUtah!$B$31:K$31), FALSE) -> 0.042750982 | CB62: =VLOOKUP(BR55, StateOfUtah!$B:$M, COLUMNS(StateOfUtah!$B$31:L$31), FALSE) -> 0.04870926 | CC62: =VLOOKUP(BR55, StateOfUtah!$B:$M, COLUMNS(StateOfUtah!$B$31:M$31), FALSE) -> 0.042936517
BF63: Wasatch Front | BG63: =BG83 * BG93 -> 0.10501894 | BH63: =BH83 * BH93 -> 0.104245 | BI63: =BI83 * BI93 -> 0.10349678 | BJ63: =BJ83 * BJ93 -> 0.10270255 | BK63: =BK83 * BK93 -> 0.10384909 | BL63: =BL83 * BL93 -> 0.10321887 | BM63: =BM83 * BM93 -> 0.099886047 | BN63: =BN83 * BN93 -> 0.096852867 | ... BP63: =BP83 * BP93 -> 0.092152547 | BS63: USA | BT63: =VLOOKUP(BR55, USA!$B:$M, COLUMNS(USA!$B$31:D$31), FALSE) -> 0.0044802338 | BU63: =VLOOKUP(BR55, USA!$B:$M, COLUMNS(USA!$B$31:E$31), FALSE) -> 0.0038488406 | BV63: =VLOOKUP(BR55, USA!$B:$M, COLUMNS(USA!$B$31:F$31), FALSE) -> 0.0044571196 | BW63: =VLOOKUP(BR55, USA!$B:$M, COLUMNS(USA!$B$31:G$31), FALSE) -> 0.0041697246 | BX63: =VLOOKUP(BR55, USA!$B:$M, COLUMNS(USA!$B$31:H$31), FALSE) -> 0.0044383205 | BY63: =VLOOKUP(BR55, USA!$B:$M, COLUMNS(USA!$B$31:I$31), FALSE) -> 0.0043284836 | BZ63: =VLOOKUP(BR55, USA!$B:$M, COLUMNS(USA!$B$31:J$31), FALSE) -> 0.004153342 | CA63: =VLOOKUP(BR55, USA!$B:$M, COLUMNS(USA!$B$31:K$31), FALSE) -> 0.0049531565 | CB63: =VLOOKUP(BR55, USA!$B:$M, COLUMNS(USA!$B$31:L$31), FALSE) -> 0.0041116859 | CC63: =VLOOKUP(BR55, USA!$B:$M, COLUMNS(USA!$B$31:M$31), FALSE) -> 0.0034372545
BF64: Weber | BG64: =BG84 * BG94 -> 0.11242357 | BH64: =BH84 * BH94 -> 0.11177999 | BI64: =BI84 * BI94 -> 0.11604459 | BJ64: =BJ84 * BJ94 -> 0.11483504 | BK64: =BK84 * BK94 -> 0.11894045 | BL64: =BL84 * BL94 -> 0.10930662 | BM64: =BM84 * BM94 -> 0.1011509 | BN64: =BN84 * BN94 -> 0.094281529 | ... BP64: =BP84 * BP94 -> 0.087385565
BF65: Davis | BG65: =BG85 * BG95 -> 0.09916036 | BH65: =BH85 * BH95 -> 0.096237289 | BI65: =BI85 * BI95 -> 0.096156436 | BJ65: =BJ85 * BJ95 -> 0.089338162 | BK65: =BK85 * BK95 -> 0.083779777 | BL65: =BL85 * BL95 -> 0.083412206 | BM65: =BM85 * BM95 -> 0.087660791 | BN65: =BN85 * BN95 -> 0.084691587 | ... BP65: =BP85 * BP95 -> 0.081353056 | BR65: 216 | BS65: Taxicab, motorcycle, or other means
BF66: Salt Lake | BG66: =BG86 * BG96 -> 0.10391578 | BH66: =BH86 * BH96 -> 0.10311387 | BI66: =BI86 * BI96 -> 0.10225621 | BJ66: =BJ86 * BJ96 -> 0.10234403 | BK66: =BK86 * BK96 -> 0.10385924 | BL66: =BL86 * BL96 -> 0.104562 | BM66: =BM86 * BM96 -> 0.10157932 | BN66: =BN86 * BN96 -> 0.099193354 | ... BP66: =BP86 * BP96 -> 0.094141061 | BT66: 2010 | BU66: 2011 | BV66: 2012 | BW66: 2013 | BX66: 2014 | BY66: 2015 | BZ66: 2016 | CA66: 2017 | CB66: 2018 | CC66: 2019
BF67: Utah | BG67: =BG87 * BG97 -> 0.10744984 | BH67: =BH87 * BH97 -> 0.10803221 | BI67: =BI87 * BI97 -> 0.10488003 | BJ67: =BJ87 * BJ97 -> 0.10602267 | BK67: =BK87 * BK97 -> 0.10916363 | BL67: =BL87 * BL97 -> 0.10949785 | BM67: =BM87 * BM97 -> 0.10273449 | BN67: =BN87 * BN97 -> 0.099848639 | ... BP67: =BP87 * BP97 -> 0.095882265 | BS67: Wasatch Front | BT67: =VLOOKUP(BR65, WasatchFront!$B:$M, COLUMNS(WasatchFront!$B$31:D$31), FALSE) -> 0.13489118 | BU67: =VLOOKUP(BR65, WasatchFront!$B:$M, COLUMNS(WasatchFront!$B$31:E$31), FALSE) -> 0.13344805 | BV67: =VLOOKUP(BR65, WasatchFront!$B:$M, COLUMNS(WasatchFront!$B$31:F$31), FALSE) -> 0.13272415 | BW67: =VLOOKUP(BR65, WasatchFront!$B:$M, COLUMNS(WasatchFront!$B$31:G$31), FALSE) -> 0.13747012 | BX67: =VLOOKUP(BR65, WasatchFront!$B:$M, COLUMNS(WasatchFront!$B$31:H$31), FALSE) -> 0.12535173 | BY67: =VLOOKUP(BR65, WasatchFront!$B:$M, COLUMNS(WasatchFront!$B$31:I$31), FALSE) -> 0.12224466 | BZ67: =VLOOKUP(BR65, WasatchFront!$B:$M, COLUMNS(WasatchFront!$B$31:J$31), FALSE) -> 0.12069112 | CA67: =VLOOKUP(BR65, WasatchFront!$B:$M, COLUMNS(WasatchFront!$B$31:K$31), FALSE) -> 0.12948741 | CB67: =VLOOKUP(BR65, WasatchFront!$B:$M, COLUMNS(WasatchFront!$B$31:L$31), FALSE) -> 0.12899011 | CC67: =VLOOKUP(BR65, WasatchFront!$B:$M, COLUMNS(WasatchFront!$B$31:M$31), FALSE) -> 0.13153825
BF68: State of Utah | BG68: =BG88 * BG98 -> 0.10905959 | BH68: =BH88 * BH98 -> 0.10758166 | BI68: =BI88 * BI98 -> 0.10616252 | BJ68: =BJ88 * BJ98 -> 0.10409642 | BK68: =BK88 * BK98 -> 0.10497496 | BL68: =BL88 * BL98 -> 0.10467503 | BM68: =BM88 * BM98 -> 0.10172448 | BN68: =BN88 * BN98 -> 0.098955108 | ... BP68: =BP88 * BP98 -> 0.09388628 | BS68: Weber | BT68: =VLOOKUP(BR65, Weber!$B:$M, COLUMNS(Weber!$B$31:D$31), FALSE) -> 0.21194281 | BU68: =VLOOKUP(BR65, Weber!$B:$M, COLUMNS(Weber!$B$31:E$31), FALSE) -> 0.23717328 | BV68: =VLOOKUP(BR65, Weber!$B:$M, COLUMNS(Weber!$B$31:F$31), FALSE) -> 0.19965278 | BW68: =VLOOKUP(BR65, Weber!$B:$M, COLUMNS(Weber!$B$31:G$31), FALSE) -> 0.21915444 | BX68: =VLOOKUP(BR65, Weber!$B:$M, COLUMNS(Weber!$B$31:H$31), FALSE) -> 0.2155477 | BY68: =VLOOKUP(BR65, Weber!$B:$M, COLUMNS(Weber!$B$31:I$31), FALSE) -> 0.18589212 | BZ68: =VLOOKUP(BR65, Weber!$B:$M, COLUMNS(Weber!$B$31:J$31), FALSE) -> 0.17209691 | CA68: =VLOOKUP(BR65, Weber!$B:$M, COLUMNS(Weber!$B$31:K$31), FALSE) -> 0.21119134 | CB68: =VLOOKUP(BR65, Weber!$B:$M, COLUMNS(Weber!$B$31:L$31), FALSE) -> 0.20088626 | CC68: =VLOOKUP(BR65, Weber!$B:$M, COLUMNS(Weber!$B$31:M$31), FALSE) -> 0.21868653
BF69: USA | BG69: =BG89 * BG99 -> 0.089414941 | BH69: =BH89 * BH99 -> 0.087664637 | BI69: =BI89 * BI99 -> 0.086437218 | BJ69: =BJ89 * BJ99 -> 0.083960531 | BK69: =BK89 * BK99 -> 0.082471479 | BL69: =BL89 * BL99 -> 0.081153165 | BM69: =BM89 * BM99 -> 0.079860944 | BN69: =BN89 * BN99 -> 0.078364256 | ... BP69: =BP89 * BP99 -> 0.076904689 | BS69: Davis | BT69: =VLOOKUP(BR65, Davis!$B:$M, COLUMNS(Davis!$B$31:D$31), FALSE) -> 0.16105328 | BU69: =VLOOKUP(BR65, Davis!$B:$M, COLUMNS(Davis!$B$31:E$31), FALSE) -> 0.1568403 | BV69: =VLOOKUP(BR65, Davis!$B:$M, COLUMNS(Davis!$B$31:F$31), FALSE) -> 0.18536325 | BW69: =VLOOKUP(BR65, Davis!$B:$M, COLUMNS(Davis!$B$31:G$31), FALSE) -> 0.18392857 | BX69: =VLOOKUP(BR65, Davis!$B:$M, COLUMNS(Davis!$B$31:H$31), FALSE) -> 0.18553812 | BY69: =VLOOKUP(BR65, Davis!$B:$M, COLUMNS(Davis!$B$31:I$31), FALSE) -> 0.20156775 | BZ69: =VLOOKUP(BR65, Davis!$B:$M, COLUMNS(Davis!$B$31:J$31), FALSE) -> 0.17124105 | CA69: =VLOOKUP(BR65, Davis!$B:$M, COLUMNS(Davis!$B$31:K$31), FALSE) -> 0.16439246 | CB69: =VLOOKUP(BR65, Davis!$B:$M, COLUMNS(Davis!$B$31:L$31), FALSE) -> 0.1670412 | CC69: =VLOOKUP(BR65, Davis!$B:$M, COLUMNS(Davis!$B$31:M$31), FALSE) -> 0.19415292
BS70: Salt Lake | BT70: =VLOOKUP(BR65, SaltLake!$B:$M, COLUMNS(SaltLake!$B$31:D$31), FALSE) -> 0.10253411 | BU70: =VLOOKUP(BR65, SaltLake!$B:$M, COLUMNS(SaltLake!$B$31:E$31), FALSE) -> 0.096534653 | BV70: =VLOOKUP(BR65, SaltLake!$B:$M, COLUMNS(SaltLake!$B$31:F$31), FALSE) -> 0.10408093 | BW70: =VLOOKUP(BR65, SaltLake!$B:$M, COLUMNS(SaltLake!$B$31:G$31), FALSE) -> 0.11003079 | BX70: =VLOOKUP(BR65, SaltLake!$B:$M, COLUMNS(SaltLake!$B$31:H$31), FALSE) -> 0.085663402 | BY70: =VLOOKUP(BR65, SaltLake!$B:$M, COLUMNS(SaltLake!$B$31:I$31), FALSE) -> 0.090745409 | BZ70: =VLOOKUP(BR65, SaltLake!$B:$M, COLUMNS(SaltLake!$B$31:J$31), FALSE) -> 0.097302158 | CA70: =VLOOKUP(BR65, SaltLake!$B:$M, COLUMNS(SaltLake!$B$31:K$31), FALSE) -> 0.10196515 | CB70: =VLOOKUP(BR65, SaltLake!$B:$M, COLUMNS(SaltLake!$B$31:L$31), FALSE) -> 0.10813594 | CC70: =VLOOKUP(BR65, SaltLake!$B:$M, COLUMNS(SaltLake!$B$31:M$31), FALSE) -> 0.093000393
BF71: Share of Workers that Drive Alone | BS71: Utah | BT71: =VLOOKUP(BR65, Utah!$B:$M, COLUMNS(Utah!$B$31:D$31), FALSE) -> 0.15056959 | BU71: =VLOOKUP(BR65, Utah!$B:$M, COLUMNS(Utah!$B$31:E$31), FALSE) -> 0.16345679 | BV71: =VLOOKUP(BR65, Utah!$B:$M, COLUMNS(Utah!$B$31:F$31), FALSE) -> 0.12881202 | BW71: =VLOOKUP(BR65, Utah!$B:$M, COLUMNS(Utah!$B$31:G$31), FALSE) -> 0.13598601 | BX71: =VLOOKUP(BR65, Utah!$B:$M, COLUMNS(Utah!$B$31:H$31), FALSE) -> 0.1307321 | BY71: =VLOOKUP(BR65, Utah!$B:$M, COLUMNS(Utah!$B$31:I$31), FALSE) -> 0.10696692 | BZ71: =VLOOKUP(BR65, Utah!$B:$M, COLUMNS(Utah!$B$31:J$31), FALSE) -> 0.11580217 | CA71: =VLOOKUP(BR65, Utah!$B:$M, COLUMNS(Utah!$B$31:K$31), FALSE) -> 0.1308204 | CB71: =VLOOKUP(BR65, Utah!$B:$M, COLUMNS(Utah!$B$31:L$31), FALSE) -> 0.11419558 | CC71: =VLOOKUP(BR65, Utah!$B:$M, COLUMNS(Utah!$B$31:M$31), FALSE) -> 0.12629199
BG72: 2010 | BH72: 2011 | BI72: 2012 | BJ72: 2013 | BK72: 2014 | BL72: 2015 | BM72: 2016 | BN72: 2017 | BO72: 2018 | BP72: 2019 | BS72: State of Utah | BT72: =VLOOKUP(BR65, StateOfUtah!$B:$M, COLUMNS(StateOfUtah!$B$31:D$31), FALSE) -> 0.059103059 | BU72: =VLOOKUP(BR65, StateOfUtah!$B:$M, COLUMNS(StateOfUtah!$B$31:E$31), FALSE) -> 0.055532095 | BV72: =VLOOKUP(BR65, StateOfUtah!$B:$M, COLUMNS(StateOfUtah!$B$31:F$31), FALSE) -> 0.058593223 | BW72: =VLOOKUP(BR65, StateOfUtah!$B:$M, COLUMNS(StateOfUtah!$B$31:G$31), FALSE) -> 0.062703637 | BX72: =VLOOKUP(BR65, StateOfUtah!$B:$M, COLUMNS(StateOfUtah!$B$31:H$31), FALSE) -> 0.050555978 | BY72: =VLOOKUP(BR65, StateOfUtah!$B:$M, COLUMNS(StateOfUtah!$B$31:I$31), FALSE) -> 0.053006651 | BZ72: =VLOOKUP(BR65, StateOfUtah!$B:$M, COLUMNS(StateOfUtah!$B$31:J$31), FALSE) -> 0.056762959 | CA72: =VLOOKUP(BR65, StateOfUtah!$B:$M, COLUMNS(StateOfUtah!$B$31:K$31), FALSE) -> 0.06198009 | CB72: =VLOOKUP(BR65, StateOfUtah!$B:$M, COLUMNS(StateOfUtah!$B$31:L$31), FALSE) -> 0.06177305 | CC72: =VLOOKUP(BR65, StateOfUtah!$B:$M, COLUMNS(StateOfUtah!$B$31:M$31), FALSE) -> 0.066376792
BF73: Wasatch Front | BG73: =BG83 * BG103 -> 0.67266421 | BH73: =BH83 * BH103 -> 0.67177493 | BI73: =BI83 * BI103 -> 0.67238451 | BJ73: =BJ83 * BJ103 -> 0.67214478 | BK73: =BK83 * BK103 -> 0.6709753 | BL73: =BL83 * BL103 -> 0.6632093 | BM73: =BM83 * BM103 -> 0.66079464 | BN73: =BN83 * BN103 -> 0.6606049 | ... BP73: =BP83 * BP103 -> 0.65939818 | BS73: USA | BT73: =VLOOKUP(BR65, USA!$B:$M, COLUMNS(USA!$B$31:D$31), FALSE) -> 0.0079129804 | BU73: =VLOOKUP(BR65, USA!$B:$M, COLUMNS(USA!$B$31:E$31), FALSE) -> 0.0071577816 | BV73: =VLOOKUP(BR65, USA!$B:$M, COLUMNS(USA!$B$31:F$31), FALSE) -> 0.0069226602 | BW73: =VLOOKUP(BR65, USA!$B:$M, COLUMNS(USA!$B$31:G$31), FALSE) -> 0.0070218347 | BX73: =VLOOKUP(BR65, USA!$B:$M, COLUMNS(USA!$B$31:H$31), FALSE) -> 0.0072834589 | BY73: =VLOOKUP(BR65, USA!$B:$M, COLUMNS(USA!$B$31:I$31), FALSE) -> 0.0066041013 | BZ73: =VLOOKUP(BR65, USA!$B:$M, COLUMNS(USA!$B$31:J$31), FALSE) -> 0.0066137663 | CA73: =VLOOKUP(BR65, USA!$B:$M, COLUMNS(USA!$B$31:K$31), FALSE) -> 0.0061784568 | CB73: =VLOOKUP(BR65, USA!$B:$M, COLUMNS(USA!$B$31:L$31), FALSE) -> 0.0063452381 | CC73: =VLOOKUP(BR65, USA!$B:$M, COLUMNS(USA!$B$31:M$31), FALSE) -> 0.0068681709
BF74: Weber | BG74: =BG84 * BG104 -> 0.73229952 | BH74: =BH84 * BH104 -> 0.73466486 | BI74: =BI84 * BI104 -> 0.72800423 | BJ74: =BJ84 * BJ104 -> 0.72936334 | BK74: =BK84 * BK104 -> 0.71909022 | BL74: =BL84 * BL104 -> 0.71949986 | BM74: =BM84 * BM104 -> 0.72736281 | BN74: =BN84 * BN104 -> 0.73044328 | ... BP74: =BP84 * BP104 -> 0.72174086
BF75: Davis | BG75: =BG85 * BG105 -> 0.71258409 | BH75: =BH85 * BH105 -> 0.70504403 | BI75: =BI85 * BI105 -> 0.71111712 | BJ75: =BJ85 * BJ105 -> 0.71619065 | BK75: =BK85 * BK105 -> 0.7173951 | BL75: =BL85 * BL105 -> 0.70463272 | BM75: =BM85 * BM105 -> 0.70662277 | BN75: =BN85 * BN105 -> 0.70966616 | ... BP75: =BP85 * BP105 -> 0.72138638 | BR75: 217 | BS75: Worked at Home
BF76: Salt Lake | BG76: =BG86 * BG106 -> 0.67482257 | BH76: =BH86 * BH106 -> 0.67483177 | BI76: =BI86 * BI106 -> 0.67162541 | BJ76: =BJ86 * BJ106 -> 0.67023197 | BK76: =BK86 * BK106 -> 0.66775499 | BL76: =BL86 * BL106 -> 0.65771628 | BM76: =BM86 * BM106 -> 0.6521411 | BN76: =BN86 * BN106 -> 0.65093899 | ... BP76: =BP86 * BP106 -> 0.65037197 | BT76: 2010 | BU76: 2011 | BV76: 2012 | BW76: 2013 | BX76: 2014 | BY76: 2015 | BZ76: 2016 | CA76: 2017 | CB76: 2018 | CC76: 2019
BF77: Utah | BG77: =BG87 * BG107 -> 0.61449717 | BH77: =BH87 * BH107 -> 0.6152827 | BI77: =BI87 * BI107 -> 0.62450582 | BJ77: =BJ87 * BJ107 -> 0.62319534 | BK77: =BK87 * BK107 -> 0.62763985 | BL77: =BL87 * BL107 -> 0.62499487 | BM77: =BM87 * BM107 -> 0.62315774 | BN77: =BN87 * BN107 -> 0.62207008 | ... BP77: =BP87 * BP107 -> 0.61633454 | BS77: Wasatch Front | BT77: =VLOOKUP(BR75, WasatchFront!$B:$M, COLUMNS(WasatchFront!$B$31:D$31), FALSE) -> 0.056180297 | BU77: =VLOOKUP(BR75, WasatchFront!$B:$M, COLUMNS(WasatchFront!$B$31:E$31), FALSE) -> 0.060317745 | BV77: =VLOOKUP(BR75, WasatchFront!$B:$M, COLUMNS(WasatchFront!$B$31:F$31), FALSE) -> 0.060490512 | BW77: =VLOOKUP(BR75, WasatchFront!$B:$M, COLUMNS(WasatchFront!$B$31:G$31), FALSE) -> 0.057796573 | BX77: =VLOOKUP(BR75, WasatchFront!$B:$M, COLUMNS(WasatchFront!$B$31:H$31), FALSE) -> 0.055966144 | BY77: =VLOOKUP(BR75, WasatchFront!$B:$M, COLUMNS(WasatchFront!$B$31:I$31), FALSE) -> 0.061544292 | BZ77: =VLOOKUP(BR75, WasatchFront!$B:$M, COLUMNS(WasatchFront!$B$31:J$31), FALSE) -> 0.053258145 | CA77: =VLOOKUP(BR75, WasatchFront!$B:$M, COLUMNS(WasatchFront!$B$31:K$31), FALSE) -> 0.051783864 | CB77: =VLOOKUP(BR75, WasatchFront!$B:$M, COLUMNS(WasatchFront!$B$31:L$31), FALSE) -> 0.052282121 | CC77: =VLOOKUP(BR75, WasatchFront!$B:$M, COLUMNS(WasatchFront!$B$31:M$31), FALSE) -> 0.054222947
BF78: State of Utah | BG78: =BG88 * BG108 -> 0.66663005 | BH78: =BH88 * BH108 -> 0.66837403 | BI78: =BI88 * BI108 -> 0.67034514 | BJ78: =BJ88 * BJ108 -> 0.67222365 | BK78: =BK88 * BK108 -> 0.67315581 | BL78: =BL88 * BL108 -> 0.66704755 | BM78: =BM88 * BM108 -> 0.66470577 | BN78: =BN88 * BN108 -> 0.66420757 | ... BP78: =BP88 * BP108 -> 0.66008569 | BS78: Weber | BT78: =VLOOKUP(BR75, Weber!$B:$M, COLUMNS(Weber!$B$31:D$31), FALSE) -> 0.12384188 | BU78: =VLOOKUP(BR75, Weber!$B:$M, COLUMNS(Weber!$B$31:E$31), FALSE) -> 0.1062447 | BV78: =VLOOKUP(BR75, Weber!$B:$M, COLUMNS(Weber!$B$31:F$31), FALSE) -> 0.11775096 | BW78: =VLOOKUP(BR75, Weber!$B:$M, COLUMNS(Weber!$B$31:G$31), FALSE) -> 0.10060536 | BX78: =VLOOKUP(BR75, Weber!$B:$M, COLUMNS(Weber!$B$31:H$31), FALSE) -> 0.10391645 | BY78: =VLOOKUP(BR75, Weber!$B:$M, COLUMNS(Weber!$B$31:I$31), FALSE) -> 0.11892497 | BZ78: =VLOOKUP(BR75, Weber!$B:$M, COLUMNS(Weber!$B$31:J$31), FALSE) -> 0.094056172 | CA78: =VLOOKUP(BR75, Weber!$B:$M, COLUMNS(Weber!$B$31:K$31), FALSE) -> 0.093335858 | CB78: =VLOOKUP(BR75, Weber!$B:$M, COLUMNS(Weber!$B$31:L$31), FALSE) -> 0.10771899 | CC78: =VLOOKUP(BR75, Weber!$B:$M, COLUMNS(Weber!$B$31:M$31), FALSE) -> 0.098149272
BF79: USA | BG79: =BG89 * BG109 -> 0.65636986 | BH79: =BH89 * BH109 -> 0.65632655 | BI79: =BI89 * BI109 -> 0.65615811 | BJ79: =BJ89 * BJ109 -> 0.6573659 | BK79: =BK89 * BK109 -> 0.65706906 | BL79: =BL89 * BL109 -> 0.65598699 | BM79: =BM89 * BM109 -> 0.65498969 | BN79: =BN89 * BN109 -> 0.65432433 | ... BP79: =BP89 * BP109 -> 0.65142401 | BS79: Davis | BT79: =VLOOKUP(BR75, Davis!$B:$M, COLUMNS(Davis!$B$31:D$31), FALSE) -> 0.065908331 | BU79: =VLOOKUP(BR75, Davis!$B:$M, COLUMNS(Davis!$B$31:E$31), FALSE) -> 0.087662338 | BV79: =VLOOKUP(BR75, Davis!$B:$M, COLUMNS(Davis!$B$31:F$31), FALSE) -> 0.080406801 | BW79: =VLOOKUP(BR75, Davis!$B:$M, COLUMNS(Davis!$B$31:G$31), FALSE) -> 0.072243917 | BX79: =VLOOKUP(BR75, Davis!$B:$M, COLUMNS(Davis!$B$31:H$31), FALSE) -> 0.071348156 | BY79: =VLOOKUP(BR75, Davis!$B:$M, COLUMNS(Davis!$B$31:I$31), FALSE) -> 0.076624385 | BZ79: =VLOOKUP(BR75, Davis!$B:$M, COLUMNS(Davis!$B$31:J$31), FALSE) -> 0.074360274 | CA79: =VLOOKUP(BR75, Davis!$B:$M, COLUMNS(Davis!$B$31:K$31), FALSE) -> 0.076727231 | CB79: =VLOOKUP(BR75, Davis!$B:$M, COLUMNS(Davis!$B$31:L$31), FALSE) -> 0.067997841 | CC79: =VLOOKUP(BR75, Davis!$B:$M, COLUMNS(Davis!$B$31:M$31), FALSE) -> 0.073480777
BS80: Salt Lake | BT80: =VLOOKUP(BR75, SaltLake!$B:$M, COLUMNS(SaltLake!$B$31:D$31), FALSE) -> 0.041286583 | BU80: =VLOOKUP(BR75, SaltLake!$B:$M, COLUMNS(SaltLake!$B$31:E$31), FALSE) -> 0.042960759 | BV80: =VLOOKUP(BR75, SaltLake!$B:$M, COLUMNS(SaltLake!$B$31:F$31), FALSE) -> 0.049953959 | BW80: =VLOOKUP(BR75, SaltLake!$B:$M, COLUMNS(SaltLake!$B$31:G$31), FALSE) -> 0.048127158 | BX80: =VLOOKUP(BR75, SaltLake!$B:$M, COLUMNS(SaltLake!$B$31:H$31), FALSE) -> 0.046210176 | BY80: =VLOOKUP(BR75, SaltLake!$B:$M, COLUMNS(SaltLake!$B$31:I$31), FALSE) -> 0.049852699 | BZ80: =VLOOKUP(BR75, SaltLake!$B:$M, COLUMNS(SaltLake!$B$31:J$31), FALSE) -> 0.045008448 | CA80: =VLOOKUP(BR75, SaltLake!$B:$M, COLUMNS(SaltLake!$B$31:K$31), FALSE) -> 0.042487983 | CB80: =VLOOKUP(BR75, SaltLake!$B:$M, COLUMNS(SaltLake!$B$31:L$31), FALSE) -> 0.042319563 | CC80: =VLOOKUP(BR75, SaltLake!$B:$M, COLUMNS(SaltLake!$B$31:M$31), FALSE) -> 0.045882971
BE81: 102 | BF81: Share of Workers that Used Auto | BS81: Utah | BT81: =VLOOKUP(BR75, Utah!$B:$M, COLUMNS(Utah!$B$31:D$31), FALSE) -> 0.059016907 | BU81: =VLOOKUP(BR75, Utah!$B:$M, COLUMNS(Utah!$B$31:E$31), FALSE) -> 0.062916699 | BV81: =VLOOKUP(BR75, Utah!$B:$M, COLUMNS(Utah!$B$31:F$31), FALSE) -> 0.053442801 | BW81: =VLOOKUP(BR75, Utah!$B:$M, COLUMNS(Utah!$B$31:G$31), FALSE) -> 0.055833396 | BX81: =VLOOKUP(BR75, Utah!$B:$M, COLUMNS(Utah!$B$31:H$31), FALSE) -> 0.051517136 | BY81: =VLOOKUP(BR75, Utah!$B:$M, COLUMNS(Utah!$B$31:I$31), FALSE) -> 0.056897626 | BZ81: =VLOOKUP(BR75, Utah!$B:$M, COLUMNS(Utah!$B$31:J$31), FALSE) -> 0.04525585 | CA81: =VLOOKUP(BR75, Utah!$B:$M, COLUMNS(Utah!$B$31:K$31), FALSE) -> 0.043070717 | CB81: =VLOOKUP(BR75, Utah!$B:$M, COLUMNS(Utah!$B$31:L$31), FALSE) -> 0.045203608 | CC81: =VLOOKUP(BR75, Utah!$B:$M, COLUMNS(Utah!$B$31:M$31), FALSE) -> 0.045463689
BG82: 2010 | BH82: 2011 | BI82: 2012 | BJ82: 2013 | BK82: 2014 | BL82: 2015 | BM82: 2016 | BN82: 2017 | BO82: 2018 | BP82: 2019 | BS82: State of Utah | BT82: =VLOOKUP(BR75, StateOfUtah!$B:$M, COLUMNS(StateOfUtah!$B$31:D$31), FALSE) -> 0.022597235 | BU82: =VLOOKUP(BR75, StateOfUtah!$B:$M, COLUMNS(StateOfUtah!$B$31:E$31), FALSE) -> 0.025329451 | BV82: =VLOOKUP(BR75, StateOfUtah!$B:$M, COLUMNS(StateOfUtah!$B$31:F$31), FALSE) -> 0.028477417 | BW82: =VLOOKUP(BR75, StateOfUtah!$B:$M, COLUMNS(StateOfUtah!$B$31:G$31), FALSE) -> 0.026962519 | BX82: =VLOOKUP(BR75, StateOfUtah!$B:$M, COLUMNS(StateOfUtah!$B$31:H$31), FALSE) -> 0.0254948 | BY82: =VLOOKUP(BR75, StateOfUtah!$B:$M, COLUMNS(StateOfUtah!$B$31:I$31), FALSE) -> 0.027069335 | BZ82: =VLOOKUP(BR75, StateOfUtah!$B:$M, COLUMNS(StateOfUtah!$B$31:J$31), FALSE) -> 0.027488243 | CA82: =VLOOKUP(BR75, StateOfUtah!$B:$M, COLUMNS(StateOfUtah!$B$31:K$31), FALSE) -> 0.024113916 | CB82: =VLOOKUP(BR75, StateOfUtah!$B:$M, COLUMNS(StateOfUtah!$B$31:L$31), FALSE) -> 0.024981307 | CC82: =VLOOKUP(BR75, StateOfUtah!$B:$M, COLUMNS(StateOfUtah!$B$31:M$31), FALSE) -> 0.024826493
BF83: Wasatch Front | BG83: =VLOOKUP(BE81, WasatchFront!$B:$M, COLUMNS(WasatchFront!$B$31:D$31), FALSE) -> 0.88186345 | BH83: =VLOOKUP(BE81, WasatchFront!$B:$M, COLUMNS(WasatchFront!$B$31:E$31), FALSE) -> 0.88091993 | BI83: =VLOOKUP(BE81, WasatchFront!$B:$M, COLUMNS(WasatchFront!$B$31:F$31), FALSE) -> 0.88084124 | BJ83: =VLOOKUP(BE81, WasatchFront!$B:$M, COLUMNS(WasatchFront!$B$31:G$31), FALSE) -> 0.88025413 | BK83: =VLOOKUP(BE81, WasatchFront!$B:$M, COLUMNS(WasatchFront!$B$31:H$31), FALSE) -> 0.8802411 | BL83: =VLOOKUP(BE81, WasatchFront!$B:$M, COLUMNS(WasatchFront!$B$31:I$31), FALSE) -> 0.87545884 | BM83: =VLOOKUP(BE81, WasatchFront!$B:$M, COLUMNS(WasatchFront!$B$31:J$31), FALSE) -> 0.8721701 | BN83: =VLOOKUP(BE81, WasatchFront!$B:$M, COLUMNS(WasatchFront!$B$31:K$31), FALSE) -> 0.8703205 | BO83: =VLOOKUP(BE81, WasatchFront!$B:$M, COLUMNS(WasatchFront!$B$31:L$31), FALSE) -> 0.86827909 | BP83: =VLOOKUP(BE81, WasatchFront!$B:$M, COLUMNS(WasatchFront!$B$31:M$31), FALSE) -> 0.86692025 | BS83: USA | BT83: =VLOOKUP(BR75, USA!$B:$M, COLUMNS(USA!$B$31:D$31), FALSE) -> 0.0034182193 | BU83: =VLOOKUP(BR75, USA!$B:$M, COLUMNS(USA!$B$31:E$31), FALSE) -> 0.0032969041 | BV83: =VLOOKUP(BR75, USA!$B:$M, COLUMNS(USA!$B$31:F$31), FALSE) -> 0.0027047513 | BW83: =VLOOKUP(BR75, USA!$B:$M, COLUMNS(USA!$B$31:G$31), FALSE) -> 0.0035140005 | BX83: =VLOOKUP(BR75, USA!$B:$M, COLUMNS(USA!$B$31:H$31), FALSE) -> 0.003179083 | BY83: =VLOOKUP(BR75, USA!$B:$M, COLUMNS(USA!$B$31:I$31), FALSE) -> 0.0028370449 | BZ83: =VLOOKUP(BR75, USA!$B:$M, COLUMNS(USA!$B$31:J$31), FALSE) -> 0.0029051807 | CA83: =VLOOKUP(BR75, USA!$B:$M, COLUMNS(USA!$B$31:K$31), FALSE) -> 0.0028748856 | CB83: =VLOOKUP(BR75, USA!$B:$M, COLUMNS(USA!$B$31:L$31), FALSE) -> 0.0028515682 | CC83: =VLOOKUP(BR75, USA!$B:$M, COLUMNS(USA!$B$31:M$31), FALSE) -> 0.0034492293
BF84: Weber | BG84: =VLOOKUP(BE81, Weber!$B:$M, COLUMNS(Weber!$B$31:D$31), FALSE) -> 0.91908819 | BH84: =VLOOKUP(BE81, Weber!$B:$M, COLUMNS(Weber!$B$31:E$31), FALSE) -> 0.92002438 | BI84: =VLOOKUP(BE81, Weber!$B:$M, COLUMNS(Weber!$B$31:F$31), FALSE) -> 0.9187213 | BJ84: =VLOOKUP(BE81, Weber!$B:$M, COLUMNS(Weber!$B$31:G$31), FALSE) -> 0.91880269 | BK84: =VLOOKUP(BE81, Weber!$B:$M, COLUMNS(Weber!$B$31:H$31), FALSE) -> 0.91544015 | BL84: =VLOOKUP(BE81, Weber!$B:$M, COLUMNS(Weber!$B$31:I$31), FALSE) -> 0.91038809 | BM84: =VLOOKUP(BE81, Weber!$B:$M, COLUMNS(Weber!$B$31:J$31), FALSE) -> 0.91022728 | BN84: =VLOOKUP(BE81, Weber!$B:$M, COLUMNS(Weber!$B$31:K$31), FALSE) -> 0.90814361 | BO84: =VLOOKUP(BE81, Weber!$B:$M, COLUMNS(Weber!$B$31:L$31), FALSE) -> 0.90615153 | BP84: =VLOOKUP(BE81, Weber!$B:$M, COLUMNS(Weber!$B$31:M$31), FALSE) -> 0.89951455
BF85: Davis | BG85: =VLOOKUP(BE81, Davis!$B:$M, COLUMNS(Davis!$B$31:D$31), FALSE) -> 0.90096862 | BH85: =VLOOKUP(BE81, Davis!$B:$M, COLUMNS(Davis!$B$31:E$31), FALSE) -> 0.89514318 | BI85: =VLOOKUP(BE81, Davis!$B:$M, COLUMNS(Davis!$B$31:F$31), FALSE) -> 0.89848403 | BJ85: =VLOOKUP(BE81, Davis!$B:$M, COLUMNS(Davis!$B$31:G$31), FALSE) -> 0.89751257 | BK85: =VLOOKUP(BE81, Davis!$B:$M, COLUMNS(Davis!$B$31:H$31), FALSE) -> 0.89508372 | BL85: =VLOOKUP(BE81, Davis!$B:$M, COLUMNS(Davis!$B$31:I$31), FALSE) -> 0.88771894 | BM85: =VLOOKUP(BE81, Davis!$B:$M, COLUMNS(Davis!$B$31:J$31), FALSE) -> 0.89122587 | BN85: =VLOOKUP(BE81, Davis!$B:$M, COLUMNS(Davis!$B$31:K$31), FALSE) -> 0.8912675 | BO85: =VLOOKUP(BE81, Davis!$B:$M, COLUMNS(Davis!$B$31:L$31), FALSE) -> 0.89388774 | BP85: =VLOOKUP(BE81, Davis!$B:$M, COLUMNS(Davis!$B$31:M$31), FALSE) -> 0.89595727
BF86: Salt Lake | BG86: =VLOOKUP(BE81, SaltLake!$B:$M, COLUMNS(SaltLake!$B$31:D$31), FALSE) -> 0.88246153 | BH86: =VLOOKUP(BE81, SaltLake!$B:$M, COLUMNS(SaltLake!$B$31:E$31), FALSE) -> 0.88201227 | BI86: =VLOOKUP(BE81, SaltLake!$B:$M, COLUMNS(SaltLake!$B$31:F$31), FALSE) -> 0.87970542 | BJ86: =VLOOKUP(BE81, SaltLake!$B:$M, COLUMNS(SaltLake!$B$31:G$31), FALSE) -> 0.87896303 | BK86: =VLOOKUP(BE81, SaltLake!$B:$M, COLUMNS(SaltLake!$B$31:H$31), FALSE) -> 0.87841575 | BL86: =VLOOKUP(BE81, SaltLake!$B:$M, COLUMNS(SaltLake!$B$31:I$31), FALSE) -> 0.87308549 | BM86: =VLOOKUP(BE81, SaltLake!$B:$M, COLUMNS(SaltLake!$B$31:J$31), FALSE) -> 0.86817073 | BN86: =VLOOKUP(BE81, SaltLake!$B:$M, COLUMNS(SaltLake!$B$31:K$31), FALSE) -> 0.86610181 | BO86: =VLOOKUP(BE81, SaltLake!$B:$M, COLUMNS(SaltLake!$B$31:L$31), FALSE) -> 0.86316394 | BP86: =VLOOKUP(BE81, SaltLake!$B:$M, COLUMNS(SaltLake!$B$31:M$31), FALSE) -> 0.86285168
BF87: Utah | BG87: =VLOOKUP(BE81, Utah!$B:$M, COLUMNS(Utah!$B$31:D$31), FALSE) -> 0.84967465 | BH87: =VLOOKUP(BE81, Utah!$B:$M, COLUMNS(Utah!$B$31:E$31), FALSE) -> 0.85047922 | BI87: =VLOOKUP(BE81, Utah!$B:$M, COLUMNS(Utah!$B$31:F$31), FALSE) -> 0.85404089 | BJ87: =VLOOKUP(BE81, Utah!$B:$M, COLUMNS(Utah!$B$31:G$31), FALSE) -> 0.85394262 | BK87: =VLOOKUP(BE81, Utah!$B:$M, COLUMNS(Utah!$B$31:H$31), FALSE) -> 0.85837257 | BL87: =VLOOKUP(BE81, Utah!$B:$M, COLUMNS(Utah!$B$31:I$31), FALSE) -> 0.85702551 | BM87: =VLOOKUP(BE81, Utah!$B:$M, COLUMNS(Utah!$B$31:J$31), FALSE) -> 0.85199309 | BN87: =VLOOKUP(BE81, Utah!$B:$M, COLUMNS(Utah!$B$31:K$31), FALSE) -> 0.849658 | BO87: =VLOOKUP(BE81, Utah!$B:$M, COLUMNS(Utah!$B$31:L$31), FALSE) -> 0.84706939 | BP87: =VLOOKUP(BE81, Utah!$B:$M, COLUMNS(Utah!$B$31:M$31), FALSE) -> 0.84392938
BF88: State of Utah | BG88: =VLOOKUP(BE81, StateOfUtah!$B:$M, COLUMNS(StateOfUtah!$B$31:D$31), FALSE) -> 0.88073244 | BH88: =VLOOKUP(BE81, StateOfUtah!$B:$M, COLUMNS(StateOfUtah!$B$31:E$31), FALSE) -> 0.88088347 | BI88: =VLOOKUP(BE81, StateOfUtah!$B:$M, COLUMNS(StateOfUtah!$B$31:F$31), FALSE) -> 0.88119672 | BJ88: =VLOOKUP(BE81, StateOfUtah!$B:$M, COLUMNS(StateOfUtah!$B$31:G$31), FALSE) -> 0.88109027 | BK88: =VLOOKUP(BE81, StateOfUtah!$B:$M, COLUMNS(StateOfUtah!$B$31:H$31), FALSE) -> 0.8821172 | BL88: =VLOOKUP(BE81, StateOfUtah!$B:$M, COLUMNS(StateOfUtah!$B$31:I$31), FALSE) -> 0.87847742 | BM88: =VLOOKUP(BE81, StateOfUtah!$B:$M, COLUMNS(StateOfUtah!$B$31:J$31), FALSE) -> 0.87546002 | BN88: =VLOOKUP(BE81, StateOfUtah!$B:$M, COLUMNS(StateOfUtah!$B$31:K$31), FALSE) -> 0.87359183 | BO88: =VLOOKUP(BE81, StateOfUtah!$B:$M, COLUMNS(StateOfUtah!$B$31:L$31), FALSE) -> 0.87124227 | BP88: =VLOOKUP(BE81, StateOfUtah!$B:$M, COLUMNS(StateOfUtah!$B$31:M$31), FALSE) -> 0.86831559
BF89: USA | BG89: =VLOOKUP(BE81, USA!$B:$M, COLUMNS(USA!$B$31:D$31), FALSE) -> 0.86358833 | BH89: =VLOOKUP(BE81, USA!$B:$M, COLUMNS(USA!$B$31:E$31), FALSE) -> 0.86254924 | BI89: =VLOOKUP(BE81, USA!$B:$M, COLUMNS(USA!$B$31:F$31), FALSE) -> 0.86173971 | BJ89: =VLOOKUP(BE81, USA!$B:$M, COLUMNS(USA!$B$31:G$31), FALSE) -> 0.86100315 | BK89: =VLOOKUP(BE81, USA!$B:$M, COLUMNS(USA!$B$31:H$31), FALSE) -> 0.85996543 | BL89: =VLOOKUP(BE81, USA!$B:$M, COLUMNS(USA!$B$31:I$31), FALSE) -> 0.85856866 | BM89: =VLOOKUP(BE81, USA!$B:$M, COLUMNS(USA!$B$31:J$31), FALSE) -> 0.8572343 | BN89: =VLOOKUP(BE81, USA!$B:$M, COLUMNS(USA!$B$31:K$31), FALSE) -> 0.8559723 | BO89: =VLOOKUP(BE81, USA!$B:$M, COLUMNS(USA!$B$31:L$31), FALSE) -> 0.85519593 | BP89: =VLOOKUP(BE81, USA!$B:$M, COLUMNS(USA!$B$31:M$31), FALSE) -> 0.85342176
BE91: 104 | BF91: Share of Auto that Carpooled
BG92: 2010 | BH92: 2011 | BI92: 2012 | BJ92: 2013 | BK92: 2014 | BL92: 2015 | BM92: 2016 | BN92: 2017 | BO92: 2018 | BP92: 2019
BF93: Wasatch Front | BG93: =VLOOKUP(BE91, WasatchFront!$B:$M, COLUMNS(WasatchFront!$B$31:D$31), FALSE) -> 0.11908753 | BH93: =VLOOKUP(BE91, WasatchFront!$B:$M, COLUMNS(WasatchFront!$B$31:E$31), FALSE) -> 0.11833652 | BI93: =VLOOKUP(BE91, WasatchFront!$B:$M, COLUMNS(WasatchFront!$B$31:F$31), FALSE) -> 0.11749765 | BJ93: =VLOOKUP(BE91, WasatchFront!$B:$M, COLUMNS(WasatchFront!$B$31:G$31), FALSE) -> 0.11667375 | BK93: =VLOOKUP(BE91, WasatchFront!$B:$M, COLUMNS(WasatchFront!$B$31:H$31), FALSE) -> 0.117978 | BL93: =VLOOKUP(BE91, WasatchFront!$B:$M, COLUMNS(WasatchFront!$B$31:I$31), FALSE) -> 0.1179026 | BM93: =VLOOKUP(BE91, WasatchFront!$B:$M, COLUMNS(WasatchFront!$B$31:J$31), FALSE) -> 0.11452588 | BN93: =VLOOKUP(BE91, WasatchFront!$B:$M, COLUMNS(WasatchFront!$B$31:K$31), FALSE) -> 0.11128414 | BO93: =VLOOKUP(BE91, WasatchFront!$B:$M, COLUMNS(WasatchFront!$B$31:L$31), FALSE) -> 0.10995855 | BP93: =VLOOKUP(BE91, WasatchFront!$B:$M, COLUMNS(WasatchFront!$B$31:M$31), FALSE) -> 0.10629876
BF94: Weber | BG94: =VLOOKUP(BE91, Weber!$B:$M, COLUMNS(Weber!$B$31:D$31), FALSE) -> 0.12232077 | BH94: =VLOOKUP(BE91, Weber!$B:$M, COLUMNS(Weber!$B$31:E$31), FALSE) -> 0.12149677 | BI94: =VLOOKUP(BE91, Weber!$B:$M, COLUMNS(Weber!$B$31:F$31), FALSE) -> 0.12631099 | BJ94: =VLOOKUP(BE91, Weber!$B:$M, COLUMNS(Weber!$B$31:G$31), FALSE) -> 0.12498335 | BK94: =VLOOKUP(BE91, Weber!$B:$M, COLUMNS(Weber!$B$31:H$31), FALSE) -> 0.12992706 | BL94: =VLOOKUP(BE91, Weber!$B:$M, COLUMNS(Weber!$B$31:I$31), FALSE) -> 0.12006596 | BM94: =VLOOKUP(BE91, Weber!$B:$M, COLUMNS(Weber!$B$31:J$31), FALSE) -> 0.11112708 | BN94: =VLOOKUP(BE91, Weber!$B:$M, COLUMNS(Weber!$B$31:K$31), FALSE) -> 0.10381786 | BO94: =VLOOKUP(BE91, Weber!$B:$M, COLUMNS(Weber!$B$31:L$31), FALSE) -> 0.099615264 | BP94: =VLOOKUP(BE91, Weber!$B:$M, COLUMNS(Weber!$B$31:M$31), FALSE) -> 0.097147473
BF95: Davis | BG95: =VLOOKUP(BE91, Davis!$B:$M, COLUMNS(Davis!$B$31:D$31), FALSE) -> 0.11005973 | BH95: =VLOOKUP(BE91, Davis!$B:$M, COLUMNS(Davis!$B$31:E$31), FALSE) -> 0.1075105 | BI95: =VLOOKUP(BE91, Davis!$B:$M, COLUMNS(Davis!$B$31:F$31), FALSE) -> 0.10702075 | BJ95: =VLOOKUP(BE91, Davis!$B:$M, COLUMNS(Davis!$B$31:G$31), FALSE) -> 0.099539734 | BK95: =VLOOKUP(BE91, Davis!$B:$M, COLUMNS(Davis!$B$31:H$31), FALSE) -> 0.093599933 | BL95: =VLOOKUP(BE91, Davis!$B:$M, COLUMNS(Davis!$B$31:I$31), FALSE) -> 0.093962404 | BM95: =VLOOKUP(BE91, Davis!$B:$M, COLUMNS(Davis!$B$31:J$31), FALSE) -> 0.098359792 | BN95: =VLOOKUP(BE91, Davis!$B:$M, COLUMNS(Davis!$B$31:K$31), FALSE) -> 0.095023758 | BO95: =VLOOKUP(BE91, Davis!$B:$M, COLUMNS(Davis!$B$31:L$31), FALSE) -> 0.095652611 | BP95: =VLOOKUP(BE91, Davis!$B:$M, COLUMNS(Davis!$B$31:M$31), FALSE) -> 0.090800151
BF96: Salt Lake | BG96: =VLOOKUP(BE91, SaltLake!$B:$M, COLUMNS(SaltLake!$B$31:D$31), FALSE) -> 0.11775672 | BH96: =VLOOKUP(BE91, SaltLake!$B:$M, COLUMNS(SaltLake!$B$31:E$31), FALSE) -> 0.11690752 | BI96: =VLOOKUP(BE91, SaltLake!$B:$M, COLUMNS(SaltLake!$B$31:F$31), FALSE) -> 0.11623915 | BJ96: =VLOOKUP(BE91, SaltLake!$B:$M, COLUMNS(SaltLake!$B$31:G$31), FALSE) -> 0.11643724 | BK96: =VLOOKUP(BE91, SaltLake!$B:$M, COLUMNS(SaltLake!$B$31:H$31), FALSE) -> 0.11823472 | BL96: =VLOOKUP(BE91, SaltLake!$B:$M, COLUMNS(SaltLake!$B$31:I$31), FALSE) -> 0.11976146 | BM96: =VLOOKUP(BE91, SaltLake!$B:$M, COLUMNS(SaltLake!$B$31:J$31), FALSE) -> 0.11700385 | BN96: =VLOOKUP(BE91, SaltLake!$B:$M, COLUMNS(SaltLake!$B$31:K$31), FALSE) -> 0.11452851 | BO96: =VLOOKUP(BE91, SaltLake!$B:$M, COLUMNS(SaltLake!$B$31:L$31), FALSE) -> 0.11455115 | BP96: =VLOOKUP(BE91, SaltLake!$B:$M, COLUMNS(SaltLake!$B$31:M$31), FALSE) -> 0.10910457
BF97: Utah | BG97: =VLOOKUP(BE91, Utah!$B:$M, COLUMNS(Utah!$B$31:D$31), FALSE) -> 0.12645998 | BH97: =VLOOKUP(BE91, Utah!$B:$M, COLUMNS(Utah!$B$31:E$31), FALSE) -> 0.1270251 | BI97: =VLOOKUP(BE91, Utah!$B:$M, COLUMNS(Utah!$B$31:F$31), FALSE) -> 0.12280446 | BJ97: =VLOOKUP(BE91, Utah!$B:$M, COLUMNS(Utah!$B$31:G$31), FALSE) -> 0.12415667 | BK97: =VLOOKUP(BE91, Utah!$B:$M, COLUMNS(Utah!$B$31:H$31), FALSE) -> 0.12717511 | BL97: =VLOOKUP(BE91, Utah!$B:$M, COLUMNS(Utah!$B$31:I$31), FALSE) -> 0.12776498 | BM97: =VLOOKUP(BE91, Utah!$B:$M, COLUMNS(Utah!$B$31:J$31), FALSE) -> 0.12058136 | BN97: =VLOOKUP(BE91, Utah!$B:$M, COLUMNS(Utah!$B$31:K$31), FALSE) -> 0.11751627 | BO97: =VLOOKUP(BE91, Utah!$B:$M, COLUMNS(Utah!$B$31:L$31), FALSE) -> 0.113272 | BP97: =VLOOKUP(BE91, Utah!$B:$M, COLUMNS(Utah!$B$31:M$31), FALSE) -> 0.11361409
BF98: State of Utah | BG98: =VLOOKUP(BE91, StateOfUtah!$B:$M, COLUMNS(StateOfUtah!$B$31:D$31), FALSE) -> 0.12382829 | BH98: =VLOOKUP(BE91, StateOfUtah!$B:$M, COLUMNS(StateOfUtah!$B$31:E$31), FALSE) -> 0.12212927 | BI98: =VLOOKUP(BE91, StateOfUtah!$B:$M, COLUMNS(StateOfUtah!$B$31:F$31), FALSE) -> 0.12047539 | BJ98: =VLOOKUP(BE91, StateOfUtah!$B:$M, COLUMNS(StateOfUtah!$B$31:G$31), FALSE) -> 0.11814501 | BK98: =VLOOKUP(BE91, StateOfUtah!$B:$M, COLUMNS(StateOfUtah!$B$31:H$31), FALSE) -> 0.11900341 | BL98: =VLOOKUP(BE91, StateOfUtah!$B:$M, COLUMNS(StateOfUtah!$B$31:I$31), FALSE) -> 0.11915506 | BM98: =VLOOKUP(BE91, StateOfUtah!$B:$M, COLUMNS(StateOfUtah!$B$31:J$31), FALSE) -> 0.11619546 | BN98: =VLOOKUP(BE91, StateOfUtah!$B:$M, COLUMNS(StateOfUtah!$B$31:K$31), FALSE) -> 0.11327385 | BO98: =VLOOKUP(BE91, StateOfUtah!$B:$M, COLUMNS(StateOfUtah!$B$31:L$31), FALSE) -> 0.11155092 | BP98: =VLOOKUP(BE91, StateOfUtah!$B:$M, COLUMNS(StateOfUtah!$B$31:M$31), FALSE) -> 0.1081246
BF99: USA | BG99: =VLOOKUP(BE91, USA!$B:$M, COLUMNS(USA!$B$31:D$31), FALSE) -> 0.10353885 | BH99: =VLOOKUP(BE91, USA!$B:$M, COLUMNS(USA!$B$31:E$31), FALSE) -> 0.10163436 | BI99: =VLOOKUP(BE91, USA!$B:$M, COLUMNS(USA!$B$31:F$31), FALSE) -> 0.10030548 | BJ99: =VLOOKUP(BE91, USA!$B:$M, COLUMNS(USA!$B$31:G$31), FALSE) -> 0.097514778 | BK99: =VLOOKUP(BE91, USA!$B:$M, COLUMNS(USA!$B$31:H$31), FALSE) -> 0.095900923 | BL99: =VLOOKUP(BE91, USA!$B:$M, COLUMNS(USA!$B$31:I$31), FALSE) -> 0.094521462 | BM99: =VLOOKUP(BE91, USA!$B:$M, COLUMNS(USA!$B$31:J$31), FALSE) -> 0.093161163 | BN99: =VLOOKUP(BE91, USA!$B:$M, COLUMNS(USA!$B$31:K$31), FALSE) -> 0.09154999 | BO99: =VLOOKUP(BE91, USA!$B:$M, COLUMNS(USA!$B$31:L$31), FALSE) -> 0.090800851 | BP99: =VLOOKUP(BE91, USA!$B:$M, COLUMNS(USA!$B$31:M$31), FALSE) -> 0.090113344
BE101: 103 | BF101: Share of Auto that Drive Alone
BG102: 2010 | BH102: 2011 | BI102: 2012 | BJ102: 2013 | BK102: 2014 | BL102: 2015 | BM102: 2016 | BN102: 2017 | BO102: 2018 | BP102: 2019
BF103: Wasatch Front | BG103: =VLOOKUP(BE101, WasatchFront!$B:$M, COLUMNS(WasatchFront!$B$31:D$31), FALSE) -> 0.76277592 | BH103: =VLOOKUP(BE101, WasatchFront!$B:$M, COLUMNS(WasatchFront!$B$31:E$31), FALSE) -> 0.76258341 | BI103: =VLOOKUP(BE101, WasatchFront!$B:$M, COLUMNS(WasatchFront!$B$31:F$31), FALSE) -> 0.76334359 | BJ103: =VLOOKUP(BE101, WasatchFront!$B:$M, COLUMNS(WasatchFront!$B$31:G$31), FALSE) -> 0.76358038 | BK103: =VLOOKUP(BE101, WasatchFront!$B:$M, COLUMNS(WasatchFront!$B$31:H$31), FALSE) -> 0.76226309 | BL103: =VLOOKUP(BE101, WasatchFront!$B:$M, COLUMNS(WasatchFront!$B$31:I$31), FALSE) -> 0.75755624 | BM103: =VLOOKUP(BE101, WasatchFront!$B:$M, COLUMNS(WasatchFront!$B$31:J$31), FALSE) -> 0.75764422 | BN103: =VLOOKUP(BE101, WasatchFront!$B:$M, COLUMNS(WasatchFront!$B$31:K$31), FALSE) -> 0.75903636 | BO103: =VLOOKUP(BE101, WasatchFront!$B:$M, COLUMNS(WasatchFront!$B$31:L$31), FALSE) -> 0.75832054 | BP103: =VLOOKUP(BE101, WasatchFront!$B:$M, COLUMNS(WasatchFront!$B$31:M$31), FALSE) -> 0.76062149
BF104: Weber | BG104: =VLOOKUP(BE101, Weber!$B:$M, COLUMNS(Weber!$B$31:D$31), FALSE) -> 0.79676742 | BH104: =VLOOKUP(BE101, Weber!$B:$M, COLUMNS(Weber!$B$31:E$31), FALSE) -> 0.7985276 | BI104: =VLOOKUP(BE101, Weber!$B:$M, COLUMNS(Weber!$B$31:F$31), FALSE) -> 0.79241031 | BJ104: =VLOOKUP(BE101, Weber!$B:$M, COLUMNS(Weber!$B$31:G$31), FALSE) -> 0.79381934 | BK104: =VLOOKUP(BE101, Weber!$B:$M, COLUMNS(Weber!$B$31:H$31), FALSE) -> 0.78551309 | BL104: =VLOOKUP(BE101, Weber!$B:$M, COLUMNS(Weber!$B$31:I$31), FALSE) -> 0.79032213 | BM104: =VLOOKUP(BE101, Weber!$B:$M, COLUMNS(Weber!$B$31:J$31), FALSE) -> 0.79910021 | BN104: =VLOOKUP(BE101, Weber!$B:$M, COLUMNS(Weber!$B$31:K$31), FALSE) -> 0.80432574 | BO104: =VLOOKUP(BE101, Weber!$B:$M, COLUMNS(Weber!$B$31:L$31), FALSE) -> 0.80653627 | BP104: =VLOOKUP(BE101, Weber!$B:$M, COLUMNS(Weber!$B$31:M$31), FALSE) -> 0.80236708
...

Sheet WasatchFront
A1: Wasatch Front | W1: ACS: Table B08006 - SEX OF WORKERS BY MEANS OF TRANSPORTATION TO WORK
W2: Universe: Workers 16 years and over
W3: https://data.census.gov/cedsci/table?q=B08006_017E&t=Commuting&g=0500000US49011,49035,49049,49057&y=2019&tid=ACSDT5Y2019.B08006&hidePreview=true&tp=false&moe=false
B4: Workers & Share of Workers by Primary Mode to Work | Y4: Total | Z4: MOE | AA4: MOE% | AB4: Total | AC4: MOE | AD4: MOE% | AE4: Total | AF4: MOE | AG4: MOE% | AH4: Total | AI4: MOE | AJ4: MOE% | AK4: Total | AL4: MOE | AM4: MOE% | AN4: Total | AO4: MOE | AP4: MOE% | AQ4: Total | AR4: MOE | AS4: MOE% | AT4: Total | AU4: MOE | AV4: MOE% | AW4: Total | AX4: MOE | AY4: MOE% | AZ4: Total | BA4: MOE | BB4: MOE%
D5: 2010 | E5: 2011 | F5: 2012 | G5: 2013 | H5: 2014 | I5: 2015 | J5: 2016 | K5: 2017 | L5: 2018 | M5: 2019 | W5: Line | X5: Description | Y5: 2010 | Z5: =Y5 + 0.1 -> 2010.1 | AA5: =Y5 + 0.2 -> 2010.2 | AB5: =Y5+1 -> 2011 | AC5: =AB5 + 0.1 -> 2011.1 | AD5: =AB5 + 0.2 -> 2011.2 | AE5: =AB5+1 -> 2012 | AF5: =AE5 + 0.1 -> 2012.1 | AG5: =AE5 + 0.2 -> 2012.2 | AH5: =AE5+1 -> 2013 | AI5: =AH5 + 0.1 -> 2013.1 | AJ5: =AH5 + 0.2 -> 2013.2 | AK5: =AH5+1 -> 2014 | AL5: =AK5 + 0.1 -> 2014.1 | AM5: =AK5 + 0.2 -> 2014.2 | AN5: =AK5+1 -> 2015 | AO5: =AN5 + 0.1 -> 2015.1 | AP5: =AN5 + 0.2 -> 2015.2 | AQ5: =AN5+1 -> 2016 | AR5: =AQ5 + 0.1 -> 2016.1 | AS5: =AQ5 + 0.2 -> 2016.2 | AT5: =AQ5+1 -> 2017 | AU5: =AT5 + 0.1 -> 2017.1 | AV5: =AT5 + 0.2 -> 2017.2 | AW5: =AT5+1 -> 2018 | AX5: =AW5 + 0.1 -> 2018.1 | AY5: =AW5 + 0.2 -> 2018.2 | AZ5: =AW5+1 -> 2019 | BA5: =AZ5 + 0.1 -> 2019.1 | BB5: =AZ5 + 0.2 -> 2019.2
B6: 1 | C6: Total | D6: =INDEX($Y$6:$BB$22,MATCH($B6, $W$6:$W$22,0), MATCH(D$31, $Y$5:$BB$5, 0) ) -> 934825 | E6: =INDEX($Y$6:$BB$22,MATCH($B6, $W$6:$W$22,0), MATCH(E$31, $Y$5:$BB$5, 0) ) -> 949504 | F6: =INDEX($Y$6:$BB$22,MATCH($B6, $W$6:$W$22,0), MATCH(F$31, $Y$5:$BB$5, 0) ) -> 963815 | G6: =INDEX($Y$6:$BB$22,MATCH($B6, $W$6:$W$22,0), MATCH(G$31, $Y$5:$BB$5, 0) ) -> 971641 | H6: =INDEX($Y$6:$BB$22,MATCH($B6, $W$6:$W$22,0), MATCH(H$31, $Y$5:$BB$5, 0) ) -> 991634 | I6: =INDEX($Y$6:$BB$22,MATCH($B6, $W$6:$W$22,0), MATCH(I$31, $Y$5:$BB$5, 0) ) -> 1021606 | J6: =INDEX($Y$6:$BB$22,MATCH($B6, $W$6:$W$22,0), MATCH(J$31, $Y$5:$BB$5, 0) ) -> 1051186 | K6: =INDEX($Y$6:$BB$22,MATCH($B6, $W$6:$W$22,0), MATCH(K$31, $Y$5:$BB$5, 0) ) -> 1080109 | ... M6: =INDEX($Y$6:$BB$22,MATCH($B6, $W$6:$W$22,0), MATCH(M$31, $Y$5:$BB$5, 0) ) -> 1145178 | W6: 1 | X6: Total: | Y6: =Weber!Y6 + Davis!Y6 + SaltLake!Y6 + Utah!Y6 -> 934825 | Z6: =Weber!Z6 + Davis!Z6 + SaltLake!Z6 + Utah!Z6 -> 6615 | AA6: =IFERROR(Z6/Y6, 0) -> 0.0070761907 | AB6: =Weber!AB6 + Davis!AB6 + SaltLake!AB6 + Utah!AB6 -> 949504 | AC6: =Weber!AC6 + Davis!AC6 + SaltLake!AC6 + Utah!AC6 -> 6590 | AD6: =IFERROR(AC6/AB6, 0) -> 0.0069404658 | AE6: =Weber!AE6 + Davis!AE6 + SaltLake!AE6 + Utah!AE6 -> 963815 | AF6: =Weber!AF6 + Davis!AF6 + SaltLake!AF6 + Utah!AF6 -> 6873 | AG6: =IFERROR(AF6/AE6, 0) -> 0.0071310366 | AH6: =Weber!AH6 + Davis!AH6 + SaltLake!AH6 + Utah!AH6 -> 971641 | AI6: =Weber!AI6 + Davis!AI6 + SaltLake!AI6 + Utah!AI6 -> 7167 | AJ6: =IFERROR(AI6/AH6, 0) -> 0.0073761811 | AK6: =Weber!AK6 + Davis!AK6 + SaltLake!AK6 + Utah!AK6 -> 991634 | AL6: =Weber!AL6 + Davis!AL6 + SaltLake!AL6 + Utah!AL6 -> 7082 | AM6: =IFERROR(AL6/AK6, 0) -> 0.0071417479 | AN6: =Weber!AN6 + Davis!AN6 + SaltLake!AN6 + Utah!AN6 -> 1021606 | AO6: =Weber!AO6 + Davis!AO6 + SaltLake!AO6 + Utah!AO6 -> 6974 | AP6: =IFERROR(AO6/AN6, 0) -> 0.0068265065 | AQ6: =Weber!AQ6 + Davis!AQ6 + SaltLake!AQ6 + Utah!AQ6 -> 1051186 | AR6: =Weber!AR6 + Davis!AR6 + SaltLake!AR6 + Utah!AR6 -> 7477 | AS6: =IFERROR(AR6/AQ6, 0) -> 0.0071129182 | AT6: =Weber!AT6 + Davis!AT6 + SaltLake!AT6 + Utah!AT6 -> 1080109 | AU6: =Weber!AU6 + Davis!AU6 + SaltLake!AU6 + Utah!AU6 -> 7681 | AV6: =IFERROR(AU6/AT6, 0) -> 0.0071113193 | AW6: =Weber!AW6 + Davis!AW6 + SaltLake!AW6 + Utah!AW6 -> 1110955 | AX6: =Weber!AX6 + Davis!AX6 + SaltLake!AX6 + Utah!AX6 -> 7550 | AY6: =IFERROR(AX6/AW6, 0) -> 0.0067959548 | AZ6: =Weber!AZ6 + Davis!AZ6 + SaltLake!AZ6 + Utah!AZ6 -> 1145178 | BA6: =Weber!BA6 + Davis!BA6 + SaltLake!BA6 + Utah!BA6 -> 7321 | BB6: =IFERROR(BA6/AZ6, 0) -> 0.0063928926
B7: 3 | C7: Drove alone | D7: =INDEX($Y$6:$BB$22,MATCH($B7, $W$6:$W$22,0), MATCH(D$31, $Y$5:$BB$5, 0) ) -> 713062 | E7: =INDEX($Y$6:$BB$22,MATCH($B7, $W$6:$W$22,0), MATCH(E$31, $Y$5:$BB$5, 0) ) -> 724076 | F7: =INDEX($Y$6:$BB$22,MATCH($B7, $W$6:$W$22,0), MATCH(F$31, $Y$5:$BB$5, 0) ) -> 735722 | G7: =INDEX($Y$6:$BB$22,MATCH($B7, $W$6:$W$22,0), MATCH(G$31, $Y$5:$BB$5, 0) ) -> 741926 | H7: =INDEX($Y$6:$BB$22,MATCH($B7, $W$6:$W$22,0), MATCH(H$31, $Y$5:$BB$5, 0) ) -> 755886 | I7: =INDEX($Y$6:$BB$22,MATCH($B7, $W$6:$W$22,0), MATCH(I$31, $Y$5:$BB$5, 0) ) -> 773924 | J7: =INDEX($Y$6:$BB$22,MATCH($B7, $W$6:$W$22,0), MATCH(J$31, $Y$5:$BB$5, 0) ) -> 796425 | K7: =INDEX($Y$6:$BB$22,MATCH($B7, $W$6:$W$22,0), MATCH(K$31, $Y$5:$BB$5, 0) ) -> 819842 | ... M7: =INDEX($Y$6:$BB$22,MATCH($B7, $W$6:$W$22,0), MATCH(M$31, $Y$5:$BB$5, 0) ) -> 871047 | W7: 2 | X7: Car, truck, or van: | Y7: =Weber!Y7 + Davis!Y7 + SaltLake!Y7 + Utah!Y7 -> 824388 | Z7: =Weber!Z7 + Davis!Z7 + SaltLake!Z7 + Utah!Z7 -> 7231 | AA7: =IFERROR(Z7/Y7, 0) -> 0.0087713552 | AB7: =Weber!AB7 + Davis!AB7 + SaltLake!AB7 + Utah!AB7 -> 836437 | AC7: =Weber!AC7 + Davis!AC7 + SaltLake!AC7 + Utah!AC7 -> 7594 | AD7: =IFERROR(AC7/AB7, 0) -> 0.0090789862 | AE7: =Weber!AE7 + Davis!AE7 + SaltLake!AE7 + Utah!AE7 -> 848968 | AF7: =Weber!AF7 + Davis!AF7 + SaltLake!AF7 + Utah!AF7 -> 7692 | AG7: =IFERROR(AF7/AE7, 0) -> 0.0090604122 | AH7: =Weber!AH7 + Davis!AH7 + SaltLake!AH7 + Utah!AH7 -> 855291 | AI7: =Weber!AI7 + Davis!AI7 + SaltLake!AI7 + Utah!AI7 -> 7508 | AJ7: =IFERROR(AI7/AH7, 0) -> 0.0087782988 | AK7: =Weber!AK7 + Davis!AK7 + SaltLake!AK7 + Utah!AK7 -> 872877 | AL7: =Weber!AL7 + Davis!AL7 + SaltLake!AL7 + Utah!AL7 -> 7575 | AM7: =IFERROR(AL7/AK7, 0) -> 0.0086781986 | AN7: =Weber!AN7 + Davis!AN7 + SaltLake!AN7 + Utah!AN7 -> 894374 | AO7: =Weber!AO7 + Davis!AO7 + SaltLake!AO7 + Utah!AO7 -> 7673 | AP7: =IFERROR(AO7/AN7, 0) -> 0.008579185 | AQ7: =Weber!AQ7 + Davis!AQ7 + SaltLake!AQ7 + Utah!AQ7 -> 916813 | AR7: =Weber!AR7 + Davis!AR7 + SaltLake!AR7 + Utah!AR7 -> 8670 | AS7: =IFERROR(AR7/AQ7, 0) -> 0.0094566722 | AT7: =Weber!AT7 + Davis!AT7 + SaltLake!AT7 + Utah!AT7 -> 940041 | AU7: =Weber!AU7 + Davis!AU7 + SaltLake!AU7 + Utah!AU7 -> 7887 | AV7: =IFERROR(AU7/AT7, 0) -> 0.0083900596 | AW7: =Weber!AW7 + Davis!AW7 + SaltLake!AW7 + Utah!AW7 -> 964619 | AX7: =Weber!AX7 + Davis!AX7 + SaltLake!AX7 + Utah!AX7 -> 7889 | AY7: =IFERROR(AX7/AW7, 0) -> 0.0081783585 | AZ7: =Weber!AZ7 + Davis!AZ7 + SaltLake!AZ7 + Utah!AZ7 -> 992778 | BA7: =Weber!BA7 + Davis!BA7 + SaltLake!BA7 + Utah!BA7 -> 8734 | BB7: =IFERROR(BA7/AZ7, 0) -> 0.0087975358
B8: 4 | C8: Carpooled: | D8: =INDEX($Y$6:$BB$22,MATCH($B8, $W$6:$W$22,0), MATCH(D$31, $Y$5:$BB$5, 0) ) -> 111326 | E8: =INDEX($Y$6:$BB$22,MATCH($B8, $W$6:$W$22,0), MATCH(E$31, $Y$5:$BB$5, 0) ) -> 112361 | F8: =INDEX($Y$6:$BB$22,MATCH($B8, $W$6:$W$22,0), MATCH(F$31, $Y$5:$BB$5, 0) ) -> 113246 | G8: =INDEX($Y$6:$BB$22,MATCH($B8, $W$6:$W$22,0), MATCH(G$31, $Y$5:$BB$5, 0) ) -> 113365 | H8: =INDEX($Y$6:$BB$22,MATCH($B8, $W$6:$W$22,0), MATCH(H$31, $Y$5:$BB$5, 0) ) -> 116991 | I8: =INDEX($Y$6:$BB$22,MATCH($B8, $W$6:$W$22,0), MATCH(I$31, $Y$5:$BB$5, 0) ) -> 120450 | J8: =INDEX($Y$6:$BB$22,MATCH($B8, $W$6:$W$22,0), MATCH(J$31, $Y$5:$BB$5, 0) ) -> 120388 | K8: =INDEX($Y$6:$BB$22,MATCH($B8, $W$6:$W$22,0), MATCH(K$31, $Y$5:$BB$5, 0) ) -> 120199 | ... M8: =INDEX($Y$6:$BB$22,MATCH($B8, $W$6:$W$22,0), MATCH(M$31, $Y$5:$BB$5, 0) ) -> 121731 | W8: 3 | X8: Drove alone | Y8: =Weber!Y8 + Davis!Y8 + SaltLake!Y8 + Utah!Y8 -> 713062 | Z8: =Weber!Z8 + Davis!Z8 + SaltLake!Z8 + Utah!Z8 -> 7833 | AA8: =IFERROR(Z8/Y8, 0) -> 0.01098502 | AB8: =Weber!AB8 + Davis!AB8 + SaltLake!AB8 + Utah!AB8 -> 724076 | AC8: =Weber!AC8 + Davis!AC8 + SaltLake!AC8 + Utah!AC8 -> 8154 | AD8: =IFERROR(AC8/AB8, 0) -> 0.011261249 | AE8: =Weber!AE8 + Davis!AE8 + SaltLake!AE8 + Utah!AE8 -> 735722 | AF8: =Weber!AF8 + Davis!AF8 + SaltLake!AF8 + Utah!AF8 -> 8146 | AG8: =IFERROR(AF8/AE8, 0) -> 0.011072117 | AH8: =Weber!AH8 + Davis!AH8 + SaltLake!AH8 + Utah!AH8 -> 741926 | AI8: =Weber!AI8 + Davis!AI8 + SaltLake!AI8 + Utah!AI8 -> 8037 | AJ8: =IFERROR(AI8/AH8, 0) -> 0.010832617 | AK8: =Weber!AK8 + Davis!AK8 + SaltLake!AK8 + Utah!AK8 -> 755886 | AL8: =Weber!AL8 + Davis!AL8 + SaltLake!AL8 + Utah!AL8 -> 8193 | AM8: =IFERROR(AL8/AK8, 0) -> 0.010838936 | AN8: =Weber!AN8 + Davis!AN8 + SaltLake!AN8 + Utah!AN8 -> 773924 | AO8: =Weber!AO8 + Davis!AO8 + SaltLake!AO8 + Utah!AO8 -> 8244 | AP8: =IFERROR(AO8/AN8, 0) -> 0.010652209 | AQ8: =Weber!AQ8 + Davis!AQ8 + SaltLake!AQ8 + Utah!AQ8 -> 796425 | AR8: =Weber!AR8 + Davis!AR8 + SaltLake!AR8 + Utah!AR8 -> 8535 | AS8: =IFERROR(AR8/AQ8, 0) -> 0.01071664 | AT8: =Weber!AT8 + Davis!AT8 + SaltLake!AT8 + Utah!AT8 -> 819842 | AU8: =Weber!AU8 + Davis!AU8 + SaltLake!AU8 + Utah!AU8 -> 8519 | AV8: =IFERROR(AU8/AT8, 0) -> 0.010391027 | AW8: =Weber!AW8 + Davis!AW8 + SaltLake!AW8 + Utah!AW8 -> 842460 | AX8: =Weber!AX8 + Davis!AX8 + SaltLake!AX8 + Utah!AX8 -> 8545 | AY8: =IFERROR(AX8/AW8, 0) -> 0.010142915 | AZ8: =Weber!AZ8 + Davis!AZ8 + SaltLake!AZ8 + Utah!AZ8 -> 871047 | BA8: =Weber!BA8 + Davis!BA8 + SaltLake!BA8 + Utah!BA8 -> 8688 | BB8: =IFERROR(BA8/AZ8, 0) -> 0.0099742035
B9: 8 | C9: Public transportation (excluding taxicab): | D9: =INDEX($Y$6:$BB$22,MATCH($B9, $W$6:$W$22,0), MATCH(D$31, $Y$5:$BB$5, 0) ) -> 26683 | E9: =INDEX($Y$6:$BB$22,MATCH($B9, $W$6:$W$22,0), MATCH(E$31, $Y$5:$BB$5, 0) ) -> 25970 | F9: =INDEX($Y$6:$BB$22,MATCH($B9, $W$6:$W$22,0), MATCH(F$31, $Y$5:$BB$5, 0) ) -> 26748 | G9: =INDEX($Y$6:$BB$22,MATCH($B9, $W$6:$W$22,0), MATCH(G$31, $Y$5:$BB$5, 0) ) -> 26933 | H9: =INDEX($Y$6:$BB$22,MATCH($B9, $W$6:$W$22,0), MATCH(H$31, $Y$5:$BB$5, 0) ) -> 27810 | I9: =INDEX($Y$6:$BB$22,MATCH($B9, $W$6:$W$22,0), MATCH(I$31, $Y$5:$BB$5, 0) ) -> 29790 | J9: =INDEX($Y$6:$BB$22,MATCH($B9, $W$6:$W$22,0), MATCH(J$31, $Y$5:$BB$5, 0) ) -> 31802 | K9: =INDEX($Y$6:$BB$22,MATCH($B9, $W$6:$W$22,0), MATCH(K$31, $Y$5:$BB$5, 0) ) -> 32022 | ... M9: =INDEX($Y$6:$BB$22,MATCH($B9, $W$6:$W$22,0), MATCH(M$31, $Y$5:$BB$5, 0) ) -> 32989 | W9: 4 | X9: Carpooled: | Y9: =Weber!Y9 + Davis!Y9 + SaltLake!Y9 + Utah!Y9 -> 111326 | Z9: =Weber!Z9 + Davis!Z9 + SaltLake!Z9 + Utah!Z9 -> 4801 | AA9: =IFERROR(Z9/Y9, 0) -> 0.043125595 | AB9: =Weber!AB9 + Davis!AB9 + SaltLake!AB9 + Utah!AB9 -> 112361 | AC9: =Weber!AC9 + Davis!AC9 + SaltLake!AC9 + Utah!AC9 -> 5272 | AD9: =IFERROR(AC9/AB9, 0) -> 0.046920195 | AE9: =Weber!AE9 + Davis!AE9 + SaltLake!AE9 + Utah!AE9 -> 113246 | AF9: =Weber!AF9 + Davis!AF9 + SaltLake!AF9 + Utah!AF9 -> 5130 | AG9: =IFERROR(AF9/AE9, 0) -> 0.045299613 | AH9: =Weber!AH9 + Davis!AH9 + SaltLake!AH9 + Utah!AH9 -> 113365 | AI9: =Weber!AI9 + Davis!AI9 + SaltLake!AI9 + Utah!AI9 -> 4705 | AJ9: =IFERROR(AI9/AH9, 0) -> 0.041503109 | AK9: =Weber!AK9 + Davis!AK9 + SaltLake!AK9 + Utah!AK9 -> 116991 | AL9: =Weber!AL9 + Davis!AL9 + SaltLake!AL9 + Utah!AL9 -> 5063 | AM9: =IFERROR(AL9/AK9, 0) -> 0.043276833 | AN9: =Weber!AN9 + Davis!AN9 + SaltLake!AN9 + Utah!AN9 -> 120450 | AO9: =Weber!AO9 + Davis!AO9 + SaltLake!AO9 + Utah!AO9 -> 5064 | AP9: =IFERROR(AO9/AN9, 0) -> 0.042042341 | AQ9: =Weber!AQ9 + Davis!AQ9 + SaltLake!AQ9 + Utah!AQ9 -> 120388 | AR9: =Weber!AR9 + Davis!AR9 + SaltLake!AR9 + Utah!AR9 -> 4850 | AS9: =IFERROR(AR9/AQ9, 0) -> 0.040286407 | AT9: =Weber!AT9 + Davis!AT9 + SaltLake!AT9 + Utah!AT9 -> 120199 | AU9: =Weber!AU9 + Davis!AU9 + SaltLake!AU9 + Utah!AU9 -> 4890 | AV9: =IFERROR(AU9/AT9, 0) -> 0.040682535 | AW9: =Weber!AW9 + Davis!AW9 + SaltLake!AW9 + Utah!AW9 -> 122159 | AX9: =Weber!AX9 + Davis!AX9 + SaltLake!AX9 + Utah!AX9 -> 5009 | AY9: =IFERROR(AX9/AW9, 0) -> 0.041003937 | AZ9: =Weber!AZ9 + Davis!AZ9 + SaltLake!AZ9 + Utah!AZ9 -> 121731 | BA9: =Weber!BA9 + Davis!BA9 + SaltLake!BA9 + Utah!BA9 -> 4899 | BB9: =IFERROR(BA9/AZ9, 0) -> 0.040244473
B10: 14 | C10: Bicycle | D10: =INDEX($Y$6:$BB$22,MATCH($B10, $W$6:$W$22,0), MATCH(D$31, $Y$5:$BB$5, 0) ) -> 6531 | E10: =INDEX($Y$6:$BB$22,MATCH($B10, $W$6:$W$22,0), MATCH(E$31, $Y$5:$BB$5, 0) ) -> 6730 | F10: =INDEX($Y$6:$BB$22,MATCH($B10, $W$6:$W$22,0), MATCH(F$31, $Y$5:$BB$5, 0) ) -> 7294 | G10: =INDEX($Y$6:$BB$22,MATCH($B10, $W$6:$W$22,0), MATCH(G$31, $Y$5:$BB$5, 0) ) -> 7689 | H10: =INDEX($Y$6:$BB$22,MATCH($B10, $W$6:$W$22,0), MATCH(H$31, $Y$5:$BB$5, 0) ) -> 7912 | I10: =INDEX($Y$6:$BB$22,MATCH($B10, $W$6:$W$22,0), MATCH(I$31, $Y$5:$BB$5, 0) ) -> 8825 | J10: =INDEX($Y$6:$BB$22,MATCH($B10, $W$6:$W$22,0), MATCH(J$31, $Y$5:$BB$5, 0) ) -> 8901 | K10: =INDEX($Y$6:$BB$22,MATCH($B10, $W$6:$W$22,0), MATCH(K$31, $Y$5:$BB$5, 0) ) -> 8629 | ... M10: =INDEX($Y$6:$BB$22,MATCH($B10, $W$6:$W$22,0), MATCH(M$31, $Y$5:$BB$5, 0) ) -> 8425 | W10: 5 | X10: In 2-person carpool | Y10: =Weber!Y10 + Davis!Y10 + SaltLake!Y10 + Utah!Y10 -> 86112 | Z10: =Weber!Z10 + Davis!Z10 + SaltLake!Z10 + Utah!Z10 -> 4284 | AA10: =IFERROR(Z10/Y10, 0) -> 0.049749164 | AB10: =Weber!AB10 + Davis!AB10 + SaltLake!AB10 + Utah!AB10 -> 86915 | AC10: =Weber!AC10 + Davis!AC10 + SaltLake!AC10 + Utah!AC10 -> 4618 | AD10: =IFERROR(AC10/AB10, 0) -> 0.053132371 | AE10: =Weber!AE10 + Davis!AE10 + SaltLake!AE10 + Utah!AE10 -> 86777 | AF10: =Weber!AF10 + Davis!AF10 + SaltLake!AF10 + Utah!AF10 -> 4562 | AG10: =IFERROR(AF10/AE10, 0) -> 0.052571534 | AH10: =Weber!AH10 + Davis!AH10 + SaltLake!AH10 + Utah!AH10 -> 86064 | AI10: =Weber!AI10 + Davis!AI10 + SaltLake!AI10 + Utah!AI10 -> 4220 | AJ10: =IFERROR(AI10/AH10, 0) -> 0.049033278 | AK10: =Weber!AK10 + Davis!AK10 + SaltLake!AK10 + Utah!AK10 -> 88878 | AL10: =Weber!AL10 + Davis!AL10 + SaltLake!AL10 + Utah!AL10 -> 4348 | AM10: =IFERROR(AL10/AK10, 0) -> 0.048920993 | AN10: =Weber!AN10 + Davis!AN10 + SaltLake!AN10 + Utah!AN10 -> 90491 | AO10: =Weber!AO10 + Davis!AO10 + SaltLake!AO10 + Utah!AO10 -> 4305 | AP10: =IFERROR(AO10/AN10, 0) -> 0.047573792 | AQ10: =Weber!AQ10 + Davis!AQ10 + SaltLake!AQ10 + Utah!AQ10 -> 90431 | AR10: =Weber!AR10 + Davis!AR10 + SaltLake!AR10 + Utah!AR10 -> 4282 | AS10: =IFERROR(AR10/AQ10, 0) -> 0.047351019 | AT10: =Weber!AT10 + Davis!AT10 + SaltLake!AT10 + Utah!AT10 -> 91100 | AU10: =Weber!AU10 + Davis!AU10 + SaltLake!AU10 + Utah!AU10 -> 3995 | AV10: =IFERROR(AU10/AT10, 0) -> 0.043852909 | AW10: =Weber!AW10 + Davis!AW10 + SaltLake!AW10 + Utah!AW10 -> 93065 | AX10: =Weber!AX10 + Davis!AX10 + SaltLake!AX10 + Utah!AX10 -> 4408 | AY10: =IFERROR(AX10/AW10, 0) -> 0.047364745 | AZ10: =Weber!AZ10 + Davis!AZ10 + SaltLake!AZ10 + Utah!AZ10 -> 93309 | BA10: =Weber!BA10 + Davis!BA10 + SaltLake!BA10 + Utah!BA10 -> 4557 | BB10: =IFERROR(BA10/AZ10, 0) -> 0.048837733
B11: 15 | C11: Walked | D11: =INDEX($Y$6:$BB$22,MATCH($B11, $W$6:$W$22,0), MATCH(D$31, $Y$5:$BB$5, 0) ) -> 24212 | E11: =INDEX($Y$6:$BB$22,MATCH($B11, $W$6:$W$22,0), MATCH(E$31, $Y$5:$BB$5, 0) ) -> 25342 | F11: =INDEX($Y$6:$BB$22,MATCH($B11, $W$6:$W$22,0), MATCH(F$31, $Y$5:$BB$5, 0) ) -> 25431 | G11: =INDEX($Y$6:$BB$22,MATCH($B11, $W$6:$W$22,0), MATCH(G$31, $Y$5:$BB$5, 0) ) -> 24321 | H11: =INDEX($Y$6:$BB$22,MATCH($B11, $W$6:$W$22,0), MATCH(H$31, $Y$5:$BB$5, 0) ) -> 23578 | I11: =INDEX($Y$6:$BB$22,MATCH($B11, $W$6:$W$22,0), MATCH(I$31, $Y$5:$BB$5, 0) ) -> 24455 | J11: =INDEX($Y$6:$BB$22,MATCH($B11, $W$6:$W$22,0), MATCH(J$31, $Y$5:$BB$5, 0) ) -> 26061 | K11: =INDEX($Y$6:$BB$22,MATCH($B11, $W$6:$W$22,0), MATCH(K$31, $Y$5:$BB$5, 0) ) -> 26443 | ... M11: =INDEX($Y$6:$BB$22,MATCH($B11, $W$6:$W$22,0), MATCH(M$31, $Y$5:$BB$5, 0) ) -> 27662 | W11: 6 | X11: In 3-person carpool | Y11: =Weber!Y11 + Davis!Y11 + SaltLake!Y11 + Utah!Y11 -> 14469 | Z11: =Weber!Z11 + Davis!Z11 + SaltLake!Z11 + Utah!Z11 -> 1840 | AA11: =IFERROR(Z11/Y11, 0) -> 0.12716843 | AB11: =Weber!AB11 + Davis!AB11 + SaltLake!AB11 + Utah!AB11 -> 14319 | AC11: =Weber!AC11 + Davis!AC11 + SaltLake!AC11 + Utah!AC11 -> 1779 | AD11: =IFERROR(AC11/AB11, 0) -> 0.12424052 | AE11: =Weber!AE11 + Davis!AE11 + SaltLake!AE11 + Utah!AE11 -> 14760 | AF11: =Weber!AF11 + Davis!AF11 + SaltLake!AF11 + Utah!AF11 -> 1690 | AG11: =IFERROR(AF11/AE11, 0) -> 0.11449864 | AH11: =Weber!AH11 + Davis!AH11 + SaltLake!AH11 + Utah!AH11 -> 15277 | AI11: =Weber!AI11 + Davis!AI11 + SaltLake!AI11 + Utah!AI11 -> 1847 | AJ11: =IFERROR(AI11/AH11, 0) -> 0.1209007 | AK11: =Weber!AK11 + Davis!AK11 + SaltLake!AK11 + Utah!AK11 -> 15878 | AL11: =Weber!AL11 + Davis!AL11 + SaltLake!AL11 + Utah!AL11 -> 1960 | AM11: =IFERROR(AL11/AK11, 0) -> 0.12344124 | AN11: =Weber!AN11 + Davis!AN11 + SaltLake!AN11 + Utah!AN11 -> 16917 | AO11: =Weber!AO11 + Davis!AO11 + SaltLake!AO11 + Utah!AO11 -> 1992 | AP11: =IFERROR(AO11/AN11, 0) -> 0.11775137 | AQ11: =Weber!AQ11 + Davis!AQ11 + SaltLake!AQ11 + Utah!AQ11 -> 16636 | AR11: =Weber!AR11 + Davis!AR11 + SaltLake!AR11 + Utah!AR11 -> 1929 | AS11: =IFERROR(AR11/AQ11, 0) -> 0.11595335 | AT11: =Weber!AT11 + Davis!AT11 + SaltLake!AT11 + Utah!AT11 -> 16374 | AU11: =Weber!AU11 + Davis!AU11 + SaltLake!AU11 + Utah!AU11 -> 1976 | AV11: =IFERROR(AU11/AT11, 0) -> 0.12067913 | AW11: =Weber!AW11 + Davis!AW11 + SaltLake!AW11 + Utah!AW11 -> 16509 | AX11: =Weber!AX11 + Davis!AX11 + SaltLake!AX11 + Utah!AX11 -> 2090 | AY11: =IFERROR(AX11/AW11, 0) -> 0.12659761 | AZ11: =Weber!AZ11 + Davis!AZ11 + SaltLake!AZ11 + Utah!AZ11 -> 15728 | BA11: =Weber!BA11 + Davis!BA11 + SaltLake!BA11 + Utah!BA11 -> 1745 | BB11: =IFERROR(BA11/AZ11, 0) -> 0.11094863
B12: 16 | C12: Taxicab, motorcycle, or other means | D12: =INDEX($Y$6:$BB$22,MATCH($B12, $W$6:$W$22,0), MATCH(D$31, $Y$5:$BB$5, 0) ) -> 9971 | E12: =INDEX($Y$6:$BB$22,MATCH($B12, $W$6:$W$22,0), MATCH(E$31, $Y$5:$BB$5, 0) ) -> 10461 | F12: =INDEX($Y$6:$BB$22,MATCH($B12, $W$6:$W$22,0), MATCH(F$31, $Y$5:$BB$5, 0) ) -> 11053 | G12: =INDEX($Y$6:$BB$22,MATCH($B12, $W$6:$W$22,0), MATCH(G$31, $Y$5:$BB$5, 0) ) -> 11297 | H12: =INDEX($Y$6:$BB$22,MATCH($B12, $W$6:$W$22,0), MATCH(H$31, $Y$5:$BB$5, 0) ) -> 11017 | I12: =INDEX($Y$6:$BB$22,MATCH($B12, $W$6:$W$22,0), MATCH(I$31, $Y$5:$BB$5, 0) ) -> 11387 | J12: =INDEX($Y$6:$BB$22,MATCH($B12, $W$6:$W$22,0), MATCH(J$31, $Y$5:$BB$5, 0) ) -> 11749 | K12: =INDEX($Y$6:$BB$22,MATCH($B12, $W$6:$W$22,0), MATCH(K$31, $Y$5:$BB$5, 0) ) -> 11198 | ... M12: =INDEX($Y$6:$BB$22,MATCH($B12, $W$6:$W$22,0), MATCH(M$31, $Y$5:$BB$5, 0) ) -> 10993 | W12: 7 | X12: In 4-or-more-person carpool | Y12: =Weber!Y12 + Davis!Y12 + SaltLake!Y12 + Utah!Y12 -> 10745 | Z12: =Weber!Z12 + Davis!Z12 + SaltLake!Z12 + Utah!Z12 -> 1571 | AA12: =IFERROR(Z12/Y12, 0) -> 0.14620754 | AB12: =Weber!AB12 + Davis!AB12 + SaltLake!AB12 + Utah!AB12 -> 11127 | AC12: =Weber!AC12 + Davis!AC12 + SaltLake!AC12 + Utah!AC12 -> 1541 | AD12: =IFERROR(AC12/AB12, 0) -> 0.13849196 | AE12: =Weber!AE12 + Davis!AE12 + SaltLake!AE12 + Utah!AE12 -> 11709 | AF12: =Weber!AF12 + Davis!AF12 + SaltLake!AF12 + Utah!AF12 -> 1668 | AG12: =IFERROR(AF12/AE12, 0) -> 0.14245452 | AH12: =Weber!AH12 + Davis!AH12 + SaltLake!AH12 + Utah!AH12 -> 12024 | AI12: =Weber!AI12 + Davis!AI12 + SaltLake!AI12 + Utah!AI12 -> 1761 | AJ12: =IFERROR(AI12/AH12, 0) -> 0.14645709 | AK12: =Weber!AK12 + Davis!AK12 + SaltLake!AK12 + Utah!AK12 -> 12235 | AL12: =Weber!AL12 + Davis!AL12 + SaltLake!AL12 + Utah!AL12 -> 1788 | AM12: =IFERROR(AL12/AK12, 0) -> 0.14613813 | AN12: =Weber!AN12 + Davis!AN12 + SaltLake!AN12 + Utah!AN12 -> 13042 | AO12: =Weber!AO12 + Davis!AO12 + SaltLake!AO12 + Utah!AO12 -> 1907 | AP12: =IFERROR(AO12/AN12, 0) -> 0.1462199 | AQ12: =Weber!AQ12 + Davis!AQ12 + SaltLake!AQ12 + Utah!AQ12 -> 13321 | AR12: =Weber!AR12 + Davis!AR12 + SaltLake!AR12 + Utah!AR12 -> 1816 | AS12: =IFERROR(AR12/AQ12, 0) -> 0.1363261 | AT12: =Weber!AT12 + Davis!AT12 + SaltLake!AT12 + Utah!AT12 -> 12725 | AU12: =Weber!AU12 + Davis!AU12 + SaltLake!AU12 + Utah!AU12 -> 1774 | AV12: =IFERROR(AU12/AT12, 0) -> 0.13941061 | AW12: =Weber!AW12 + Davis!AW12 + SaltLake!AW12 + Utah!AW12 -> 12585 | AX12: =Weber!AX12 + Davis!AX12 + SaltLake!AX12 + Utah!AX12 -> 1794 | AY12: =IFERROR(AX12/AW12, 0) -> 0.14255066 | AZ12: =Weber!AZ12 + Davis!AZ12 + SaltLake!AZ12 + Utah!AZ12 -> 12694 | BA12: =Weber!BA12 + Davis!BA12 + SaltLake!BA12 + Utah!BA12 -> 1833 | BB12: =IFERROR(BA12/AZ12, 0) -> 0.14439893
B13: 17 | C13: Worked at home | D13: =INDEX($Y$6:$BB$22,MATCH($B13, $W$6:$W$22,0), MATCH(D$31, $Y$5:$BB$5, 0) ) -> 43040 | E13: =INDEX($Y$6:$BB$22,MATCH($B13, $W$6:$W$22,0), MATCH(E$31, $Y$5:$BB$5, 0) ) -> 44564 | F13: =INDEX($Y$6:$BB$22,MATCH($B13, $W$6:$W$22,0), MATCH(F$31, $Y$5:$BB$5, 0) ) -> 44321 | G13: =INDEX($Y$6:$BB$22,MATCH($B13, $W$6:$W$22,0), MATCH(G$31, $Y$5:$BB$5, 0) ) -> 46110 | H13: =INDEX($Y$6:$BB$22,MATCH($B13, $W$6:$W$22,0), MATCH(H$31, $Y$5:$BB$5, 0) ) -> 48440 | I13: =INDEX($Y$6:$BB$22,MATCH($B13, $W$6:$W$22,0), MATCH(I$31, $Y$5:$BB$5, 0) ) -> 52775 | J13: =INDEX($Y$6:$BB$22,MATCH($B13, $W$6:$W$22,0), MATCH(J$31, $Y$5:$BB$5, 0) ) -> 55860 | K13: =INDEX($Y$6:$BB$22,MATCH($B13, $W$6:$W$22,0), MATCH(K$31, $Y$5:$BB$5, 0) ) -> 61776 | ... M13: =INDEX($Y$6:$BB$22,MATCH($B13, $W$6:$W$22,0), MATCH(M$31, $Y$5:$BB$5, 0) ) -> 72331 | W13: 8 | X13: Public transportation (excluding taxicab): | Y13: =Weber!Y13 + Davis!Y13 + SaltLake!Y13 + Utah!Y13 -> 26683 | Z13: =Weber!Z13 + Davis!Z13 + SaltLake!Z13 + Utah!Z13 -> 2295 | AA13: =IFERROR(Z13/Y13, 0) -> 0.086009819 | AB13: =Weber!AB13 + Davis!AB13 + SaltLake!AB13 + Utah!AB13 -> 25970 | AC13: =Weber!AC13 + Davis!AC13 + SaltLake!AC13 + Utah!AC13 -> 2159 | AD13: =IFERROR(AC13/AB13, 0) -> 0.083134386 | AE13: =Weber!AE13 + Davis!AE13 + SaltLake!AE13 + Utah!AE13 -> 26748 | AF13: =Weber!AF13 + Davis!AF13 + SaltLake!AF13 + Utah!AF13 -> 2257 | AG13: =IFERROR(AF13/AE13, 0) -> 0.084380141 | AH13: =Weber!AH13 + Davis!AH13 + SaltLake!AH13 + Utah!AH13 -> 26933 | AI13: =Weber!AI13 + Davis!AI13 + SaltLake!AI13 + Utah!AI13 -> 2172 | AJ13: =IFERROR(AI13/AH13, 0) -> 0.080644562 | AK13: =Weber!AK13 + Davis!AK13 + SaltLake!AK13 + Utah!AK13 -> 27810 | AL13: =Weber!AL13 + Davis!AL13 + SaltLake!AL13 + Utah!AL13 -> 2223 | AM13: =IFERROR(AL13/AK13, 0) -> 0.079935275 | AN13: =Weber!AN13 + Davis!AN13 + SaltLake!AN13 + Utah!AN13 -> 29790 | AO13: =Weber!AO13 + Davis!AO13 + SaltLake!AO13 + Utah!AO13 -> 2241 | AP13: =IFERROR(AO13/AN13, 0) -> 0.075226586 | AQ13: =Weber!AQ13 + Davis!AQ13 + SaltLake!AQ13 + Utah!AQ13 -> 31802 | AR13: =Weber!AR13 + Davis!AR13 + SaltLake!AR13 + Utah!AR13 -> 2436 | AS13: =IFERROR(AR13/AQ13, 0) -> 0.076598956 | AT13: =Weber!AT13 + Davis!AT13 + SaltLake!AT13 + Utah!AT13 -> 32022 | AU13: =Weber!AU13 + Davis!AU13 + SaltLake!AU13 + Utah!AU13 -> 2356 | AV13: =IFERROR(AU13/AT13, 0) -> 0.073574418 | AW13: =Weber!AW13 + Davis!AW13 + SaltLake!AW13 + Utah!AW13 -> 32358 | AX13: =Weber!AX13 + Davis!AX13 + SaltLake!AX13 + Utah!AX13 -> 2470 | AY13: =IFERROR(AX13/AW13, 0) -> 0.076333519 | AZ13: =Weber!AZ13 + Davis!AZ13 + SaltLake!AZ13 + Utah!AZ13 -> 32989 | BA13: =Weber!BA13 + Davis!BA13 + SaltLake!BA13 + Utah!BA13 -> 2423 | BB13: =IFERROR(BA13/AZ13, 0) -> 0.073448725
W14: 9 | X14: Bus or trolley bus | Y14: =Weber!Y14 + Davis!Y14 + SaltLake!Y14 + Utah!Y14 -> 22327 | Z14: =Weber!Z14 + Davis!Z14 + SaltLake!Z14 + Utah!Z14 -> 2190 | AA14: =IFERROR(Z14/Y14, 0) -> 0.098087517 | AB14: =Weber!AB14 + Davis!AB14 + SaltLake!AB14 + Utah!AB14 -> 21138 | AC14: =Weber!AC14 + Davis!AC14 + SaltLake!AC14 + Utah!AC14 -> 1972 | AD14: =IFERROR(AC14/AB14, 0) -> 0.093291702 | AE14: =Weber!AE14 + Davis!AE14 + SaltLake!AE14 + Utah!AE14 -> 20733 | AF14: =Weber!AF14 + Davis!AF14 + SaltLake!AF14 + Utah!AF14 -> 2032 | AG14: =IFERROR(AF14/AE14, 0) -> 0.098008007 | AH14: =Weber!AH14 + Davis!AH14 + SaltLake!AH14 + Utah!AH14 -> 19772 | AI14: =Weber!AI14 + Davis!AI14 + SaltLake!AI14 + Utah!AI14 -> 1929 | AJ14: =IFERROR(AI14/AH14, 0) -> 0.097562209 | AK14: =Weber!AK14 + Davis!AK14 + SaltLake!AK14 + Utah!AK14 -> 19138 | AL14: =Weber!AL14 + Davis!AL14 + SaltLake!AL14 + Utah!AL14 -> 1908 | AM14: =IFERROR(AL14/AK14, 0) -> 0.099696938 | AN14: =Weber!AN14 + Davis!AN14 + SaltLake!AN14 + Utah!AN14 -> 18963 | AO14: =Weber!AO14 + Davis!AO14 + SaltLake!AO14 + Utah!AO14 -> 1796 | AP14: =IFERROR(AO14/AN14, 0) -> 0.094710753 | AQ14: =Weber!AQ14 + Davis!AQ14 + SaltLake!AQ14 + Utah!AQ14 -> 19236 | AR14: =Weber!AR14 + Davis!AR14 + SaltLake!AR14 + Utah!AR14 -> 1861 | AS14: =IFERROR(AR14/AQ14, 0) -> 0.096745685 | AT14: =Weber!AT14 + Davis!AT14 + SaltLake!AT14 + Utah!AT14 -> 18580 | AU14: =Weber!AU14 + Davis!AU14 + SaltLake!AU14 + Utah!AU14 -> 1893 | AV14: =IFERROR(AU14/AT14, 0) -> 0.10188375 | AW14: =Weber!AW14 + Davis!AW14 + SaltLake!AW14 + Utah!AW14 -> 18498 | AX14: =Weber!AX14 + Davis!AX14 + SaltLake!AX14 + Utah!AX14 -> 1789 | AY14: =IFERROR(AX14/AW14, 0) -> 0.096713158 | AZ14: =Weber!AZ14 + Davis!AZ14 + SaltLake!AZ14 + Utah!AZ14 -> 18197 | BA14: =Weber!BA14 + Davis!BA14 + SaltLake!BA14 + Utah!BA14 -> 1888 | BB14: =IFERROR(BA14/AZ14, 0) -> 0.10375337
B15: 2 | C15: Car, truck, or van: | D15: =INDEX($Y$6:$BB$22,MATCH($B15, $W$6:$W$22,0), MATCH(D$31, $Y$5:$BB$5, 0) ) -> 824388 | E15: =INDEX($Y$6:$BB$22,MATCH($B15, $W$6:$W$22,0), MATCH(E$31, $Y$5:$BB$5, 0) ) -> 836437 | F15: =INDEX($Y$6:$BB$22,MATCH($B15, $W$6:$W$22,0), MATCH(F$31, $Y$5:$BB$5, 0) ) -> 848968 | G15: =INDEX($Y$6:$BB$22,MATCH($B15, $W$6:$W$22,0), MATCH(G$31, $Y$5:$BB$5, 0) ) -> 855291 | H15: =INDEX($Y$6:$BB$22,MATCH($B15, $W$6:$W$22,0), MATCH(H$31, $Y$5:$BB$5, 0) ) -> 872877 | I15: =INDEX($Y$6:$BB$22,MATCH($B15, $W$6:$W$22,0), MATCH(I$31, $Y$5:$BB$5, 0) ) -> 894374 | J15: =INDEX($Y$6:$BB$22,MATCH($B15, $W$6:$W$22,0), MATCH(J$31, $Y$5:$BB$5, 0) ) -> 916813 | K15: =INDEX($Y$6:$BB$22,MATCH($B15, $W$6:$W$22,0), MATCH(K$31, $Y$5:$BB$5, 0) ) -> 940041 | ... M15: =INDEX($Y$6:$BB$22,MATCH($B15, $W$6:$W$22,0), MATCH(M$31, $Y$5:$BB$5, 0) ) -> 992778 | W15: 10 | X15: Streetcar or trolley car (carro publico in Puerto Rico) | Y15: =Weber!Y15 + Davis!Y15 + SaltLake!Y15 + Utah!Y15 -> 1289 | Z15: =Weber!Z15 + Davis!Z15 + SaltLake!Z15 + Utah!Z15 -> 558 | AA15: =IFERROR(Z15/Y15, 0) -> 0.43289372 | AB15: =Weber!AB15 + Davis!AB15 + SaltLake!AB15 + Utah!AB15 -> 1427 | AC15: =Weber!AC15 + Davis!AC15 + SaltLake!AC15 + Utah!AC15 -> 519 | AD15: =IFERROR(AC15/AB15, 0) -> 0.36370007 | AE15: =Weber!AE15 + Davis!AE15 + SaltLake!AE15 + Utah!AE15 -> 1862 | AF15: =Weber!AF15 + Davis!AF15 + SaltLake!AF15 + Utah!AF15 -> 503 | AG15: =IFERROR(AF15/AE15, 0) -> 0.27013963 | AH15: =Weber!AH15 + Davis!AH15 + SaltLake!AH15 + Utah!AH15 -> 1979 | AI15: =Weber!AI15 + Davis!AI15 + SaltLake!AI15 + Utah!AI15 -> 485 | AJ15: =IFERROR(AI15/AH15, 0) -> 0.24507327 | AK15: =Weber!AK15 + Davis!AK15 + SaltLake!AK15 + Utah!AK15 -> 2269 | AL15: =Weber!AL15 + Davis!AL15 + SaltLake!AL15 + Utah!AL15 -> 490 | AM15: =IFERROR(AL15/AK15, 0) -> 0.21595416 | AN15: =Weber!AN15 + Davis!AN15 + SaltLake!AN15 + Utah!AN15 -> 2531 | AO15: =Weber!AO15 + Davis!AO15 + SaltLake!AO15 + Utah!AO15 -> 473 | AP15: =IFERROR(AO15/AN15, 0) -> 0.18688266 | AQ15: =Weber!AQ15 + Davis!AQ15 + SaltLake!AQ15 + Utah!AQ15 -> 3067 | AR15: =Weber!AR15 + Davis!AR15 + SaltLake!AR15 + Utah!AR15 -> 444 | AS15: =IFERROR(AR15/AQ15, 0) -> 0.14476687 | AT15: =Weber!AT15 + Davis!AT15 + SaltLake!AT15 + Utah!AT15 -> 3048 | AU15: =Weber!AU15 + Davis!AU15 + SaltLake!AU15 + Utah!AU15 -> 527 | AV15: =IFERROR(AU15/AT15, 0) -> 0.17290026 | AW15: =Weber!AW15 + Davis!AW15 + SaltLake!AW15 + Utah!AW15 -> 3437 | AX15: =Weber!AX15 + Davis!AX15 + SaltLake!AX15 + Utah!AX15 -> 555 | AY15: =IFERROR(AX15/AW15, 0) -> 0.16147803 | AZ15: =Weber!AZ15 + Davis!AZ15 + SaltLake!AZ15 + Utah!AZ15 -> 2693 | BA15: =Weber!BA15 + Davis!BA15 + SaltLake!BA15 + Utah!BA15 -> 594 | BB15: =IFERROR(BA15/AZ15, 0) -> 0.22057185
C16: Drove alone | D16: =D7 -> 713062 | E16: =E7 -> 724076 | F16: =F7 -> 735722 | G16: =G7 -> 741926 | H16: =H7 -> 755886 | I16: =I7 -> 773924 | J16: =J7 -> 796425 | K16: =K7 -> 819842 | ... M16: =M7 -> 871047 | W16: 11 | X16: Subway or elevated | Y16: =Weber!Y16 + Davis!Y16 + SaltLake!Y16 + Utah!Y16 -> 1055 | Z16: =Weber!Z16 + Davis!Z16 + SaltLake!Z16 + Utah!Z16 -> 305 | AA16: =IFERROR(Z16/Y16, 0) -> 0.28909953 | AB16: =Weber!AB16 + Davis!AB16 + SaltLake!AB16 + Utah!AB16 -> 1063 | AC16: =Weber!AC16 + Davis!AC16 + SaltLake!AC16 + Utah!AC16 -> 331 | AD16: =IFERROR(AC16/AB16, 0) -> 0.31138288 | AE16: =Weber!AE16 + Davis!AE16 + SaltLake!AE16 + Utah!AE16 -> 1378 | AF16: =Weber!AF16 + Davis!AF16 + SaltLake!AF16 + Utah!AF16 -> 380 | AG16: =IFERROR(AF16/AE16, 0) -> 0.27576197 | AH16: =Weber!AH16 + Davis!AH16 + SaltLake!AH16 + Utah!AH16 -> 1601 | AI16: =Weber!AI16 + Davis!AI16 + SaltLake!AI16 + Utah!AI16 -> 489 | AJ16: =IFERROR(AI16/AH16, 0) -> 0.3054341 | AK16: =Weber!AK16 + Davis!AK16 + SaltLake!AK16 + Utah!AK16 -> 1994 | AL16: =Weber!AL16 + Davis!AL16 + SaltLake!AL16 + Utah!AL16 -> 539 | AM16: =IFERROR(AL16/AK16, 0) -> 0.27031093 | AN16: =Weber!AN16 + Davis!AN16 + SaltLake!AN16 + Utah!AN16 -> 2382 | AO16: =Weber!AO16 + Davis!AO16 + SaltLake!AO16 + Utah!AO16 -> 594 | AP16: =IFERROR(AO16/AN16, 0) -> 0.24937028 | AQ16: =Weber!AQ16 + Davis!AQ16 + SaltLake!AQ16 + Utah!AQ16 -> 2846 | AR16: =Weber!AR16 + Davis!AR16 + SaltLake!AR16 + Utah!AR16 -> 631 | AS16: =IFERROR(AR16/AQ16, 0) -> 0.22171469 | AT16: =Weber!AT16 + Davis!AT16 + SaltLake!AT16 + Utah!AT16 -> 2900 | AU16: =Weber!AU16 + Davis!AU16 + SaltLake!AU16 + Utah!AU16 -> 585 | AV16: =IFERROR(AU16/AT16, 0) -> 0.20172414 | AW16: =Weber!AW16 + Davis!AW16 + SaltLake!AW16 + Utah!AW16 -> 3167 | AX16: =Weber!AX16 + Davis!AX16 + SaltLake!AX16 + Utah!AX16 -> 762 | AY16: =IFERROR(AX16/AW16, 0) -> 0.24060625 | AZ16: =Weber!AZ16 + Davis!AZ16 + SaltLake!AZ16 + Utah!AZ16 -> 7588 | BA16: =Weber!BA16 + Davis!BA16 + SaltLake!BA16 + Utah!BA16 -> 1113 | BB16: =IFERROR(BA16/AZ16, 0) -> 0.14667897
C17: Carpooled: | D17: =D8 -> 111326 | E17: =E8 -> 112361 | F17: =F8 -> 113246 | G17: =G8 -> 113365 | H17: =H8 -> 116991 | I17: =I8 -> 120450 | J17: =J8 -> 120388 | K17: =K8 -> 120199 | ... M17: =M8 -> 121731 | W17: 12 | X17: Railroad | Y17: =Weber!Y17 + Davis!Y17 + SaltLake!Y17 + Utah!Y17 -> 1981 | Z17: =Weber!Z17 + Davis!Z17 + SaltLake!Z17 + Utah!Z17 -> 456 | AA17: =IFERROR(Z17/Y17, 0) -> 0.23018677 | AB17: =Weber!AB17 + Davis!AB17 + SaltLake!AB17 + Utah!AB17 -> 2342 | AC17: =Weber!AC17 + Davis!AC17 + SaltLake!AC17 + Utah!AC17 -> 567 | AD17: =IFERROR(AC17/AB17, 0) -> 0.24210077 | AE17: =Weber!AE17 + Davis!AE17 + SaltLake!AE17 + Utah!AE17 -> 2775 | AF17: =Weber!AF17 + Davis!AF17 + SaltLake!AF17 + Utah!AF17 -> 571 | AG17: =IFERROR(AF17/AE17, 0) -> 0.20576577 | AH17: =Weber!AH17 + Davis!AH17 + SaltLake!AH17 + Utah!AH17 -> 3572 | AI17: =Weber!AI17 + Davis!AI17 + SaltLake!AI17 + Utah!AI17 -> 779 | AJ17: =IFERROR(AI17/AH17, 0) -> 0.21808511 | AK17: =Weber!AK17 + Davis!AK17 + SaltLake!AK17 + Utah!AK17 -> 4389 | AL17: =Weber!AL17 + Davis!AL17 + SaltLake!AL17 + Utah!AL17 -> 875 | AM17: =IFERROR(AL17/AK17, 0) -> 0.19936204 | AN17: =Weber!AN17 + Davis!AN17 + SaltLake!AN17 + Utah!AN17 -> 5886 | AO17: =Weber!AO17 + Davis!AO17 + SaltLake!AO17 + Utah!AO17 -> 1091 | AP17: =IFERROR(AO17/AN17, 0) -> 0.18535508 | AQ17: =Weber!AQ17 + Davis!AQ17 + SaltLake!AQ17 + Utah!AQ17 -> 6554 | AR17: =Weber!AR17 + Davis!AR17 + SaltLake!AR17 + Utah!AR17 -> 1095 | AS17: =IFERROR(AR17/AQ17, 0) -> 0.16707354 | AT17: =Weber!AT17 + Davis!AT17 + SaltLake!AT17 + Utah!AT17 -> 7382 | AU17: =Weber!AU17 + Davis!AU17 + SaltLake!AU17 + Utah!AU17 -> 1160 | AV17: =IFERROR(AU17/AT17, 0) -> 0.15713899 | AW17: =Weber!AW17 + Davis!AW17 + SaltLake!AW17 + Utah!AW17 -> 7128 | AX17: =Weber!AX17 + Davis!AX17 + SaltLake!AX17 + Utah!AX17 -> 1101 | AY17: =IFERROR(AX17/AW17, 0) -> 0.15446128 | AZ17: =Weber!AZ17 + Davis!AZ17 + SaltLake!AZ17 + Utah!AZ17 -> 4390 | BA17: =Weber!BA17 + Davis!BA17 + SaltLake!BA17 + Utah!BA17 -> 673 | BB17: =IFERROR(BA17/AZ17, 0) -> 0.15330296
W18: 13 | X18: Ferryboat | Y18: =Weber!Y18 + Davis!Y18 + SaltLake!Y18 + Utah!Y18 -> 31 | Z18: =Weber!Z18 + Davis!Z18 + SaltLake!Z18 + Utah!Z18 -> 403 | AA18: =IFERROR(Z18/Y18, 0) -> 13 | AB18: =Weber!AB18 + Davis!AB18 + SaltLake!AB18 + Utah!AB18 -> 0 | AC18: =Weber!AC18 + Davis!AC18 + SaltLake!AC18 + Utah!AC18 -> 356 | AD18: =IFERROR(AC18/AB18, 0) -> 0 | AE18: =Weber!AE18 + Davis!AE18 + SaltLake!AE18 + Utah!AE18 -> 0 | AF18: =Weber!AF18 + Davis!AF18 + SaltLake!AF18 + Utah!AF18 -> 108 | AG18: =IFERROR(AF18/AE18, 0) -> 0 | AH18: =Weber!AH18 + Davis!AH18 + SaltLake!AH18 + Utah!AH18 -> 9 | AI18: =Weber!AI18 + Davis!AI18 + SaltLake!AI18 + Utah!AI18 -> 95 | AJ18: =IFERROR(AI18/AH18, 0) -> 10.555556 | AK18: =Weber!AK18 + Davis!AK18 + SaltLake!AK18 + Utah!AK18 -> 20 | AL18: =Weber!AL18 + Davis!AL18 + SaltLake!AL18 + Utah!AL18 -> 103 | AM18: =IFERROR(AL18/AK18, 0) -> 5.15 | AN18: =Weber!AN18 + Davis!AN18 + SaltLake!AN18 + Utah!AN18 -> 28 | AO18: =Weber!AO18 + Davis!AO18 + SaltLake!AO18 + Utah!AO18 -> 92 | AP18: =IFERROR(AO18/AN18, 0) -> 3.2857143 | AQ18: =Weber!AQ18 + Davis!AQ18 + SaltLake!AQ18 + Utah!AQ18 -> 99 | AR18: =Weber!AR18 + Davis!AR18 + SaltLake!AR18 + Utah!AR18 -> 131 | AS18: =IFERROR(AR18/AQ18, 0) -> 1.3232323 | AT18: =Weber!AT18 + Davis!AT18 + SaltLake!AT18 + Utah!AT18 -> 112 | AU18: =Weber!AU18 + Davis!AU18 + SaltLake!AU18 + Utah!AU18 -> 136 | AV18: =IFERROR(AU18/AT18, 0) -> 1.2142857 | AW18: =Weber!AW18 + Davis!AW18 + SaltLake!AW18 + Utah!AW18 -> 128 | AX18: =Weber!AX18 + Davis!AX18 + SaltLake!AX18 + Utah!AX18 -> 140 | AY18: =IFERROR(AX18/AW18, 0) -> 1.09375 | AZ18: =Weber!AZ18 + Davis!AZ18 + SaltLake!AZ18 + Utah!AZ18 -> 121 | BA18: =Weber!BA18 + Davis!BA18 + SaltLake!BA18 + Utah!BA18 -> 158 | BB18: =IFERROR(BA18/AZ18, 0) -> 1.3057851
C19: Carpooled: | D19: =SUM(D20:D22) -> 111326 | E19: =SUM(E20:E22) -> 112361 | F19: =SUM(F20:F22) -> 113246 | G19: =SUM(G20:G22) -> 113365 | H19: =SUM(H20:H22) -> 116991 | I19: =SUM(I20:I22) -> 120450 | J19: =SUM(J20:J22) -> 120388 | K19: =SUM(K20:K22) -> 120199 | ... M19: =SUM(M20:M22) -> 121731 | W19: 14 | X19: Bicycle | Y19: =Weber!Y19 + Davis!Y19 + SaltLake!Y19 + Utah!Y19 -> 6531 | Z19: =Weber!Z19 + Davis!Z19 + SaltLake!Z19 + Utah!Z19 -> 1025 | AA19: =IFERROR(Z19/Y19, 0) -> 0.15694381 | AB19: =Weber!AB19 + Davis!AB19 + SaltLake!AB19 + Utah!AB19 -> 6730 | AC19: =Weber!AC19 + Davis!AC19 + SaltLake!AC19 + Utah!AC19 -> 1043 | AD19: =IFERROR(AC19/AB19, 0) -> 0.15497771 | AE19: =Weber!AE19 + Davis!AE19 + SaltLake!AE19 + Utah!AE19 -> 7294 | AF19: =Weber!AF19 + Davis!AF19 + SaltLake!AF19 + Utah!AF19 -> 985 | AG19: =IFERROR(AF19/AE19, 0) -> 0.1350425 | AH19: =Weber!AH19 + Davis!AH19 + SaltLake!AH19 + Utah!AH19 -> 7689 | AI19: =Weber!AI19 + Davis!AI19 + SaltLake!AI19 + Utah!AI19 -> 1151 | AJ19: =IFERROR(AI19/AH19, 0) -> 0.14969437 | AK19: =Weber!AK19 + Davis!AK19 + SaltLake!AK19 + Utah!AK19 -> 7912 | AL19: =Weber!AL19 + Davis!AL19 + SaltLake!AL19 + Utah!AL19 -> 1139 | AM19: =IFERROR(AL19/AK19, 0) -> 0.14395854 | AN19: =Weber!AN19 + Davis!AN19 + SaltLake!AN19 + Utah!AN19 -> 8825 | AO19: =Weber!AO19 + Davis!AO19 + SaltLake!AO19 + Utah!AO19 -> 1168 | AP19: =IFERROR(AO19/AN19, 0) -> 0.13235127 | AQ19: =Weber!AQ19 + Davis!AQ19 + SaltLake!AQ19 + Utah!AQ19 -> 8901 | AR19: =Weber!AR19 + Davis!AR19 + SaltLake!AR19 + Utah!AR19 -> 1232 | AS19: =IFERROR(AR19/AQ19, 0) -> 0.13841141 | AT19: =Weber!AT19 + Davis!AT19 + SaltLake!AT19 + Utah!AT19 -> 8629 | AU19: =Weber!AU19 + Davis!AU19 + SaltLake!AU19 + Utah!AU19 -> 1099 | AV19: =IFERROR(AU19/AT19, 0) -> 0.12736122 | AW19: =Weber!AW19 + Davis!AW19 + SaltLake!AW19 + Utah!AW19 -> 8549 | AX19: =Weber!AX19 + Davis!AX19 + SaltLake!AX19 + Utah!AX19 -> 1159 | AY19: =IFERROR(AX19/AW19, 0) -> 0.13557141 | AZ19: =Weber!AZ19 + Davis!AZ19 + SaltLake!AZ19 + Utah!AZ19 -> 8425 | BA19: =Weber!BA19 + Davis!BA19 + SaltLake!BA19 + Utah!BA19 -> 1243 | BB19: =IFERROR(BA19/AZ19, 0) -> 0.14753709
B20: 5 | C20: In 2-person carpool | D20: =INDEX($Y$6:$BB$22,MATCH($B20, $W$6:$W$22,0), MATCH(D$31, $Y$5:$BB$5, 0) ) -> 86112 | E20: =INDEX($Y$6:$BB$22,MATCH($B20, $W$6:$W$22,0), MATCH(E$31, $Y$5:$BB$5, 0) ) -> 86915 | F20: =INDEX($Y$6:$BB$22,MATCH($B20, $W$6:$W$22,0), MATCH(F$31, $Y$5:$BB$5, 0) ) -> 86777 | G20: =INDEX($Y$6:$BB$22,MATCH($B20, $W$6:$W$22,0), MATCH(G$31, $Y$5:$BB$5, 0) ) -> 86064 | H20: =INDEX($Y$6:$BB$22,MATCH($B20, $W$6:$W$22,0), MATCH(H$31, $Y$5:$BB$5, 0) ) -> 88878 | I20: =INDEX($Y$6:$BB$22,MATCH($B20, $W$6:$W$22,0), MATCH(I$31, $Y$5:$BB$5, 0) ) -> 90491 | J20: =INDEX($Y$6:$BB$22,MATCH($B20, $W$6:$W$22,0), MATCH(J$31, $Y$5:$BB$5, 0) ) -> 90431 | K20: =INDEX($Y$6:$BB$22,MATCH($B20, $W$6:$W$22,0), MATCH(K$31, $Y$5:$BB$5, 0) ) -> 91100 | ... M20: =INDEX($Y$6:$BB$22,MATCH($B20, $W$6:$W$22,0), MATCH(M$31, $Y$5:$BB$5, 0) ) -> 93309 | W20: 15 | X20: Walked | Y20: =Weber!Y20 + Davis!Y20 + SaltLake!Y20 + Utah!Y20 -> 24212 | Z20: =Weber!Z20 + Davis!Z20 + SaltLake!Z20 + Utah!Z20 -> 2307 | AA20: =IFERROR(Z20/Y20, 0) -> 0.095283331 | AB20: =Weber!AB20 + Davis!AB20 + SaltLake!AB20 + Utah!AB20 -> 25342 | AC20: =Weber!AC20 + Davis!AC20 + SaltLake!AC20 + Utah!AC20 -> 2205 | AD20: =IFERROR(AC20/AB20, 0) -> 0.087009707 | AE20: =Weber!AE20 + Davis!AE20 + SaltLake!AE20 + Utah!AE20 -> 25431 | AF20: =Weber!AF20 + Davis!AF20 + SaltLake!AF20 + Utah!AF20 -> 2379 | AG20: =IFERROR(AF20/AE20, 0) -> 0.093547245 | AH20: =Weber!AH20 + Davis!AH20 + SaltLake!AH20 + Utah!AH20 -> 24321 | AI20: =Weber!AI20 + Davis!AI20 + SaltLake!AI20 + Utah!AI20 -> 2127 | AJ20: =IFERROR(AI20/AH20, 0) -> 0.087455286 | AK20: =Weber!AK20 + Davis!AK20 + SaltLake!AK20 + Utah!AK20 -> 23578 | AL20: =Weber!AL20 + Davis!AL20 + SaltLake!AL20 + Utah!AL20 -> 2258 | AM20: =IFERROR(AL20/AK20, 0) -> 0.095767241 | AN20: =Weber!AN20 + Davis!AN20 + SaltLake!AN20 + Utah!AN20 -> 24455 | AO20: =Weber!AO20 + Davis!AO20 + SaltLake!AO20 + Utah!AO20 -> 2257 | AP20: =IFERROR(AO20/AN20, 0) -> 0.092291965 | AQ20: =Weber!AQ20 + Davis!AQ20 + SaltLake!AQ20 + Utah!AQ20 -> 26061 | AR20: =Weber!AR20 + Davis!AR20 + SaltLake!AR20 + Utah!AR20 -> 2450 | AS20: =IFERROR(AR20/AQ20, 0) -> 0.094010207 | AT20: =Weber!AT20 + Davis!AT20 + SaltLake!AT20 + Utah!AT20 -> 26443 | AU20: =Weber!AU20 + Davis!AU20 + SaltLake!AU20 + Utah!AU20 -> 2256 | AV20: =IFERROR(AU20/AT20, 0) -> 0.085315584 | AW20: =Weber!AW20 + Davis!AW20 + SaltLake!AW20 + Utah!AW20 -> 27694 | AX20: =Weber!AX20 + Davis!AX20 + SaltLake!AX20 + Utah!AX20 -> 2346 | AY20: =IFERROR(AX20/AW20, 0) -> 0.08471149 | AZ20: =Weber!AZ20 + Davis!AZ20 + SaltLake!AZ20 + Utah!AZ20 -> 27662 | BA20: =Weber!BA20 + Davis!BA20 + SaltLake!BA20 + Utah!BA20 -> 2545 | BB20: =IFERROR(BA20/AZ20, 0) -> 0.09200347
B21: 6 | C21: In 3-person carpool | D21: =INDEX($Y$6:$BB$22,MATCH($B21, $W$6:$W$22,0), MATCH(D$31, $Y$5:$BB$5, 0) ) -> 14469 | E21: =INDEX($Y$6:$BB$22,MATCH($B21, $W$6:$W$22,0), MATCH(E$31, $Y$5:$BB$5, 0) ) -> 14319 | F21: =INDEX($Y$6:$BB$22,MATCH($B21, $W$6:$W$22,0), MATCH(F$31, $Y$5:$BB$5, 0) ) -> 14760 | G21: =INDEX($Y$6:$BB$22,MATCH($B21, $W$6:$W$22,0), MATCH(G$31, $Y$5:$BB$5, 0) ) -> 15277 | H21: =INDEX($Y$6:$BB$22,MATCH($B21, $W$6:$W$22,0), MATCH(H$31, $Y$5:$BB$5, 0) ) -> 15878 | I21: =INDEX($Y$6:$BB$22,MATCH($B21, $W$6:$W$22,0), MATCH(I$31, $Y$5:$BB$5, 0) ) -> 16917 | J21: =INDEX($Y$6:$BB$22,MATCH($B21, $W$6:$W$22,0), MATCH(J$31, $Y$5:$BB$5, 0) ) -> 16636 | K21: =INDEX($Y$6:$BB$22,MATCH($B21, $W$6:$W$22,0), MATCH(K$31, $Y$5:$BB$5, 0) ) -> 16374 | ... M21: =INDEX($Y$6:$BB$22,MATCH($B21, $W$6:$W$22,0), MATCH(M$31, $Y$5:$BB$5, 0) ) -> 15728 | W21: 16 | X21: Taxicab, motorcycle, or other means | Y21: =Weber!Y21 + Davis!Y21 + SaltLake!Y21 + Utah!Y21 -> 9971 | Z21: =Weber!Z21 + Davis!Z21 + SaltLake!Z21 + Utah!Z21 -> 1345 | AA21: =IFERROR(Z21/Y21, 0) -> 0.13489118 | AB21: =Weber!AB21 + Davis!AB21 + SaltLake!AB21 + Utah!AB21 -> 10461 | AC21: =Weber!AC21 + Davis!AC21 + SaltLake!AC21 + Utah!AC21 -> 1396 | AD21: =IFERROR(AC21/AB21, 0) -> 0.13344805 | AE21: =Weber!AE21 + Davis!AE21 + SaltLake!AE21 + Utah!AE21 -> 11053 | AF21: =Weber!AF21 + Davis!AF21 + SaltLake!AF21 + Utah!AF21 -> 1467 | AG21: =IFERROR(AF21/AE21, 0) -> 0.13272415 | AH21: =Weber!AH21 + Davis!AH21 + SaltLake!AH21 + Utah!AH21 -> 11297 | AI21: =Weber!AI21 + Davis!AI21 + SaltLake!AI21 + Utah!AI21 -> 1553 | AJ21: =IFERROR(AI21/AH21, 0) -> 0.13747012 | AK21: =Weber!AK21 + Davis!AK21 + SaltLake!AK21 + Utah!AK21 -> 11017 | AL21: =Weber!AL21 + Davis!AL21 + SaltLake!AL21 + Utah!AL21 -> 1381 | AM21: =IFERROR(AL21/AK21, 0) -> 0.12535173 | AN21: =Weber!AN21 + Davis!AN21 + SaltLake!AN21 + Utah!AN21 -> 11387 | AO21: =Weber!AO21 + Davis!AO21 + SaltLake!AO21 + Utah!AO21 -> 1392 | AP21: =IFERROR(AO21/AN21, 0) -> 0.12224466 | AQ21: =Weber!AQ21 + Davis!AQ21 + SaltLake!AQ21 + Utah!AQ21 -> 11749 | AR21: =Weber!AR21 + Davis!AR21 + SaltLake!AR21 + Utah!AR21 -> 1418 | AS21: =IFERROR(AR21/AQ21, 0) -> 0.12069112 | AT21: =Weber!AT21 + Davis!AT21 + SaltLake!AT21 + Utah!AT21 -> 11198 | AU21: =Weber!AU21 + Davis!AU21 + SaltLake!AU21 + Utah!AU21 -> 1450 | AV21: =IFERROR(AU21/AT21, 0) -> 0.12948741 | AW21: =Weber!AW21 + Davis!AW21 + SaltLake!AW21 + Utah!AW21 -> 10714 | AX21: =Weber!AX21 + Davis!AX21 + SaltLake!AX21 + Utah!AX21 -> 1382 | AY21: =IFERROR(AX21/AW21, 0) -> 0.12899011 | AZ21: =Weber!AZ21 + Davis!AZ21 + SaltLake!AZ21 + Utah!AZ21 -> 10993 | BA21: =Weber!BA21 + Davis!BA21 + SaltLake!BA21 + Utah!BA21 -> 1446 | BB21: =IFERROR(BA21/AZ21, 0) -> 0.13153825
B22: 7 | C22: In 4-or-more-person carpool | D22: =INDEX($Y$6:$BB$22,MATCH($B22, $W$6:$W$22,0), MATCH(D$31, $Y$5:$BB$5, 0) ) -> 10745 | E22: =INDEX($Y$6:$BB$22,MATCH($B22, $W$6:$W$22,0), MATCH(E$31, $Y$5:$BB$5, 0) ) -> 11127 | F22: =INDEX($Y$6:$BB$22,MATCH($B22, $W$6:$W$22,0), MATCH(F$31, $Y$5:$BB$5, 0) ) -> 11709 | G22: =INDEX($Y$6:$BB$22,MATCH($B22, $W$6:$W$22,0), MATCH(G$31, $Y$5:$BB$5, 0) ) -> 12024 | H22: =INDEX($Y$6:$BB$22,MATCH($B22, $W$6:$W$22,0), MATCH(H$31, $Y$5:$BB$5, 0) ) -> 12235 | I22: =INDEX($Y$6:$BB$22,MATCH($B22, $W$6:$W$22,0), MATCH(I$31, $Y$5:$BB$5, 0) ) -> 13042 | J22: =INDEX($Y$6:$BB$22,MATCH($B22, $W$6:$W$22,0), MATCH(J$31, $Y$5:$BB$5, 0) ) -> 13321 | K22: =INDEX($Y$6:$BB$22,MATCH($B22, $W$6:$W$22,0), MATCH(K$31, $Y$5:$BB$5, 0) ) -> 12725 | ... M22: =INDEX($Y$6:$BB$22,MATCH($B22, $W$6:$W$22,0), MATCH(M$31, $Y$5:$BB$5, 0) ) -> 12694 | W22: 17 | X22: Worked at home | Y22: =Weber!Y22 + Davis!Y22 + SaltLake!Y22 + Utah!Y22 -> 43040 | Z22: =Weber!Z22 + Davis!Z22 + SaltLake!Z22 + Utah!Z22 -> 2418 | AA22: =IFERROR(Z22/Y22, 0) -> 0.056180297 | AB22: =Weber!AB22 + Davis!AB22 + SaltLake!AB22 + Utah!AB22 -> 44564 | AC22: =Weber!AC22 + Davis!AC22 + SaltLake!AC22 + Utah!AC22 -> 2688 | AD22: =IFERROR(AC22/AB22, 0) -> 0.060317745 | AE22: =Weber!AE22 + Davis!AE22 + SaltLake!AE22 + Utah!AE22 -> 44321 | AF22: =Weber!AF22 + Davis!AF22 + SaltLake!AF22 + Utah!AF22 -> 2681 | AG22: =IFERROR(AF22/AE22, 0) -> 0.060490512 | AH22: =Weber!AH22 + Davis!AH22 + SaltLake!AH22 + Utah!AH22 -> 46110 | AI22: =Weber!AI22 + Davis!AI22 + SaltLake!AI22 + Utah!AI22 -> 2665 | AJ22: =IFERROR(AI22/AH22, 0) -> 0.057796573 | AK22: =Weber!AK22 + Davis!AK22 + SaltLake!AK22 + Utah!AK22 -> 48440 | AL22: =Weber!AL22 + Davis!AL22 + SaltLake!AL22 + Utah!AL22 -> 2711 | AM22: =IFERROR(AL22/AK22, 0) -> 0.055966144 | AN22: =Weber!AN22 + Davis!AN22 + SaltLake!AN22 + Utah!AN22 -> 52775 | AO22: =Weber!AO22 + Davis!AO22 + SaltLake!AO22 + Utah!AO22 -> 3248 | AP22: =IFERROR(AO22/AN22, 0) -> 0.061544292 | AQ22: =Weber!AQ22 + Davis!AQ22 + SaltLake!AQ22 + Utah!AQ22 -> 55860 | AR22: =Weber!AR22 + Davis!AR22 + SaltLake!AR22 + Utah!AR22 -> 2975 | AS22: =IFERROR(AR22/AQ22, 0) -> 0.053258145 | AT22: =Weber!AT22 + Davis!AT22 + SaltLake!AT22 + Utah!AT22 -> 61776 | AU22: =Weber!AU22 + Davis!AU22 + SaltLake!AU22 + Utah!AU22 -> 3199 | AV22: =IFERROR(AU22/AT22, 0) -> 0.051783864 | AW22: =Weber!AW22 + Davis!AW22 + SaltLake!AW22 + Utah!AW22 -> 67021 | AX22: =Weber!AX22 + Davis!AX22 + SaltLake!AX22 + Utah!AX22 -> 3504 | AY22: =IFERROR(AX22/AW22, 0) -> 0.052282121 | AZ22: =Weber!AZ22 + Davis!AZ22 + SaltLake!AZ22 + Utah!AZ22 -> 72331 | BA22: =Weber!BA22 + Davis!BA22 + SaltLake!BA22 + Utah!BA22 -> 3922 | BB22: =IFERROR(BA22/AZ22, 0) -> 0.054222947
W23: 18 | X23: Male: | Y23: =Weber!Y23 + Davis!Y23 + SaltLake!Y23 + Utah!Y23 -> 524414 | Z23: =Weber!Z23 + Davis!Z23 + SaltLake!Z23 + Utah!Z23 -> 4650 | AA23: =IFERROR(Z23/Y23, 0) -> 0.0088670402 | AB23: =Weber!AB23 + Davis!AB23 + SaltLake!AB23 + Utah!AB23 -> 532129 | AC23: =Weber!AC23 + Davis!AC23 + SaltLake!AC23 + Utah!AC23 -> 4375 | AD23: =IFERROR(AC23/AB23, 0) -> 0.0082216906 | AE23: =Weber!AE23 + Davis!AE23 + SaltLake!AE23 + Utah!AE23 -> 538397 | AF23: =Weber!AF23 + Davis!AF23 + SaltLake!AF23 + Utah!AF23 -> 4468 | AG23: =IFERROR(AF23/AE23, 0) -> 0.0082987089 | AH23: =Weber!AH23 + Davis!AH23 + SaltLake!AH23 + Utah!AH23 -> 543152 | AI23: =Weber!AI23 + Davis!AI23 + SaltLake!AI23 + Utah!AI23 -> 4363 | AJ23: =IFERROR(AI23/AH23, 0) -> 0.0080327422 | AK23: =Weber!AK23 + Davis!AK23 + SaltLake!AK23 + Utah!AK23 -> 555997 | AL23: =Weber!AL23 + Davis!AL23 + SaltLake!AL23 + Utah!AL23 -> 4348 | AM23: =IFERROR(AL23/AK23, 0) -> 0.0078201861 | AN23: =Weber!AN23 + Davis!AN23 + SaltLake!AN23 + Utah!AN23 -> 574999 | AO23: =Weber!AO23 + Davis!AO23 + SaltLake!AO23 + Utah!AO23 -> 4201 | AP23: =IFERROR(AO23/AN23, 0) -> 0.0073060997 | AQ23: =Weber!AQ23 + Davis!AQ23 + SaltLake!AQ23 + Utah!AQ23 -> 591726 | AR23: =Weber!AR23 + Davis!AR23 + SaltLake!AR23 + Utah!AR23 -> 4817 | AS23: =IFERROR(AR23/AQ23, 0) -> 0.0081405921 | AT23: =Weber!AT23 + Davis!AT23 + SaltLake!AT23 + Utah!AT23 -> 607457 | AU23: =Weber!AU23 + Davis!AU23 + SaltLake!AU23 + Utah!AU23 -> 4964 | AV23: =IFERROR(AU23/AT23, 0) -> 0.0081717718 | AW23: =Weber!AW23 + Davis!AW23 + SaltLake!AW23 + Utah!AW23 -> 623098 | AX23: =Weber!AX23 + Davis!AX23 + SaltLake!AX23 + Utah!AX23 -> 4829 | AY23: =IFERROR(AX23/AW23, 0) -> 0.0077499848 | AZ23: =Weber!AZ23 + Davis!AZ23 + SaltLake!AZ23 + Utah!AZ23 -> 640557 | BA23: =Weber!BA23 + Davis!BA23 + SaltLake!BA23 + Utah!BA23 -> 5115 | BB23: =IFERROR(BA23/AZ23, 0) -> 0.0079852378
C24: Public transportation (excluding taxicab): | D24: =SUM(D25:D29) -> 26683 | E24: =SUM(E25:E29) -> 25970 | F24: =SUM(F25:F29) -> 26748 | G24: =SUM(G25:G29) -> 26933 | H24: =SUM(H25:H29) -> 27810 | I24: =SUM(I25:I29) -> 29790 | J24: =SUM(J25:J29) -> 31802 | K24: =SUM(K25:K29) -> 32022 | ... M24: =SUM(M25:M29) -> 32989 | W24: 19 | X24: Car, truck, or van: | Y24: =Weber!Y24 + Davis!Y24 + SaltLake!Y24 + Utah!Y24 -> 464880 | Z24: =Weber!Z24 + Davis!Z24 + SaltLake!Z24 + Utah!Z24 -> 4963 | AA24: =IFERROR(Z24/Y24, 0) -> 0.010675873 | AB24: =Weber!AB24 + Davis!AB24 + SaltLake!AB24 + Utah!AB24 -> 471053 | AC24: =Weber!AC24 + Davis!AC24 + SaltLake!AC24 + Utah!AC24 -> 4971 | AD24: =IFERROR(AC24/AB24, 0) -> 0.010552953 | AE24: =Weber!AE24 + Davis!AE24 + SaltLake!AE24 + Utah!AE24 -> 476053 | AF24: =Weber!AF24 + Davis!AF24 + SaltLake!AF24 + Utah!AF24 -> 5042 | AG24: =IFERROR(AF24/AE24, 0) -> 0.010591258 | AH24: =Weber!AH24 + Davis!AH24 + SaltLake!AH24 + Utah!AH24 -> 479836 | AI24: =Weber!AI24 + Davis!AI24 + SaltLake!AI24 + Utah!AI24 -> 4991 | AJ24: =IFERROR(AI24/AH24, 0) -> 0.010401471 | AK24: =Weber!AK24 + Davis!AK24 + SaltLake!AK24 + Utah!AK24 -> 491331 | AL24: =Weber!AL24 + Davis!AL24 + SaltLake!AL24 + Utah!AL24 -> 5009 | AM24: =IFERROR(AL24/AK24, 0) -> 0.010194757 | AN24: =Weber!AN24 + Davis!AN24 + SaltLake!AN24 + Utah!AN24 -> 505372 | AO24: =Weber!AO24 + Davis!AO24 + SaltLake!AO24 + Utah!AO24 -> 5162 | AP24: =IFERROR(AO24/AN24, 0) -> 0.010214258 | AQ24: =Weber!AQ24 + Davis!AQ24 + SaltLake!AQ24 + Utah!AQ24 -> 518375 | AR24: =Weber!AR24 + Davis!AR24 + SaltLake!AR24 + Utah!AR24 -> 5685 | AS24: =IFERROR(AR24/AQ24, 0) -> 0.010966964 | AT24: =Weber!AT24 + Davis!AT24 + SaltLake!AT24 + Utah!AT24 -> 530468 | AU24: =Weber!AU24 + Davis!AU24 + SaltLake!AU24 + Utah!AU24 -> 5220 | AV24: =IFERROR(AU24/AT24, 0) -> 0.0098403674 | AW24: =Weber!AW24 + Davis!AW24 + SaltLake!AW24 + Utah!AW24 -> 543977 | AX24: =Weber!AX24 + Davis!AX24 + SaltLake!AX24 + Utah!AX24 -> 5272 | AY24: =IFERROR(AX24/AW24, 0) -> 0.0096915862 | AZ24: =Weber!AZ24 + Davis!AZ24 + SaltLake!AZ24 + Utah!AZ24 -> 558283 | BA24: =Weber!BA24 + Davis!BA24 + SaltLake!BA24 + Utah!BA24 -> 6030 | BB24: =IFERROR(BA24/AZ24, 0) -> 0.010800974
B25: 9 | C25: Bus or trolley bus | D25: =INDEX($Y$6:$BB$22,MATCH($B25, $W$6:$W$22,0), MATCH(D$31, $Y$5:$BB$5, 0) ) -> 22327 | E25: =INDEX($Y$6:$BB$22,MATCH($B25, $W$6:$W$22,0), MATCH(E$31, $Y$5:$BB$5, 0) ) -> 21138 | F25: =INDEX($Y$6:$BB$22,MATCH($B25, $W$6:$W$22,0), MATCH(F$31, $Y$5:$BB$5, 0) ) -> 20733 | G25: =INDEX($Y$6:$BB$22,MATCH($B25, $W$6:$W$22,0), MATCH(G$31, $Y$5:$BB$5, 0) ) -> 19772 | H25: =INDEX($Y$6:$BB$22,MATCH($B25, $W$6:$W$22,0), MATCH(H$31, $Y$5:$BB$5, 0) ) -> 19138 | I25: =INDEX($Y$6:$BB$22,MATCH($B25, $W$6:$W$22,0), MATCH(I$31, $Y$5:$BB$5, 0) ) -> 18963 | J25: =INDEX($Y$6:$BB$22,MATCH($B25, $W$6:$W$22,0), MATCH(J$31, $Y$5:$BB$5, 0) ) -> 19236 | K25: =INDEX($Y$6:$BB$22,MATCH($B25, $W$6:$W$22,0), MATCH(K$31, $Y$5:$BB$5, 0) ) -> 18580 | ... M25: =INDEX($Y$6:$BB$22,MATCH($B25, $W$6:$W$22,0), MATCH(M$31, $Y$5:$BB$5, 0) ) -> 18197 | W25: 20 | X25: Drove alone | Y25: =Weber!Y25 + Davis!Y25 + SaltLake!Y25 + Utah!Y25 -> 400417 | Z25: =Weber!Z25 + Davis!Z25 + SaltLake!Z25 + Utah!Z25 -> 5264 | AA25: =IFERROR(Z25/Y25, 0) -> 0.013146295 | AB25: =Weber!AB25 + Davis!AB25 + SaltLake!AB25 + Utah!AB25 -> 406269 | AC25: =Weber!AC25 + Davis!AC25 + SaltLake!AC25 + Utah!AC25 -> 5303 | AD25: =IFERROR(AC25/AB25, 0) -> 0.013052928 | AE25: =Weber!AE25 + Davis!AE25 + SaltLake!AE25 + Utah!AE25 -> 410813 | AF25: =Weber!AF25 + Davis!AF25 + SaltLake!AF25 + Utah!AF25 -> 5536 | AG25: =IFERROR(AF25/AE25, 0) -> 0.013475718 | AH25: =Weber!AH25 + Davis!AH25 + SaltLake!AH25 + Utah!AH25 -> 414690 | AI25: =Weber!AI25 + Davis!AI25 + SaltLake!AI25 + Utah!AI25 -> 5102 | AJ25: =IFERROR(AI25/AH25, 0) -> 0.012303166 | AK25: =Weber!AK25 + Davis!AK25 + SaltLake!AK25 + Utah!AK25 -> 424743 | AL25: =Weber!AL25 + Davis!AL25 + SaltLake!AL25 + Utah!AL25 -> 5403 | AM25: =IFERROR(AL25/AK25, 0) -> 0.012720633 | AN25: =Weber!AN25 + Davis!AN25 + SaltLake!AN25 + Utah!AN25 -> 437051 | AO25: =Weber!AO25 + Davis!AO25 + SaltLake!AO25 + Utah!AO25 -> 5435 | AP25: =IFERROR(AO25/AN25, 0) -> 0.01243562 | AQ25: =Weber!AQ25 + Davis!AQ25 + SaltLake!AQ25 + Utah!AQ25 -> 450427 | AR25: =Weber!AR25 + Davis!AR25 + SaltLake!AR25 + Utah!AR25 -> 5639 | AS25: =IFERROR(AR25/AQ25, 0) -> 0.012519232 | AT25: =Weber!AT25 + Davis!AT25 + SaltLake!AT25 + Utah!AT25 -> 464123 | AU25: =Weber!AU25 + Davis!AU25 + SaltLake!AU25 + Utah!AU25 -> 5763 | AV25: =IFERROR(AU25/AT25, 0) -> 0.012416967 | AW25: =Weber!AW25 + Davis!AW25 + SaltLake!AW25 + Utah!AW25 -> 477027 | AX25: =Weber!AX25 + Davis!AX25 + SaltLake!AX25 + Utah!AX25 -> 5590 | AY25: =IFERROR(AX25/AW25, 0) -> 0.011718414 | AZ25: =Weber!AZ25 + Davis!AZ25 + SaltLake!AZ25 + Utah!AZ25 -> 492859 | BA25: =Weber!BA25 + Davis!BA25 + SaltLake!BA25 + Utah!BA25 -> 6178 | BB25: =IFERROR(BA25/AZ25, 0) -> 0.012535025
