Workbook
Name lu_CoName: LookupIdx!$B$3:$C$35
Name lu_GEOID: LookupIdx!$A$3:$C$35
Name lu_WrkID: LookupIdx!$F$3:$G$108
Name lu_WrkID_Est: LookupIdx!$H$3:$I$108
Name lu_WrkID_MOE: LookupIdx!$J$3:$K$108

Sheet Calc_HBJ_Share_of_WAH
B1: Wasatch Front
B4: Share of HBJ by Industry Classification
D5: 2010 | E5: 2011 | F5: 2012 | G5: 2013 | H5: 2014 | I5: 2015 | J5: 2016 | K5: 2017 | L5: 2018 | M5: 2019
B6: 0 | C6: Share of Work At Home | D6: =D43 * D55 -> 0.024156393 | E6: =E43 * E55 -> 0.023616541 | F6: =F43 * F55 -> 0.022667213 | G6: =G43 * G55 -> 0.022171769 | H6: =H43 * H55 -> 0.022228968 | I6: =I43 * I55 -> 0.022692701 | J6: =J43 * J55 -> 0.023436385 | K6: =K43 * K55 -> 0.025113206 | ... M6: =M43 * M55 -> 0.026666597
B7: 1 | C7: Agriculture, forestry, fishing and hunting, and mining | D7: =D43 * D56 -> 0.028926933 | E7: =E43 * E56 -> 0.025759823 | F7: =F43 * F56 -> 0.025540774 | G7: =G43 * G56 -> 0.020695744 | H7: =H43 * H56 -> 0.024151369 | I7: =I43 * I56 -> 0.024516287 | J7: =J43 * J56 -> 0.024251412 | K7: =K43 * K56 -> 0.023685704 | ... M7: =M43 * M56 -> 0.026063103
B8: 2 | C8: Construction | D8: =D43 * D57 -> 0.020401628 | E8: =E43 * E57 -> 0.019866698 | F8: =F43 * F57 -> 0.01989078 | G8: =G43 * G57 -> 0.019142023 | H8: =H43 * H57 -> 0.018777085 | I8: =I43 * I57 -> 0.016818116 | J8: =J43 * J57 -> 0.018833265 | K8: =K43 * K57 -> 0.019227454 | ... M8: =M43 * M57 -> 0.024102364
B9: 3 | C9: Manufacturing | D9: =D43 * D58 -> 0.012618033 | E9: =E43 * E58 -> 0.012716493 | F9: =F43 * F58 -> 0.013193002 | G9: =G43 * G58 -> 0.014094349 | H9: =H43 * H58 -> 0.01455017 | I9: =I43 * I58 -> 0.015823725 | J9: =J43 * J58 -> 0.016148542 | K9: =K43 * K58 -> 0.016705625 | ... M9: =M43 * M58 -> 0.016139368
B10: 4 | C10: Wholesale trade | D10: =D43 * D59 -> 0.025053598 | E10: =E43 * E59 -> 0.026193457 | F10: =F43 * F59 -> 0.024940808 | G10: =G43 * G59 -> 0.025942702 | H10: =H43 * H59 -> 0.024463377 | I10: =I43 * I59 -> 0.024958558 | J10: =J43 * J59 -> 0.024959379 | K10: =K43 * K59 -> 0.026925452 | ... M10: =M43 * M59 -> 0.026699481
B11: 5 | C11: Retail trade | D11: =D43 * D60 -> 0.016420596 | E11: =E43 * E60 -> 0.01550784 | F11: =F43 * F60 -> 0.015151232 | G11: =G43 * G60 -> 0.014903 | H11: =H43 * H60 -> 0.016392175 | I11: =I43 * I60 -> 0.016443326 | J11: =J43 * J60 -> 0.017950413 | K11: =K43 * K60 -> 0.020255837 | ... M11: =M43 * M60 -> 0.021807323
B12: 6 | C12: Transportation and warehousing, and utilities | D12: =D43 * D61 -> 0.022347498 | E12: =E43 * E61 -> 0.022951641 | F12: =F43 * F61 -> 0.022506329 | G12: =G43 * G61 -> 0.024997982 | H12: =H43 * H61 -> 0.023589988 | I12: =I43 * I61 -> 0.0232402 | J12: =J43 * J61 -> 0.0236551 | K12: =K43 * K61 -> 0.026391714 | ... M12: =M43 * M61 -> 0.024159399
B13: 7 | C13: Information | D13: =D43 * D62 -> 0.038033632 | E13: =E43 * E62 -> 0.036853463 | F13: =F43 * F62 -> 0.034127171 | G13: =G43 * G62 -> 0.034265194 | H13: =H43 * H62 -> 0.034015561 | I13: =I43 * I62 -> 0.037287675 | J13: =J43 * J62 -> 0.038088284 | K13: =K43 * K62 -> 0.042323748 | ... M13: =M43 * M62 -> 0.042525713
B14: 8 | C14: Finance and insurance, and real estate and rental and leasing | D14: =D43 * D63 -> 0.040211064 | E14: =E43 * E63 -> 0.039231726 | F14: =F43 * F63 -> 0.036402789 | G14: =G43 * G63 -> 0.034850945 | H14: =H43 * H63 -> 0.036510898 | I14: =I43 * I63 -> 0.03656242 | J14: =J43 * J63 -> 0.037522329 | K14: =K43 * K63 -> 0.038938553 | ... M14: =M43 * M63 -> 0.042201901
B15: 9 | C15: Professional, scientific, and management, and administrative and waste management services | D15: =D43 * D64 -> 0.044781339 | E15: =E43 * E64 -> 0.045444582 | F15: =F43 * F64 -> 0.044912712 | G15: =G43 * G64 -> 0.043296293 | H15: =H43 * H64 -> 0.042126226 | I15: =I43 * I64 -> 0.04332289 | J15: =J43 * J64 -> 0.044821449 | K15: =K43 * K64 -> 0.047946536 | ... M15: =M43 * M64 -> 0.051221975
B16: 10 | C16: Educational services, and health care and social assistance | D16: =D43 * D65 -> 0.022884449 | E16: =E43 * E65 -> 0.021786293 | F16: =F43 * F65 -> 0.02008109 | G16: =G43 * G65 -> 0.018833962 | H16: =H43 * H65 -> 0.017754188 | I16: =I43 * I65 -> 0.018441034 | J16: =J43 * J65 -> 0.018405692 | K16: =K43 * K65 -> 0.019508314 | ... M16: =M43 * M65 -> 0.020631552
B17: 11 | C17: Arts, entertainment, and recreation, and accommodation and food services | D17: =D43 * D66 -> 0.015176955 | E17: =E43 * E66 -> 0.015107751 | F17: =F43 * F66 -> 0.013348207 | G17: =G43 * G66 -> 0.012373047 | H17: =H43 * H66 -> 0.012193943 | I17: =I43 * I66 -> 0.012977773 | J17: =J43 * J66 -> 0.012000781 | K17: =K43 * K66 -> 0.012644576 | ... M17: =M43 * M66 -> 0.013584306
B18: 12 | C18: Other services (except public administration) | D18: =D43 * D67 -> 0.0370407 | E18: =E43 * E67 -> 0.034843747 | F18: =F43 * F67 -> 0.031882408 | G18: =G43 * G67 -> 0.031183405 | H18: =H43 * H67 -> 0.032072271 | I18: =I43 * I67 -> 0.028371682 | J18: =J43 * J67 -> 0.030468262 | K18: =K43 * K67 -> 0.032404195 | ... M18: =M43 * M67 -> 0.033843656
B19: 13 | C19: Public administration | D19: =D43 * D68 -> 0.0069048032 | E19: =E43 * E68 -> 0.0058160855 | F19: =F43 * F68 -> 0.0053210738 | G19: =G43 * G68 -> 0.0064269526 | H19: =H43 * H68 -> 0.0079629037 | I19: =I43 * I68 -> 0.010351308 | J19: =J43 * J68 -> 0.010653504 | K19: =K43 * K68 -> 0.011333888 | ... M19: =M43 * M68 -> 0.011623328
B20: 14 | C20: Armed forces | D20: =D43 * D69 -> 0.0033953424 | E20: =E43 * E69 -> 0.0049739852 | F20: =F43 * F69 -> 0.0041627729 | G20: =G43 * G69 -> 0.0039087889 | H20: =H43 * H69 -> 0.0039345717 | I20: =I43 * I69 -> 0.007077675 | J20: =J43 * J69 -> 0.0080526989 | K20: =K43 * K69 -> 0.011119043 | ... M20: =M43 * M69 -> 0.008817924
B22: Share of Telecommute by Industry Classification
D23: 2010 | E23: 2011 | F23: 2012 | G23: 2013 | H23: 2014 | I23: 2015 | J23: 2016 | K23: 2017 | L23: 2018 | M23: 2019
B24: 0 | C24: Share of Work At Home | D24: =D44 * D55 -> 0.02188431 | E24: =E44 * E55 -> 0.023317437 | F24: =F44 * F55 -> 0.023317753 | G24: =G44 * G55 -> 0.02528403 | H24: =H44 * H55 -> 0.0266197 | I24: =I44 * I55 -> 0.028966157 | J24: =J44 * J55 -> 0.029703592 | K24: =K44 * K55 -> 0.032081021 | ... M24: =M44 * M55 -> 0.036494763
B25: 1 | C25: Agriculture, forestry, fishing and hunting, and mining | D25: =D44 * D56 -> 0.026206147 | E25: =E44 * E56 -> 0.025433575 | F25: =F44 * F56 -> 0.026273784 | G25: =G44 * G56 -> 0.023600814 | H25: =H44 * H56 -> 0.028921821 | I25: =I44 * I56 -> 0.031293877 | J25: =J44 * J56 -> 0.030736568 | K25: =K44 * K56 -> 0.03025745 | ... M25: =M44 * M56 -> 0.035668848
B26: 2 | C26: Construction | D26: =D44 * D57 -> 0.018482708 | E26: =E44 * E57 -> 0.019615086 | F26: =F44 * F57 -> 0.020461637 | G26: =G44 * G57 -> 0.021828997 | H26: =H44 * H57 -> 0.022485991 | I26: =I44 * I57 -> 0.021467528 | J26: =J44 * J57 -> 0.023869535 | K26: =K44 * K57 -> 0.02456223 | ... M26: =M44 * M57 -> 0.032985464
B27: 3 | C27: Manufacturing | D27: =D44 * D58 -> 0.011431216 | E27: =E44 * E58 -> 0.012555438 | F27: =F44 * F58 -> 0.013571636 | G27: =G44 * G58 -> 0.016072778 | H27: =H44 * H58 -> 0.017424163 | I27: =I44 * I58 -> 0.020198235 | J27: =J44 * J58 -> 0.02046688 | K27: =K44 * K58 -> 0.021340704 | ... M27: =M44 * M58 -> 0.022087649
B28: 4 | C28: Wholesale trade | D28: =D44 * D59 -> 0.022697127 | E28: =E44 * E59 -> 0.025861717 | F28: =F44 * F59 -> 0.025656599 | G28: =G44 * G59 -> 0.02958429 | H28: =H44 * H59 -> 0.029295458 | I28: =I44 * I59 -> 0.031858416 | J28: =J44 * J59 -> 0.031633855 | K28: =K44 * K59 -> 0.034396087 | ... M28: =M44 * M59 -> 0.036539767
B29: 5 | C29: Retail trade | D29: =D44 * D60 -> 0.01487612 | E29: =E44 * E60 -> 0.015311434 | F29: =F44 * F60 -> 0.015586067 | G29: =G44 * G60 -> 0.01699494 | H29: =H44 * H60 -> 0.019630008 | I29: =I44 * I60 -> 0.020989126 | J29: =J44 * J60 -> 0.022750597 | K29: =K44 * K60 -> 0.025875945 | ... M29: =M44 * M60 -> 0.029844569
B30: 6 | C30: Transportation and warehousing, and utilities | D30: =D44 * D61 -> 0.020245555 | E30: =E44 * E61 -> 0.022660959 | F30: =F44 * F61 -> 0.023152252 | G30: =G44 * G61 -> 0.028506959 | H30: =H44 * H61 -> 0.028249554 | I30: =I44 * I61 -> 0.029665013 | J30: =J44 * J61 -> 0.029980794 | K30: =K44 * K61 -> 0.03371426 | ... M30: =M44 * M61 -> 0.03306352
B31: 7 | C31: Information | D31: =D44 * D62 -> 0.034456294 | E31: =E44 * E62 -> 0.036386714 | F31: =F44 * F62 -> 0.035106607 | G31: =G44 * G62 -> 0.039075013 | H31: =H44 * H62 -> 0.040734418 | I31: =I44 * I62 -> 0.047595949 | J31: =J44 * J62 -> 0.048273606 | K31: =K44 * K62 -> 0.054066736 | ... M31: =M44 * M62 -> 0.05819887
B32: 8 | C32: Finance and insurance, and real estate and rental and leasing | D32: =D44 * D63 -> 0.036428923 | E32: =E44 * E63 -> 0.038734856 | F32: =F44 * F63 -> 0.037447534 | G32: =G44 * G63 -> 0.039742987 | H32: =H44 * H63 -> 0.043722641 | I32: =I44 * I63 -> 0.046670194 | J32: =J44 * J63 -> 0.047556308 | K32: =K44 * K63 -> 0.049742296 | ... M32: =M44 * M63 -> 0.057755715
B33: 9 | C33: Professional, scientific, and management, and administrative and waste management services | D33: =D44 * D64 -> 0.040569331 | E33: =E44 * E64 -> 0.044869026 | F33: =F44 * F64 -> 0.046201688 | G33: =G44 * G64 -> 0.049373812 | H33: =H44 * H64 -> 0.050447126 | I33: =I44 * I64 -> 0.055299614 | J33: =J44 * J64 -> 0.056807312 | K33: =K44 * K64 -> 0.061249601 | ... M33: =M44 * M64 -> 0.070100203
B34: 10 | C34: Educational services, and health care and social assistance | D34: =D44 * D65 -> 0.020732002 | E34: =E44 * E65 -> 0.021510369 | F34: =F44 * F65 -> 0.020657409 | G34: =G44 * G65 -> 0.021477693 | H34: =H44 * H65 -> 0.021261049 | I34: =I44 * I65 -> 0.023539105 | J34: =J44 * J65 -> 0.023327624 | K34: =K44 * K65 -> 0.024921017 | ... M34: =M44 * M65 -> 0.028235459
B35: 11 | C35: Arts, entertainment, and recreation, and accommodation and food services | D35: =D44 * D66 -> 0.013749453 | E35: =E44 * E66 -> 0.014916411 | F35: =F44 * F66 -> 0.013731295 | G35: =G44 * G66 -> 0.014109857 | H35: =H44 * H66 -> 0.014602528 | I35: =I44 * I66 -> 0.016565512 | J35: =J44 * J66 -> 0.015209952 | K35: =K44 * K66 -> 0.016152892 | ... M35: =M44 * M66 -> 0.0185909
B36: 12 | C36: Other services (except public administration) | D36: =D44 * D67 -> 0.033556755 | E36: =E44 * E67 -> 0.034402451 | F36: =F44 * F67 -> 0.03279742 | G36: =G44 * G67 -> 0.035560633 | H36: =H44 * H67 -> 0.038407283 | I36: =I44 * I67 -> 0.036215107 | J36: =J44 * J67 -> 0.038615887 | K36: =K44 * K67 -> 0.041394941 | ... M36: =M44 * M67 -> 0.04631698
B37: 13 | C37: Public administration | D37: =D44 * D68 -> 0.0062553567 | E37: =E44 * E68 -> 0.0057424248 | F37: =F44 * F68 -> 0.0054737865 | G37: =G44 * G68 -> 0.0073291066 | H37: =H44 * H68 -> 0.0095357605 | I37: =I44 * I68 -> 0.013212954 | J37: =J44 * J68 -> 0.013502395 | K37: =K44 * K68 -> 0.014478546 | ... M37: =M44 * M68 -> 0.015907189
B38: 14 | C38: Armed forces | D38: =D44 * D69 -> 0.003075986 | E38: =E44 * E69 -> 0.0049109897 | F38: =F44 * F69 -> 0.0042822427 | G38: =G44 * G69 -> 0.0044574672 | H38: =H44 * H69 -> 0.0047117401 | I38: =I44 * I69 -> 0.0090343165 | J38: =J44 * J69 -> 0.0102061 | K38: =K44 * K69 -> 0.014204091 | ... M38: =M44 * M69 -> 0.012067833
B41: Share of Work At Home by HBJ & Telecommute
D42: 2010 | E42: 2011 | F42: 2012 | G42: 2013 | H42: 2014 | I42: 2015 | J42: 2016 | K42: 2017 | L42: 2018 | M42: 2019
C43: Home-Based-Job | D43: =D48/D50 -> 0.52467472 | E43: =E48/E50 -> 0.50318643 | F43: =F48/F50 -> 0.4929266 | G43: =G48/G50 -> 0.46720885 | H43: =H48/H50 -> 0.4550578 | I43: =I48/I50 -> 0.43927996 | J43: =J48/J50 -> 0.44103115 | K43: =K48/K50 -> 0.43908638 | ... M43: =M48/M50 -> 0.42219795
C44: Telecommute | D44: =D49/D50 -> 0.47532528 | E44: =E49/E50 -> 0.49681357 | F44: =F49/F50 -> 0.5070734 | G44: =G49/G50 -> 0.53279115 | H44: =H49/H50 -> 0.5449422 | I44: =I49/I50 -> 0.56072004 | J44: =J49/J50 -> 0.55896885 | K44: =K49/K50 -> 0.56091362 | ... M44: =M49/M50 -> 0.57780205
C45: Total Work At Home | D45: =SUM(D43:D44) -> 1 | E45: =SUM(E43:E44) -> 1 | F45: =SUM(F43:F44) -> 1 | G45: =SUM(G43:G44) -> 1 | H45: =SUM(H43:H44) -> 1 | I45: =SUM(I43:I44) -> 1 | J45: =SUM(J43:J44) -> 1 | K45: =SUM(K43:K44) -> 1 | ... M45: =SUM(M43:M44) -> 1
D47: 2010 | E47: 2011 | F47: 2012 | G47: 2013 | H47: 2014 | I47: 2015 | J47: 2016 | K47: 2017 | L47: 2018 | M47: 2019
C48: Home-Based-Job | D48: =WAH_byCounty!AZ7 -> 0.024156393 | E48: =WAH_byCounty!BA7 -> 0.023616541 | F48: =WAH_byCounty!BB7 -> 0.022667213 | G48: =WAH_byCounty!BC7 -> 0.022171769 | H48: =WAH_byCounty!BD7 -> 0.022228968 | I48: =WAH_byCounty!BE7 -> 0.022692701 | J48: =WAH_byCounty!BF7 -> 0.023436385 | K48: =WAH_byCounty!BG7 -> 0.025113206 | ... M48: =WAH_byCounty!BI7 -> 0.026666597
C49: Telecommute | D49: =WAH_byCounty!AZ8 -> 0.02188431 | E49: =WAH_byCounty!BA8 -> 0.023317437 | F49: =WAH_byCounty!BB8 -> 0.023317753 | G49: =WAH_byCounty!BC8 -> 0.02528403 | H49: =WAH_byCounty!BD8 -> 0.0266197 | I49: =WAH_byCounty!BE8 -> 0.028966157 | J49: =WAH_byCounty!BF8 -> 0.029703592 | K49: =WAH_byCounty!BG8 -> 0.032081021 | ... M49: =WAH_byCounty!BI8 -> 0.036494763
C50: Total Work At Home | D50: =SUM(D48:D49) -> 0.046040703 | E50: =SUM(E48:E49) -> 0.046933978 | F50: =SUM(F48:F49) -> 0.045984966 | G50: =SUM(G48:G49) -> 0.047455799 | H50: =SUM(H48:H49) -> 0.048848668 | I50: =SUM(I48:I49) -> 0.051658859 | J50: =SUM(J48:J49) -> 0.053139977 | K50: =SUM(K48:K49) -> 0.057194228 | ... M50: =SUM(M48:M49) -> 0.06316136
B53: Share of Work At Home by Industry Classification
D54: 2010 | E54: 2011 | F54: 2012 | G54: 2013 | H54: 2014 | I54: 2015 | J54: 2016 | K54: 2017 | L54: 2018 | M54: 2019
B55: 0 | C55: Share of Work At Home | D55: =WAH_byIndClass_bySelectGeog!D6 -> 0.046040703 | E55: =WAH_byIndClass_bySelectGeog!E6 -> 0.046933978 | F55: =WAH_byIndClass_bySelectGeog!F6 -> 0.045984966 | G55: =WAH_byIndClass_bySelectGeog!G6 -> 0.047455799 | H55: =WAH_byIndClass_bySelectGeog!H6 -> 0.048848668 | I55: =WAH_byIndClass_bySelectGeog!I6 -> 0.051658859 | J55: =WAH_byIndClass_bySelectGeog!J6 -> 0.053139977 | K55: =WAH_byIndClass_bySelectGeog!K6 -> 0.057194228 | ... M55: =WAH_byIndClass_bySelectGeog!M6 -> 0.06316136
B56: 1 | C56: Agriculture, forestry, fishing and hunting, and mining | D56: =WAH_byIndClass_bySelectGeog!D7 -> 0.05513308 | E56: =WAH_byIndClass_bySelectGeog!E7 -> 0.051193397 | F56: =WAH_byIndClass_bySelectGeog!F7 -> 0.051814558 | G56: =WAH_byIndClass_bySelectGeog!G7 -> 0.044296558 | H56: =WAH_byIndClass_bySelectGeog!H7 -> 0.05307319 | I56: =WAH_byIndClass_bySelectGeog!I7 -> 0.055810164 | J56: =WAH_byIndClass_bySelectGeog!J7 -> 0.054987981 | K56: =WAH_byIndClass_bySelectGeog!K7 -> 0.053943155 | ... M56: =WAH_byIndClass_bySelectGeog!M7 -> 0.061731951
B57: 2 | C57: Construction | D57: =WAH_byIndClass_bySelectGeog!D8 -> 0.038884336 | E57: =WAH_byIndClass_bySelectGeog!E8 -> 0.039481783 | F57: =WAH_byIndClass_bySelectGeog!F8 -> 0.040352417 | G57: =WAH_byIndClass_bySelectGeog!G8 -> 0.04097102 | H57: =WAH_byIndClass_bySelectGeog!H8 -> 0.041263076 | I57: =WAH_byIndClass_bySelectGeog!I8 -> 0.038285644 | J57: =WAH_byIndClass_bySelectGeog!J8 -> 0.042702801 | K57: =WAH_byIndClass_bySelectGeog!K8 -> 0.043789684 | ... M57: =WAH_byIndClass_bySelectGeog!M8 -> 0.057087828
B58: 3 | C58: Manufacturing | D58: =WAH_byIndClass_bySelectGeog!D9 -> 0.02404925 | E58: =WAH_byIndClass_bySelectGeog!E9 -> 0.025271931 | F58: =WAH_byIndClass_bySelectGeog!F9 -> 0.026764639 | G58: =WAH_byIndClass_bySelectGeog!G9 -> 0.030167127 | H58: =WAH_byIndClass_bySelectGeog!H9 -> 0.031974333 | I58: =WAH_byIndClass_bySelectGeog!I9 -> 0.036021961 | J58: =WAH_byIndClass_bySelectGeog!J9 -> 0.036615422 | K58: =WAH_byIndClass_bySelectGeog!K9 -> 0.038046329 | ... M58: =WAH_byIndClass_bySelectGeog!M9 -> 0.038227017
B59: 4 | C59: Wholesale trade | D59: =WAH_byIndClass_bySelectGeog!D10 -> 0.047750725 | E59: =WAH_byIndClass_bySelectGeog!E10 -> 0.052055174 | F59: =WAH_byIndClass_bySelectGeog!F10 -> 0.050597406 | G59: =WAH_byIndClass_bySelectGeog!G10 -> 0.055526992 | H59: =WAH_byIndClass_bySelectGeog!H10 -> 0.053758835 | I59: =WAH_byIndClass_bySelectGeog!I10 -> 0.056816974 | J59: =WAH_byIndClass_bySelectGeog!J10 -> 0.056593234 | K59: =WAH_byIndClass_bySelectGeog!K10 -> 0.061321539 | ... M59: =WAH_byIndClass_bySelectGeog!M10 -> 0.063239247
B60: 5 | C60: Retail trade | D60: =WAH_byIndClass_bySelectGeog!D11 -> 0.031296716 | E60: =WAH_byIndClass_bySelectGeog!E11 -> 0.030819274 | F60: =WAH_byIndClass_bySelectGeog!F11 -> 0.030737299 | G60: =WAH_byIndClass_bySelectGeog!G11 -> 0.03189794 | H60: =WAH_byIndClass_bySelectGeog!H11 -> 0.036022183 | I60: =WAH_byIndClass_bySelectGeog!I11 -> 0.037432452 | J60: =WAH_byIndClass_bySelectGeog!J11 -> 0.040701011 | K60: =WAH_byIndClass_bySelectGeog!K11 -> 0.046131782 | ... M60: =WAH_byIndClass_bySelectGeog!M11 -> 0.051651892
B61: 6 | C61: Transportation and warehousing, and utilities | D61: =WAH_byIndClass_bySelectGeog!D12 -> 0.042593052 | E61: =WAH_byIndClass_bySelectGeog!E12 -> 0.0456126 | F61: =WAH_byIndClass_bySelectGeog!F12 -> 0.045658581 | G61: =WAH_byIndClass_bySelectGeog!G12 -> 0.053504941 | H61: =WAH_byIndClass_bySelectGeog!H12 -> 0.051839542 | I61: =WAH_byIndClass_bySelectGeog!I12 -> 0.052905212 | J61: =WAH_byIndClass_bySelectGeog!J12 -> 0.053635895 | K61: =WAH_byIndClass_bySelectGeog!K12 -> 0.060105974 | ... M61: =WAH_byIndClass_bySelectGeog!M12 -> 0.057222919
B62: 7 | C62: Information | D62: =WAH_byIndClass_bySelectGeog!D13 -> 0.072489926 | E62: =WAH_byIndClass_bySelectGeog!E13 -> 0.073240177 | F62: =WAH_byIndClass_bySelectGeog!F13 -> 0.069233778 | G62: =WAH_byIndClass_bySelectGeog!G13 -> 0.073340207 | H62: =WAH_byIndClass_bySelectGeog!H13 -> 0.074749979 | I62: =WAH_byIndClass_bySelectGeog!I13 -> 0.084883624 | J62: =WAH_byIndClass_bySelectGeog!J13 -> 0.08636189 | K62: =WAH_byIndClass_bySelectGeog!K13 -> 0.096390484 | ... M62: =WAH_byIndClass_bySelectGeog!M13 -> 0.10072458
B63: 8 | C63: Finance and insurance, and real estate and rental and leasing | D63: =WAH_byIndClass_bySelectGeog!D14 -> 0.076639987 | E63: =WAH_byIndClass_bySelectGeog!E14 -> 0.077966582 | F63: =WAH_byIndClass_bySelectGeog!F14 -> 0.073850323 | G63: =WAH_byIndClass_bySelectGeog!G14 -> 0.074593933 | H63: =WAH_byIndClass_bySelectGeog!H14 -> 0.08023354 | I63: =WAH_byIndClass_bySelectGeog!I14 -> 0.083232614 | J63: =WAH_byIndClass_bySelectGeog!J14 -> 0.085078636 | K63: =WAH_byIndClass_bySelectGeog!K14 -> 0.088680849 | ... M63: =WAH_byIndClass_bySelectGeog!M14 -> 0.099957616
B64: 9 | C64: Professional, scientific, and management, and administrative and waste management services | D64: =WAH_byIndClass_bySelectGeog!D15 -> 0.085350671 | E64: =WAH_byIndClass_bySelectGeog!E15 -> 0.090313608 | F64: =WAH_byIndClass_bySelectGeog!F15 -> 0.0911144 | G64: =WAH_byIndClass_bySelectGeog!G15 -> 0.092670104 | H64: =WAH_byIndClass_bySelectGeog!H15 -> 0.092573352 | I64: =WAH_byIndClass_bySelectGeog!I15 -> 0.098622504 | J64: =WAH_byIndClass_bySelectGeog!J15 -> 0.10162876 | K64: =WAH_byIndClass_bySelectGeog!K15 -> 0.10919614 | ... M64: =WAH_byIndClass_bySelectGeog!M15 -> 0.12132218
B65: 10 | C65: Educational services, and health care and social assistance | D65: =WAH_byIndClass_bySelectGeog!D16 -> 0.043616451 | E65: =WAH_byIndClass_bySelectGeog!E16 -> 0.043296662 | F65: =WAH_byIndClass_bySelectGeog!F16 -> 0.040738498 | G65: =WAH_byIndClass_bySelectGeog!G16 -> 0.040311655 | H65: =WAH_byIndClass_bySelectGeog!H16 -> 0.039015237 | I65: =WAH_byIndClass_bySelectGeog!I16 -> 0.041980139 | J65: =WAH_byIndClass_bySelectGeog!J16 -> 0.041733316 | K65: =WAH_byIndClass_bySelectGeog!K16 -> 0.044429331 | ... M65: =WAH_byIndClass_bySelectGeog!M16 -> 0.048867012
B66: 11 | C66: Arts, entertainment, and recreation, and accommodation and food services | D66: =WAH_byIndClass_bySelectGeog!D17 -> 0.028926409 | E66: =WAH_byIndClass_bySelectGeog!E17 -> 0.030024162 | F66: =WAH_byIndClass_bySelectGeog!F17 -> 0.027079501 | G66: =WAH_byIndClass_bySelectGeog!G17 -> 0.026482904 | H66: =WAH_byIndClass_bySelectGeog!H17 -> 0.026796471 | I66: =WAH_byIndClass_bySelectGeog!I17 -> 0.029543284 | J66: =WAH_byIndClass_bySelectGeog!J17 -> 0.027210733 | K66: =WAH_byIndClass_bySelectGeog!K17 -> 0.028797468 | ... M66: =WAH_byIndClass_bySelectGeog!M17 -> 0.032175206
... B69: 14 | C69: Armed forces | D69: =WAH_byIndClass_bySelectGeog!D20 -> 0.0064713284 | E69: =WAH_byIndClass_bySelectGeog!E20 -> 0.0098849748 | F69: =WAH_byIndClass_bySelectGeog!F20 -> 0.0084450156 | G69: =WAH_byIndClass_bySelectGeog!G20 -> 0.0083662561 | H69: =WAH_byIndClass_bySelectGeog!H20 -> 0.0086463118 | I69: =WAH_byIndClass_bySelectGeog!I20 -> 0.016111992 | J69: =WAH_byIndClass_bySelectGeog!J20 -> 0.018258799 | K69: =WAH_byIndClass_bySelectGeog!K20 -> 0.025323134 | ... M69: =WAH_byIndClass_bySelectGeog!M20 -> 0.020885757

Sheet WAH_byCounty
B1: Share of Work At Home Charts by County | BK1: Share of Work At Home Charts | CI1: Calculate Share: Work At Home | CV1: Calculate Share: Telecommute | DI1: Calculate Share: Home-Based-Job | DV1: Calculate Telecommute Workers | EI1: Calculate Home-Based-Job Workers | EW1: Extract Worker Tables: Total Workers, Worked at Home, Self-employed in own incorporated & not incorporated business
CP4: Work-At-Home Share of Total Workers | DC4: Telecommute Worker Share of Total Workers | DP4: Home-Based-Job Worker Share of Total Workers | DW4: Telecommute Job Workers | EC4: Workers | EJ4: Home-Based Job Workers | EP4: Workers | EW4: 100 | EX4: Total Workers | FD4: Workers | FJ4: 700 | FK4: Worked at home | FQ4: Workers | FW4: 712 | FX4: Self-employed in own incorporated business workers | GD4: Workers | GJ4: 760 | GK4: Self-employed in own not incorporated business workers | GQ4: Workers
AX5: 101 | AY5: Wasatch Front | DW5: (Non-Self-Employed Workers Who Work At Home) | EJ5: (Self-Employed Workers Who Work At Home)
AZ6: 2010 | BA6: 2011 | BB6: 2012 | BC6: 2013 | BD6: 2014 | BE6: 2015 | BF6: 2016 | BG6: 2017 | BH6: 2018 | BI6: 2019 | CK6: 2010 | CL6: 2011 | CM6: 2012 | CN6: 2013 | CO6: 2014 | CP6: 2015 | CQ6: 2016 | CR6: 2017 | CS6: 2018 | CT6: 2019 | CX6: 2010 | CY6: 2011 | CZ6: 2012 | DA6: 2013 | DB6: 2014 | DC6: 2015 | DD6: 2016 | DE6: 2017 | DF6: 2018 | DG6: 2019 | DK6: 2010 | DL6: 2011 | DM6: 2012 | DN6: 2013 | DO6: 2014 | DP6: 2015 | DQ6: 2016 | DR6: 2017 | DS6: 2018 | DT6: 2019 | DX6: 2010 | DY6: 2011 | DZ6: 2012 | EA6: 2013 | EB6: 2014 | EC6: 2015 | ED6: 2016 | EE6: 2017 | EF6: 2018 | EG6: 2019 | EK6: 2010 | EL6: 2011 | EM6: 2012 | EN6: 2013 | EO6: 2014 | EP6: 2015 | EQ6: 2016 | ER6: 2017 | ES6: 2018 | ET6: 2019 | EY6: 2010 | EZ6: 2011 | FA6: 2012 | FB6: 2013 | FC6: 2014 | FD6: 2015 | FE6: 2016 | FF6: 2017 | FG6: 2018 | FH6: 2019 | FL6: 2010 | FM6: 2011 | FN6: 2012 | FO6: 2013 | FP6: 2014 | FQ6: 2015 | FR6: 2016 | FS6: 2017 | FT6: 2018 | FU6: 2019 | FY6: 2010 | FZ6: 2011 | GA6: 2012 | GB6: 2013 | GC6: 2014 | GD6: 2015 | GE6: 2016 | GF6: 2017 | GG6: 2018 | GH6: 2019 | GL6: 2010 | GM6: 2011 | GN6: 2012 | GO6: 2013 | GP6: 2014 | GQ6: 2015 | GR6: 2016 | GS6: 2017 | GT6: 2018 | GU6: 2019
AY7: Home-Based-Job | AZ7: =INDEX($DK$7:$DT$13, MATCH(AY5, $DJ$7:$DJ$13,0), MATCH(AZ$6, $DK$6:$DT$6, 0)) -> 0.024156393 | BA7: =INDEX($DK$7:$DT$13, MATCH(AY5, $DJ$7:$DJ$13,0), MATCH(BA$6, $DK$6:$DT$6, 0)) -> 0.023616541 | BB7: =INDEX($DK$7:$DT$13, MATCH(AY5, $DJ$7:$DJ$13,0), MATCH(BB$6, $DK$6:$DT$6, 0)) -> 0.022667213 | BC7: =INDEX($DK$7:$DT$13, MATCH(AY5, $DJ$7:$DJ$13,0), MATCH(BC$6, $DK$6:$DT$6, 0)) -> 0.022171769 | BD7: =INDEX($DK$7:$DT$13, MATCH(AY5, $DJ$7:$DJ$13,0), MATCH(BD$6, $DK$6:$DT$6, 0)) -> 0.022228968 | BE7: =INDEX($DK$7:$DT$13, MATCH(AY5, $DJ$7:$DJ$13,0), MATCH(BE$6, $DK$6:$DT$6, 0)) -> 0.022692701 | BF7: =INDEX($DK$7:$DT$13, MATCH(AY5, $DJ$7:$DJ$13,0), MATCH(BF$6, $DK$6:$DT$6, 0)) -> 0.023436385 | BG7: =INDEX($DK$7:$DT$13, MATCH(AY5, $DJ$7:$DJ$13,0), MATCH(BG$6, $DK$6:$DT$6, 0)) -> 0.025113206 | BH7: =INDEX($DK$7:$DT$13, MATCH(AY5, $DJ$7:$DJ$13,0), MATCH(BH$6, $DK$6:$DT$6, 0)) -> 0.026391708 | BI7: =INDEX($DK$7:$DT$13, MATCH(AY5, $DJ$7:$DJ$13,0), MATCH(BI$6, $DK$6:$DT$6, 0)) -> 0.026666597 | BJ7: =BI7/BI9 -> 0.42219795 | CI7: 101 | CJ7: Wasatch Front | CK7: =CX7 + DK7 -> 0.046040703 | CL7: =CY7 + DL7 -> 0.046933978 | CM7: =CZ7 + DM7 -> 0.045984966 | CN7: =DA7 + DN7 -> 0.047455799 | CO7: =DB7 + DO7 -> 0.048848668 | CP7: =DC7 + DP7 -> 0.051658859 | CQ7: =DD7 + DQ7 -> 0.053139977 | CR7: =DE7 + DR7 -> 0.057194228 | ... CT7: =DG7 + DT7 -> 0.06316136 | CV7: =$CI7 -> 101 | CW7: =$CJ7 -> Wasatch Front | CX7: =IFERROR(DX7/EY7, 0) -> 0.02188431 | CY7: =IFERROR(DY7/EZ7, 0) -> 0.023317437 | CZ7: =IFERROR(DZ7/FA7, 0) -> 0.023317753 | DA7: =IFERROR(EA7/FB7, 0) -> 0.02528403 | DB7: =IFERROR(EB7/FC7, 0) -> 0.0266197 | DC7: =IFERROR(EC7/FD7, 0) -> 0.028966157 | DD7: =IFERROR(ED7/FE7, 0) -> 0.029703592 | DE7: =IFERROR(EE7/FF7, 0) -> 0.032081021 | ... DG7: =IFERROR(EG7/FH7, 0) -> 0.036494763 | DI7: =$CI7 -> 101 | DJ7: =$CJ7 -> Wasatch Front | DK7: =IFERROR(EK7/EY7, 0) -> 0.024156393 | DL7: =IFERROR(EL7/EZ7, 0) -> 0.023616541 | DM7: =IFERROR(EM7/FA7, 0) -> 0.022667213 | DN7: =IFERROR(EN7/FB7, 0) -> 0.022171769 | DO7: =IFERROR(EO7/FC7, 0) -> 0.022228968 | DP7: =IFERROR(EP7/FD7, 0) -> 0.022692701 | DQ7: =IFERROR(EQ7/FE7, 0) -> 0.023436385 | DR7: =IFERROR(ER7/FF7, 0) -> 0.025113206 | ... DT7: =IFERROR(ET7/FH7, 0) -> 0.026666597 | DV7: =$CI7 -> 101 | DW7: =$CJ7 -> Wasatch Front | DX7: =SUM(DX8:DX11) -> 20458 | DY7: =SUM(DY8:DY11) -> 22140 | DZ7: =SUM(DZ8:DZ11) -> 22474 | EA7: =SUM(EA8:EA11) -> 24567 | EB7: =SUM(EB8:EB11) -> 26397 | EC7: =SUM(EC8:EC11) -> 29592 | ED7: =SUM(ED8:ED11) -> 31224 | EE7: =SUM(EE8:EE11) -> 34651 | ... EG7: =SUM(EG8:EG11) -> 41793 | EI7: =$CI7 -> 101 | EJ7: =$CJ7 -> Wasatch Front | EK7: =SUM(EK8:EK11) -> 22582 | EL7: =SUM(EL8:EL11) -> 22424 | EM7: =SUM(EM8:EM11) -> 21847 | EN7: =SUM(EN8:EN11) -> 21543 | EO7: =SUM(EO8:EO11) -> 22043 | EP7: =SUM(EP8:EP11) -> 23183 | EQ7: =SUM(EQ8:EQ11) -> 24636 | ER7: =SUM(ER8:ER11) -> 27125 | ... ET7: =SUM(ET8:ET11) -> 30538 | EW7: 101 | EX7: Wasatch Front | EY7: 934825 | EZ7: 949504 | FA7: 963815 | FB7: 971641 | FC7: 991634 | FD7: 1021606 | FE7: 1051186 | FF7: 1080109 | FG7: 1110955 | FH7: 1145178 | FJ7: 101 | FK7: Wasatch Front | FL7: 43040 | FM7: 44564 | FN7: 44321 | FO7: 46110 | FP7: 48440 | FQ7: 52775 | FR7: 55860 | FS7: 61776 | FT7: 67021 | FU7: 72331 | FW7: 101 | FX7: Wasatch Front | FY7: 6818 | FZ7: 6858 | GA7: 6765 | GB7: 6729 | GC7: 7273 | GD7: 8231 | GE7: 8891 | GF7: 10376 | GG7: 11410 | GH7: 11780 | GJ7: 101 | GK7: Wasatch Front | GL7: 15764 | GM7: 15566 | GN7: 15082 | GO7: 14814 | GP7: 14770 | GQ7: 14952 | GR7: 15745 | GS7: 16749 | GT7: 17910 | GU7: 18758
AY8: Telecommute | AZ8: =INDEX($CX$7:$DG$13, MATCH(AY5, $CW$7:$CW$13,0), MATCH(AZ$6, $CX$6:$DG$6, 0)) -> 0.02188431 | BA8: =INDEX($CX$7:$DG$13, MATCH(AY5, $CW$7:$CW$13,0), MATCH(BA$6, $CX$6:$DG$6, 0)) -> 0.023317437 | BB8: =INDEX($CX$7:$DG$13, MATCH(AY5, $CW$7:$CW$13,0), MATCH(BB$6, $CX$6:$DG$6, 0)) -> 0.023317753 | BC8: =INDEX($CX$7:$DG$13, MATCH(AY5, $CW$7:$CW$13,0), MATCH(BC$6, $CX$6:$DG$6, 0)) -> 0.02528403 | BD8: =INDEX($CX$7:$DG$13, MATCH(AY5, $CW$7:$CW$13,0), MATCH(BD$6, $CX$6:$DG$6, 0)) -> 0.0266197 | BE8: =INDEX($CX$7:$DG$13, MATCH(AY5, $CW$7:$CW$13,0), MATCH(BE$6, $CX$6:$DG$6, 0)) -> 0.028966157 | BF8: =INDEX($CX$7:$DG$13, MATCH(AY5, $CW$7:$CW$13,0), MATCH(BF$6, $CX$6:$DG$6, 0)) -> 0.029703592 | BG8: =INDEX($CX$7:$DG$13, MATCH(AY5, $CW$7:$CW$13,0), MATCH(BG$6, $CX$6:$DG$6, 0)) -> 0.032081021 | BH8: =INDEX($CX$7:$DG$13, MATCH(AY5, $CW$7:$CW$13,0), MATCH(BH$6, $CX$6:$DG$6, 0)) -> 0.033935668 | BI8: =INDEX($CX$7:$DG$13, MATCH(AY5, $CW$7:$CW$13,0), MATCH(BI$6, $CX$6:$DG$6, 0)) -> 0.036494763 | BJ8: =BI8/BI9 -> 0.57780205 | CI8: 57 | CJ8: Weber | CK8: =CX8 + DK8 -> 0.031489478 | CL8: =CY8 + DL8 -> 0.03423657 | CM8: =CZ8 + DM8 -> 0.032300393 | CN8: =DA8 + DN8 -> 0.033006032 | CO8: =DB8 + DO8 -> 0.035722947 | CP8: =DC8 + DP8 -> 0.041130466 | CQ8: =DD8 + DQ8 -> 0.041244982 | CR8: =DE8 + DR8 -> 0.046252189 | ... CT8: =DG8 + DT8 -> 0.054330715 | CV8: =$CI8 -> 57 | CW8: =$CJ8 -> Weber | CX8: =IFERROR(DX8/EY8, 0) -> 0.014684716 | CY8: =IFERROR(DY8/EZ8, 0) -> 0.016552351 | CZ8: =IFERROR(DZ8/FA8, 0) -> 0.016069374 | DA8: =IFERROR(EA8/FB8, 0) -> 0.017601949 | DB8: =IFERROR(EB8/FC8, 0) -> 0.018449083 | DC8: =IFERROR(EC8/FD8, 0) -> 0.022089778 | DD8: =IFERROR(ED8/FE8, 0) -> 0.022162555 | DE8: =IFERROR(EE8/FF8, 0) -> 0.024474606 | ... DG8: =IFERROR(EG8/FH8, 0) -> 0.031508848 | DI8: =$CI8 -> 57 | DJ8: =$CJ8 -> Weber | DK8: =IFERROR(EK8/EY8, 0) -> 0.016804761 | DL8: =IFERROR(EL8/EZ8, 0) -> 0.017684219 | DM8: =IFERROR(EM8/FA8, 0) -> 0.016231019 | DN8: =IFERROR(EN8/FB8, 0) -> 0.015404084 | DO8: =IFERROR(EO8/FC8, 0) -> 0.017273863 | DP8: =IFERROR(EP8/FD8, 0) -> 0.019040688 | DQ8: =IFERROR(EQ8/FE8, 0) -> 0.019082427 | DR8: =IFERROR(ER8/FF8, 0) -> 0.021777583 | ... DT8: =IFERROR(ET8/FH8, 0) -> 0.022821867 | DV8: =$CI8 -> 57 | DW8: =$CJ8 -> Weber | DX8: =DX45 -> 1510 | DY8: =DY45 -> 1711 | DZ8: =DZ45 -> 1690 | EA8: =EA45 -> 1850 | EB8: =EB45 -> 1978 | EC8: =EC45 -> 2398 | ED8: =ED45 -> 2468 | EE8: =EE45 -> 2795 | ... EG8: =EG45 -> 3823 | EI8: =$CI8 -> 57 | EJ8: =$CJ8 -> Weber | EK8: =EK45 -> 1728 | EL8: =EL45 -> 1828 | EM8: =EM45 -> 1707 | EN8: =EN45 -> 1619 | EO8: =EO45 -> 1852 | EP8: =EP45 -> 2067 | EQ8: =EQ45 -> 2125 | ER8: =ER45 -> 2487 | ... ET8: =ET45 -> 2769 | EW8: 57 | EX8: Weber | EY8: 102828 | EZ8: 103369 | FA8: 105169 | FB8: 105102 | FC8: 107214 | FD8: 108557 | FE8: 111359 | FF8: 114200 | FG8: 117743 | FH8: 121331 | FJ8: 57 | FK8: Weber | FL8: 3238 | FM8: 3539 | FN8: 3397 | FO8: 3469 | FP8: 3830 | FQ8: 4465 | FR8: 4593 | FS8: 5282 | FT8: 5765 | FU8: 6592 | FW8: 57 | FX8: Weber | FY8: 537 | FZ8: 582 | GA8: 573 | GB8: 534 | GC8: 666 | GD8: 846 | GE8: 923 | GF8: 1103 | GG8: 1229 | GH8: 1324 | GJ8: 57 | GK8: Weber | GL8: 1191 | GM8: 1246 | GN8: 1134 | GO8: 1085 | GP8: 1186 | GQ8: 1221 | GR8: 1202 | GS8: 1384 | GT8: 1338 | GU8: 1445
AY9: Total Work At Home | AZ9: =SUM(AZ7:AZ8) -> 0.046040703 | BA9: =SUM(BA7:BA8) -> 0.046933978 | BB9: =SUM(BB7:BB8) -> 0.045984966 | BC9: =SUM(BC7:BC8) -> 0.047455799 | BD9: =SUM(BD7:BD8) -> 0.048848668 | BE9: =SUM(BE7:BE8) -> 0.051658859 | BF9: =SUM(BF7:BF8) -> 0.053139977 | BG9: =SUM(BG7:BG8) -> 0.057194228 | ... BI9: =SUM(BI7:BI8) -> 0.06316136 | CI9: 11 | CJ9: Davis | CK9: =CX9 + DK9 -> 0.044575681 | CL9: =CY9 + DL9 -> 0.047153855 | CM9: =CZ9 + DM9 -> 0.045106261 | CN9: =DA9 + DN9 -> 0.047290962 | CO9: =DB9 + DO9 -> 0.049455062 | CP9: =DC9 + DP9 -> 0.052148088 | CQ9: =DD9 + DQ9 -> 0.05199921 | CR9: =DE9 + DR9 -> 0.055483498 | ... CT9: =DG9 + DT9 -> 0.058858596 | CV9: =$CI9 -> 11 | CW9: =$CJ9 -> Davis | CX9: =IFERROR(DX9/EY9, 0) -> 0.020632471 | CY9: =IFERROR(DY9/EZ9, 0) -> 0.025479704 | CZ9: =IFERROR(DZ9/FA9, 0) -> 0.023610364 | DA9: =IFERROR(EA9/FB9, 0) -> 0.025847373 | DB9: =IFERROR(EB9/FC9, 0) -> 0.028318695 | DC9: =IFERROR(EC9/FD9, 0) -> 0.031001316 | DD9: =IFERROR(ED9/FE9, 0) -> 0.03059087 | DE9: =IFERROR(EE9/FF9, 0) -> 0.034743804 | ... DG9: =IFERROR(EG9/FH9, 0) -> 0.036449019 | DI9: =$CI9 -> 11 | DJ9: =$CJ9 -> Davis | DK9: =IFERROR(EK9/EY9, 0) -> 0.02394321 | DL9: =IFERROR(EL9/EZ9, 0) -> 0.021674151 | DM9: =IFERROR(EM9/FA9, 0) -> 0.021495896 | DN9: =IFERROR(EN9/FB9, 0) -> 0.021443589 | DO9: =IFERROR(EO9/FC9, 0) -> 0.021136367 | DP9: =IFERROR(EP9/FD9, 0) -> 0.021146772 | DQ9: =IFERROR(EQ9/FE9, 0) -> 0.021408339 | DR9: =IFERROR(ER9/FF9, 0) -> 0.020739694 | ... DT9: =IFERROR(ET9/FH9, 0) -> 0.022409577 | DV9: =$CI9 -> 11 | DW9: =$CJ9 -> Davis | DX9: =DX22 -> 2767 | DY9: =DY22 -> 3495 | DZ9: =DZ22 -> 3294 | EA9: =EA22 -> 3639 | EB9: =EB22 -> 4069 | EC9: =EC22 -> 4593 | ED9: =ED22 -> 4644 | EE9: =EE22 -> 5411 | ... EG9: =EG22 -> 5992 | EI9: =$CI9 -> 11 | EJ9: =$CJ9 -> Davis | EK9: =EK22 -> 3211 | EL9: =EL22 -> 2973 | EM9: =EM22 -> 2999 | EN9: =EN22 -> 3019 | EO9: =EO22 -> 3037 | EP9: =EP22 -> 3133 | EQ9: =EQ22 -> 3250 | ER9: =ER22 -> 3230 | ... ET9: =ET22 -> 3684 | EW9: 11 | EX9: Davis | EY9: 134109 | EZ9: 137168 | FA9: 139515 | FB9: 140788 | FC9: 143686 | FD9: 148155 | FE9: 151810 | FF9: 155740 | FG9: 158992 | FH9: 164394 | FJ9: 11 | FK9: Davis | FL9: 5978 | FM9: 6468 | FN9: 6293 | FO9: 6658 | FP9: 7106 | FQ9: 7726 | FR9: 7894 | FS9: 8641 | FT9: 9265 | FU9: 9676 | FW9: 11 | FX9: Davis | FY9: 879 | FZ9: 805 | GA9: 781 | GB9: 798 | GC9: 832 | GD9: 957 | GE9: 1053 | GF9: 1218 | GG9: 1423 | GH9: 1626 | GJ9: 11 | GK9: Davis | GL9: 2332 | GM9: 2168 | GN9: 2218 | GO9: 2221 | GP9: 2205 | GQ9: 2176 | GR9: 2197 | GS9: 2012 | GT9: 2201 | GU9: 2058
CI10: 35 | CJ10: Salt Lake | CK10: =CX10 + DK10 -> 0.042931884 | CL10: =CY10 + DL10 -> 0.043507812 | CM10: =CZ10 + DM10 -> 0.043455383 | CN10: =DA10 + DN10 -> 0.04479927 | CO10: =DB10 + DO10 -> 0.046272278 | CP10: =DC10 + DP10 -> 0.049433922 | CQ10: =DD10 + DQ10 -> 0.051318901 | CR10: =DE10 + DR10 -> 0.055654606 | ... CT10: =DG10 + DT10 -> 0.06205852 | CV10: =$CI10 -> 35 | CW10: =$CJ10 -> Salt Lake | CX10: =IFERROR(DX10/EY10, 0) -> 0.020160525 | CY10: =IFERROR(DY10/EZ10, 0) -> 0.020714153 | CZ10: =IFERROR(DZ10/FA10, 0) -> 0.021753701 | DA10: =IFERROR(EA10/FB10, 0) -> 0.023663123 | DB10: =IFERROR(EB10/FC10, 0) -> 0.024920935 | DC10: =IFERROR(EC10/FD10, 0) -> 0.027333628 | DD10: =IFERROR(ED10/FE10, 0) -> 0.028398168 | DE10: =IFERROR(EE10/FF10, 0) -> 0.030665065 | ... DG10: =IFERROR(EG10/FH10, 0) -> 0.034882724 | DI10: =$CI10 -> 35 | DJ10: =$CJ10 -> Salt Lake | DK10: =IFERROR(EK10/EY10, 0) -> 0.022771358 | DL10: =IFERROR(EL10/EZ10, 0) -> 0.02279366 | DM10: =IFERROR(EM10/FA10, 0) -> 0.021701682 | DN10: =IFERROR(EN10/FB10, 0) -> 0.021136147 | DO10: =IFERROR(EO10/FC10, 0) -> 0.021351343 | DP10: =IFERROR(EP10/FD10, 0) -> 0.022100294 | DQ10: =IFERROR(EQ10/FE10, 0) -> 0.022920733 | DR10: =IFERROR(ER10/FF10, 0) -> 0.024989541 | ... DT10: =IFERROR(ET10/FH10, 0) -> 0.027175796 | DV10: =$CI10 -> 35 | DW10: =$CJ10 -> Salt Lake | DX10: =DX34 -> 9884 | DY10: =DY34 -> 10240 | DZ10: =DZ34 -> 10873 | EA10: =EA34 -> 11930 | EB10: =EB34 -> 12797 | EC10: =EC34 -> 14452 | ED10: =ED34 -> 15393 | EE10: =EE34 -> 17079 | ... EG10: =EG34 -> 20336 | EI10: =$CI10 -> 35 | EJ10: =$CJ10 -> Salt Lake | EK10: =EK34 -> 11164 | EL10: =EL34 -> 11268 | EM10: =EM34 -> 10847 | EN10: =EN34 -> 10656 | EO10: =EO34 -> 10964 | EP10: =EP34 -> 11685 | EQ10: =EQ34 -> 12424 | ER10: =ER34 -> 13918 | ... ET10: =ET34 -> 15843 | EW10: 35 | EX10: Salt Lake | EY10: 490265 | EZ10: 494348 | FA10: 499823 | FB10: 504160 | FC10: 513504 | FD10: 528726 | FE10: 542042 | FF10: 556953 | FG10: 569309 | FH10: 582982 | FJ10: 35 | FK10: Salt Lake | FL10: 21048 | FM10: 21508 | FN10: 21720 | FO10: 22586 | FP10: 23761 | FQ10: 26137 | FR10: 27817 | FS10: 30997 | FT10: 33696 | FU10: 36179 | FW10: 35 | FX10: Salt Lake | FY10: 3397 | FZ10: 3406 | GA10: 3293 | GB10: 3194 | GC10: 3560 | GD10: 4111 | GE10: 4474 | GF10: 5127 | GG10: 5687 | GH10: 5565 | GJ10: 35 | GK10: Salt Lake | GL10: 7767 | GM10: 7862 | GN10: 7554 | GO10: 7462 | GP10: 7404 | GQ10: 7574 | GR10: 7950 | GS10: 8791 | GT10: 9548 | GU10: 10278
AX11: 57 | AY11: Weber | CI11: 49 | CJ11: Utah | CK11: =CX11 + DK11 -> 0.061534608 | CL11: =CY11 + DL11 -> 0.060800768 | CM11: =CZ11 + DM11 -> 0.058871541 | CN11: =DA11 + DN11 -> 0.060458232 | CO11: =DB11 + DO11 -> 0.06048057 | CP11: =DC11 + DP11 -> 0.061172555 | CQ11: =DD11 + DQ11 -> 0.063242199 | CR11: =DE11 + DR11 -> 0.066567673 | ... CT11: =DG11 + DT11 -> 0.071920744 | CV11: =$CI11 -> 49 | CW11: =$CJ11 -> Utah | CX11: =IFERROR(DX11/EY11, 0) -> 0.03032901 | CY11: =IFERROR(DY11/EZ11, 0) -> 0.031190156 | CZ11: =IFERROR(DZ11/FA11, 0) -> 0.030172178 | DA11: =IFERROR(EA11/FB11, 0) -> 0.032257628 | DB11: =IFERROR(EB11/FC11, 0) -> 0.033239449 | DC11: =IFERROR(EC11/FD11, 0) -> 0.034505098 | DD11: =IFERROR(ED11/FE11, 0) -> 0.035446692 | DE11: =IFERROR(EE11/FF11, 0) -> 0.036988184 | ... DG11: =IFERROR(EG11/FH11, 0) -> 0.042109299 | DI11: =$CI11 -> 49 | DJ11: =$CJ11 -> Utah | DK11: =IFERROR(EK11/EY11, 0) -> 0.031205599 | DL11: =IFERROR(EL11/EZ11, 0) -> 0.029610612 | DM11: =IFERROR(EM11/FA11, 0) -> 0.028699363 | DN11: =IFERROR(EN11/FB11, 0) -> 0.028200604 | DO11: =IFERROR(EO11/FC11, 0) -> 0.027241121 | DP11: =IFERROR(EP11/FD11, 0) -> 0.026667457 | DQ11: =IFERROR(EQ11/FE11, 0) -> 0.027795508 | DR11: =IFERROR(ER11/FF11, 0) -> 0.029579489 | ... DT11: =IFERROR(ET11/FH11, 0) -> 0.029811445 | DV11: =$CI11 -> 49 | DW11: =$CJ11 -> Utah | DX11: =DX41 -> 6297 | DY11: =DY41 -> 6694 | DZ11: =DZ41 -> 6617 | EA11: =EA41 -> 7148 | EB11: =EB41 -> 7553 | EC11: =EC41 -> 8149 | ED11: =ED41 -> 8719 | EE11: =EE41 -> 9366 | ... EG11: =EG41 -> 11642 | EI11: =$CI11 -> 49 | EJ11: =$CJ11 -> Utah | EK11: =EK41 -> 6479 | EL11: =EL41 -> 6355 | EM11: =EM41 -> 6294 | EN11: =EN41 -> 6249 | EO11: =EO41 -> 6190 | EP11: =EP41 -> 6298 | EQ11: =EQ41 -> 6837 | ER11: =ER41 -> 7490 | ... ET11: =ET41 -> 8242 | EW11: 49 | EX11: Utah | EY11: 207623 | EZ11: 214619 | FA11: 219308 | FB11: 221591 | FC11: 227230 | FD11: 236168 | FE11: 245975 | FF11: 253216 | FG11: 264911 | FH11: 276471 | FJ11: 49 | FK11: Utah | FL11: 12776 | FM11: 13049 | FN11: 12911 | FO11: 13397 | FP11: 13743 | FQ11: 14447 | FR11: 15556 | FS11: 16856 | FT11: 18295 | FU11: 19884 | FW11: 49 | FX11: Utah | FY11: 2005 | FZ11: 2065 | GA11: 2118 | GB11: 2203 | GC11: 2215 | GD11: 2317 | GE11: 2441 | GF11: 2928 | GG11: 3071 | GH11: 3265 | GJ11: 49 | GK11: Utah | GL11: 4474 | GM11: 4290 | GN11: 4176 | GO11: 4046 | GP11: 3975 | GQ11: 3981 | GR11: 4396 | GS11: 4562 | GT11: 4823 | GU11: 4977
AZ12: 2010 | BA12: 2011 | BB12: 2012 | BC12: 2013 | BD12: 2014 | BE12: 2015 | BF12: 2016 | BG12: 2017 | BH12: 2018 | BI12: 2019 | CI12: 1049 | CJ12: State of Utah | CK12: =CX12 + DK12 -> 0.048247967 | CL12: =CY12 + DL12 -> 0.048146251 | CM12: =CZ12 + DM12 -> 0.047170408 | CN12: =DA12 + DN12 -> 0.048242532 | CO12: =DB12 + DO12 -> 0.048818053 | CP12: =DC12 + DP12 -> 0.051301419 | CQ12: =DD12 + DQ12 -> 0.053654326 | CR12: =DE12 + DR12 -> 0.057712073 | ... CT12: =DG12 + DT12 -> 0.065641119 | CV12: =$CI12 -> 1049 | CW12: =$CJ12 -> State of Utah | CX12: =IFERROR(DX12/EY12, 0) -> 0.022286052 | CY12: =IFERROR(DY12/EZ12, 0) -> 0.023168413 | CZ12: =IFERROR(DZ12/FA12, 0) -> 0.02324078 | DA12: =IFERROR(EA12/FB12, 0) -> 0.024825238 | DB12: =IFERROR(EB12/FC12, 0) -> 0.025823246 | DC12: =IFERROR(EC12/FD12, 0) -> 0.02787694 | DD12: =IFERROR(ED12/FE12, 0) -> 0.0291896 | DE12: =IFERROR(EE12/FF12, 0) -> 0.031481466 | ... DG12: =IFERROR(EG12/FH12, 0) -> 0.036790903 | DI12: =$CI12 -> 1049 | DJ12: =$CJ12 -> State of Utah | DK12: =IFERROR(EK12/EY12, 0) -> 0.025961915 | DL12: =IFERROR(EL12/EZ12, 0) -> 0.024977838 | DM12: =IFERROR(EM12/FA12, 0) -> 0.023929627 | DN12: =IFERROR(EN12/FB12, 0) -> 0.023417294 | DO12: =IFERROR(EO12/FC12, 0) -> 0.022994807 | DP12: =IFERROR(EP12/FD12, 0) -> 0.023424479 | DQ12: =IFERROR(EQ12/FE12, 0) -> 0.024464726 | DR12: =IFERROR(ER12/FF12, 0) -> 0.026230607 | ... DT12: =IFERROR(ET12/FH12, 0) -> 0.028850216 | DV12: =$CI12 -> 1049 | DW12: =$CJ12 -> State of Utah | DX12: =DX46 -> 27125 | DY12: =DY46 -> 28592 | DZ12: =DZ46 -> 29049 | EA12: =EA46 -> 31262 | EB12: =EB46 -> 33114 | EC12: =EC46 -> 36796 | ED12: =ED46 -> 39563 | EE12: =EE46 -> 43863 | ... EG12: =EG46 -> 54431 | EI12: =$CI12 -> 1049 | EJ12: =$CJ12 -> State of Utah | EK12: =EK46 -> 31599 | EL12: =EL46 -> 30825 | EM12: =EM46 -> 29910 | EN12: =EN46 -> 29489 | EO12: =EO46 -> 29487 | EP12: =EP46 -> 30919 | EQ12: =EQ46 -> 33159 | ER12: =ER46 -> 36547 | ... ET12: =ET46 -> 42683 | EW12: 1049 | EX12: State of Utah | EY12: 1217129 | EZ12: 1234094 | FA12: 1249915 | FB12: 1259283 | FC12: 1282333 | FD12: 1319944 | FE12: 1355380 | FF12: 1393296 | FG12: 1433444 | FH12: 1479469 | FJ12: 1049 | FK12: State of Utah | FL12: 58724 | FM12: 59417 | FN12: 58959 | FO12: 60751 | FP12: 62601 | FQ12: 67715 | FR12: 72722 | FS12: 80410 | FT12: 88266 | FU12: 97114 | FW12: 1049 | FX12: State of Utah | FY12: 9643 | FZ12: 9471 | GA12: 9504 | GB12: 9680 | GC12: 10254 | GD12: 11439 | GE12: 12195 | GF12: 13968 | GG12: 16082 | GH12: 16994 | GJ12: 1049 | GK12: State of Utah | GL12: 21956 | GM12: 21354 | GN12: 20406 | GO12: 19809 | GP12: 19233 | GQ12: 19480 | GR12: 20964 | GS12: 22579 | GT12: 23992 | GU12: 25689
AY13: Home-Based-Job | AZ13: =INDEX($DK$7:$DT$13, MATCH(AY11, $DJ$7:$DJ$13,0), MATCH(AZ$6, $DK$6:$DT$6, 0)) -> 0.016804761 | BA13: =INDEX($DK$7:$DT$13, MATCH(AY11, $DJ$7:$DJ$13,0), MATCH(BA$6, $DK$6:$DT$6, 0)) -> 0.017684219 | BB13: =INDEX($DK$7:$DT$13, MATCH(AY11, $DJ$7:$DJ$13,0), MATCH(BB$6, $DK$6:$DT$6, 0)) -> 0.016231019 | BC13: =INDEX($DK$7:$DT$13, MATCH(AY11, $DJ$7:$DJ$13,0), MATCH(BC$6, $DK$6:$DT$6, 0)) -> 0.015404084 | BD13: =INDEX($DK$7:$DT$13, MATCH(AY11, $DJ$7:$DJ$13,0), MATCH(BD$6, $DK$6:$DT$6, 0)) -> 0.017273863 | BE13: =INDEX($DK$7:$DT$13, MATCH(AY11, $DJ$7:$DJ$13,0), MATCH(BE$6, $DK$6:$DT$6, 0)) -> 0.019040688 | BF13: =INDEX($DK$7:$DT$13, MATCH(AY11, $DJ$7:$DJ$13,0), MATCH(BF$6, $DK$6:$DT$6, 0)) -> 0.019082427 | BG13: =INDEX($DK$7:$DT$13, MATCH(AY11, $DJ$7:$DJ$13,0), MATCH(BG$6, $DK$6:$DT$6, 0)) -> 0.021777583 | BH13: =INDEX($DK$7:$DT$13, MATCH(AY11, $DJ$7:$DJ$13,0), MATCH(BH$6, $DK$6:$DT$6, 0)) -> 0.021801721 | BI13: =INDEX($DK$7:$DT$13, MATCH(AY11, $DJ$7:$DJ$13,0), MATCH(BI$6, $DK$6:$DT$6, 0)) -> 0.022821867 | BJ13: =BI13/BI15 -> 0.42005461 | CI13: 1000 | CJ13: United States | CK13: =CX13 + DK13 -> 0.041360975 | CL13: =CY13 + DL13 -> 0.042224129 | CM13: =CZ13 + DM13 -> 0.042729813 | CN13: =DA13 + DN13 -> 0.043254384 | CO13: =DB13 + DO13 -> 0.043665739 | CP13: =DC13 + DP13 -> 0.044232594 | CQ13: =DD13 + DQ13 -> 0.045672811 | CR13: =DE13 + DR13 -> 0.047344292 | ... CT13: =DG13 + DT13 -> 0.051713986 | CV13: =$CI13 -> 1000 | CW13: =$CJ13 -> United States | CX13: =IFERROR(DX13/EY13, 0) -> 0.020312996 | CY13: =IFERROR(DY13/EZ13, 0) -> 0.021408025 | CZ13: =IFERROR(DZ13/FA13, 0) -> 0.022257295 | DA13: =IFERROR(EA13/FB13, 0) -> 0.023061732 | DB13: =IFERROR(EB13/FC13, 0) -> 0.023882179 | DC13: =IFERROR(EC13/FD13, 0) -> 0.024745544 | DD13: =IFERROR(ED13/FE13, 0) -> 0.025975568 | DE13: =IFERROR(EE13/FF13, 0) -> 0.027440342 | ... DG13: =IFERROR(EG13/FH13, 0) -> 0.031329077 | DI13: =$CI13 -> 1000 | DJ13: =$CJ13 -> United States | DK13: =IFERROR(EK13/EY13, 0) -> 0.021047979 | DL13: =IFERROR(EL13/EZ13, 0) -> 0.020816104 | DM13: =IFERROR(EM13/FA13, 0) -> 0.020472518 | DN13: =IFERROR(EN13/FB13, 0) -> 0.020192652 | DO13: =IFERROR(EO13/FC13, 0) -> 0.01978356 | DP13: =IFERROR(EP13/FD13, 0) -> 0.01948705 | DQ13: =IFERROR(EQ13/FE13, 0) -> 0.019697244 | DR13: =IFERROR(ER13/FF13, 0) -> 0.01990395 | ... DT13: =IFERROR(ET13/FH13, 0) -> 0.020384909 | DV13: =$CI13 -> 1000 | DW13: =$CJ13 -> United States | DX13: =DX47 -> 2828687 | DY13: =DY47 -> 2986167 | DZ13: =DZ47 -> 3113654 | EA13: =EA47 -> 3223722 | EB13: =EB47 -> 3375439 | EC13: =EC47 -> 3553984 | ED13: =ED47 -> 3788828 | EE13: =EE47 -> 4073026 | ... EG13: =EG47 -> 4785071 | EI13: =$CI13 -> 1000 | EJ13: =$CJ13 -> United States | EK13: =EK47 -> 2931037 | EL13: =EL47 -> 2903601 | EM13: =EM47 -> 2863975 | EN13: =EN47 -> 2822663 | EO13: =EO47 -> 2796152 | EP13: =EP47 -> 2798753 | EQ13: =EQ47 -> 2873064 | ER13: =ER47 -> 2954384 | ... ET13: =ET47 -> 3113505 | EW13: 1000 | EX13: United States | EY13: 139255035 | EZ13: 139488206 | FA13: 139893639 | FB13: 139786639 | FC13: 141337148 | FD13: 143621171 | FE13: 145861221 | FF13: 148432042 | FG13: 150571044 | FH13: 152735781 | FJ13: 1000 | FK13: United States | FL13: 5759724 | FM13: 5889768 | FN13: 5977629 | FO13: 6046385 | FP13: 6171591 | FQ13: 6352737 | FR13: 6661892 | FS13: 7027410 | FT13: 7422933 | FU13: 7898576 | FW13: 1000 | FX13: United States | FY13: 815897 | FZ13: 825316 | GA13: 834222 | GB13: 831600 | GC13: 835384 | GD13: 848753 | GE13: 895042 | GF13: 939971 | GG13: 986852 | GH13: 1017531 | GJ13: 1000 | GK13: United States | GL13: 2115140 | GM13: 2078285 | GN13: 2029753 | GO13: 1991063 | GP13: 1960768 | GQ13: 1950000 | GR13: 1978022 | GS13: 2014413 | GT13: 2061804 | GU13: 2095974
AY14: Telecommute | AZ14: =INDEX($CX$7:$DG$13, MATCH(AY11, $CW$7:$CW$13,0), MATCH(AZ$6, $CX$6:$DG$6, 0)) -> 0.014684716 | BA14: =INDEX($CX$7:$DG$13, MATCH(AY11, $CW$7:$CW$13,0), MATCH(BA$6, $CX$6:$DG$6, 0)) -> 0.016552351 | BB14: =INDEX($CX$7:$DG$13, MATCH(AY11, $CW$7:$CW$13,0), MATCH(BB$6, $CX$6:$DG$6, 0)) -> 0.016069374 | BC14: =INDEX($CX$7:$DG$13, MATCH(AY11, $CW$7:$CW$13,0), MATCH(BC$6, $CX$6:$DG$6, 0)) -> 0.017601949 | BD14: =INDEX($CX$7:$DG$13, MATCH(AY11, $CW$7:$CW$13,0), MATCH(BD$6, $CX$6:$DG$6, 0)) -> 0.018449083 | BE14: =INDEX($CX$7:$DG$13, MATCH(AY11, $CW$7:$CW$13,0), MATCH(BE$6, $CX$6:$DG$6, 0)) -> 0.022089778 | BF14: =INDEX($CX$7:$DG$13, MATCH(AY11, $CW$7:$CW$13,0), MATCH(BF$6, $CX$6:$DG$6, 0)) -> 0.022162555 | BG14: =INDEX($CX$7:$DG$13, MATCH(AY11, $CW$7:$CW$13,0), MATCH(BG$6, $CX$6:$DG$6, 0)) -> 0.024474606 | BH14: =INDEX($CX$7:$DG$13, MATCH(AY11, $CW$7:$CW$13,0), MATCH(BH$6, $CX$6:$DG$6, 0)) -> 0.02716085 | BI14: =INDEX($CX$7:$DG$13, MATCH(AY11, $CW$7:$CW$13,0), MATCH(BI$6, $CX$6:$DG$6, 0)) -> 0.031508848 | BJ14: =BI14/BI15 -> 0.57994539
AY15: Total Work At Home | AZ15: =SUM(AZ13:AZ14) -> 0.031489478 | BA15: =SUM(BA13:BA14) -> 0.03423657 | BB15: =SUM(BB13:BB14) -> 0.032300393 | BC15: =SUM(BC13:BC14) -> 0.033006032 | BD15: =SUM(BD13:BD14) -> 0.035722947 | BE15: =SUM(BE13:BE14) -> 0.041130466 | BF15: =SUM(BF13:BF14) -> 0.041244982 | BG15: =SUM(BG13:BG14) -> 0.046252189 | ... BI15: =SUM(BI13:BI14) -> 0.054330715 | EW15: 100.1 | EX15: Total Workers | FD15: Workers | FJ15: 700.1 | FK15: Worked at home | FQ15: Workers | FW15: 712.1 | FX15: Self-employed in own incorporated business workers | GD15: Workers | GJ15: 760.1 | GK15: Self-employed in own not incorporated business workers | GQ15: Workers
CJ16: County | CK16: 2010 | CL16: 2011 | CM16: 2012 | CN16: 2013 | CO16: 2014 | CP16: 2015 | CQ16: 2016 | CR16: 2017 | CS16: 2018 | CT16: 2019 | CW16: County | CX16: 2010 | CY16: 2011 | CZ16: 2012 | DA16: 2013 | DB16: 2014 | DC16: 2015 | DD16: 2016 | DE16: 2017 | DF16: 2018 | DG16: 2019 | DJ16: County | DK16: 2010 | DL16: 2011 | DM16: 2012 | DN16: 2013 | DO16: 2014 | DP16: 2015 | DQ16: 2016 | DR16: 2017 | DS16: 2018 | DT16: 2019 | DW16: County | DX16: 2010 | DY16: 2011 | DZ16: 2012 | EA16: 2013 | EB16: 2014 | EC16: 2015 | ED16: 2016 | EE16: 2017 | EF16: 2018 | EG16: 2019 | EJ16: County | EK16: 2010 | EL16: 2011 | EM16: 2012 | EN16: 2013 | EO16: 2014 | EP16: 2015 | EQ16: 2016 | ER16: 2017 | ES16: 2018 | ET16: 2019 | EX16: County | EY16: 2010 | EZ16: 2011 | FA16: 2012 | FB16: 2013 | FC16: 2014 | FD16: 2015 | FE16: 2016 | FF16: 2017 | FG16: 2018 | FH16: 2019 | FK16: County | FL16: 2010 | FM16: 2011 | FN16: 2012 | FO16: 2013 | FP16: 2014 | FQ16: 2015 | FR16: 2016 | FS16: 2017 | FT16: 2018 | FU16: 2019 | FX16: County | FY16: 2010 | FZ16: 2011 | GA16: 2012 | GB16: 2013 | GC16: 2014 | GD16: 2015 | GE16: 2016 | GF16: 2017 | GG16: 2018 | GH16: 2019 | GK16: County | GL16: 2010 | GM16: 2011 | GN16: 2012 | GO16: 2013 | GP16: 2014 | GQ16: 2015 | GR16: 2016 | GS16: 2017 | GT16: 2018 | GU16: 2019
AX17: 11 | AY17: Davis | CI17: 1 | CJ17: Beaver | CK17: =CX17 + DK17 -> 0.069719472 | CL17: =CY17 + DL17 -> 0.053738318 | CM17: =CZ17 + DM17 -> 0.034535687 | CN17: =DA17 + DN17 -> 0.033383346 | CO17: =DB17 + DO17 -> 0.025906736 | CP17: =DC17 + DP17 -> 0.01426087 | CQ17: =DD17 + DQ17 -> 0.020356234 | CR17: =DE17 + DR17 -> 0.034034417 | ... CT17: =DG17 + DT17 -> 0.059796916 | CV17: =$CI17*10 + 0 -> 10 | CW17: =$CJ17 -> Beaver | CX17: =IFERROR(DX17/EY17, 0) -> 0.029290429 | CY17: =IFERROR(DY17/EZ17, 0) -> 0.026869159 | CZ17: =IFERROR(DZ17/FA17, 0) -> 0.013814275 | DA17: =IFERROR(EA17/FB17, 0) -> 0.018379595 | DB17: =IFERROR(EB17/FC17, 0) -> 0.0077720207 | DC17: =IFERROR(EC17/FD17, 0) -> 0.0017391304 | DD17: =IFERROR(ED17/FE17, 0) -> 0.0010905125 | DE17: =IFERROR(EE17/FF17, 0) -> 0.014913958 | ... DG17: =IFERROR(EG17/FH17, 0) -> 0.025197443 | DI17: =$CI17*10 + 0 -> 10 | DJ17: =$CJ17 -> Beaver | DK17: =IFERROR(EK17/EY17, 0) -> 0.040429043 | DL17: =IFERROR(EL17/EZ17, 0) -> 0.026869159 | DM17: =IFERROR(EM17/FA17, 0) -> 0.020721412 | DN17: =IFERROR(EN17/FB17, 0) -> 0.015003751 | DO17: =IFERROR(EO17/FC17, 0) -> 0.018134715 | DP17: =IFERROR(EP17/FD17, 0) -> 0.012521739 | DQ17: =IFERROR(EQ17/FE17, 0) -> 0.019265722 | DR17: =IFERROR(ER17/FF17, 0) -> 0.019120459 | ... DT17: =IFERROR(ET17/FH17, 0) -> 0.034599473 | DV17: =$CI17*10 + 0 -> 10 | DW17: =$CJ17 -> Beaver | DX17: =FL17 - EK17 -> 71 | DY17: =FM17 - EL17 -> 69 | DZ17: =FN17 - EM17 -> 36 | EA17: =FO17 - EN17 -> 49 | EB17: =FP17 - EO17 -> 21 | EC17: =FQ17 - EP17 -> 5 | ED17: =FR17 - EQ17 -> 3 | EE17: =FS17 - ER17 -> 39 | ... EG17: =FU17 - ET17 -> 67 | EI17: =$CI17*10 + 0 -> 10 | EJ17: =$CJ17 -> Beaver | EK17: =FY17 + GL17 -> 98 | EL17: =FZ17 + GM17 -> 69 | EM17: =GA17 + GN17 -> 54 | EN17: =GB17 + GO17 -> 40 | EO17: =GC17 + GP17 -> 49 | EP17: =GD17 + GQ17 -> 36 | EQ17: =GE17 + GR17 -> 53 | ER17: =GF17 + GS17 -> 50 | ... ET17: =GH17 + GU17 -> 92 | EW17: 1 | EX17: Beaver | EY17: 2424 | EZ17: 2568 | FA17: 2606 | FB17: 2666 | FC17: 2702 | FD17: 2875 | FE17: 2751 | FF17: 2615 | FG17: 2692 | FH17: 2659 | FJ17: 1 | FK17: Beaver | FL17: 169 | FM17: 138 | FN17: 90 | FO17: 89 | FP17: 70 | FQ17: 41 | FR17: 56 | FS17: 89 | FT17: 108 | FU17: 159 | FW17: 1 | FX17: Beaver | FY17: 39 | FZ17: 13 | GA17: 12 | GB17: 0 | GC17: 12 | GD17: 12 | GE17: 14 | GF17: 15 | GG17: 35 | GH17: 22 | GJ17: 1 | GK17: Beaver | GL17: 59 | GM17: 56 | GN17: 42 | GO17: 40 | GP17: 37 | GQ17: 24 | GR17: 39 | GS17: 35 | GT17: 20 | GU17: 70
AZ18: 2010 | BA18: 2011 | BB18: 2012 | BC18: 2013 | BD18: 2014 | BE18: 2015 | BF18: 2016 | BG18: 2017 | BH18: 2018 | BI18: 2019 | CI18: 3 | CJ18: Box Elder | CK18: =CX18 + DK18 -> 0.050635961 | CL18: =CY18 + DL18 -> 0.049246374 | CM18: =CZ18 + DM18 -> 0.043755654 | CN18: =DA18 + DN18 -> 0.039484174 | CO18: =DB18 + DO18 -> 0.034524987 | CP18: =DC18 + DP18 -> 0.033645035 | CQ18: =DD18 + DQ18 -> 0.039750221 | CR18: =DE18 + DR18 -> 0.040007249 | ... CT18: =DG18 + DT18 -> 0.052917861 | CV18: =$CI18*10 + 0 -> 30 | CW18: =$CJ18 -> Box Elder | CX18: =IFERROR(DX18/EY18, 0) -> 0.014839083 | CY18: =IFERROR(DY18/EZ18, 0) -> 0.015119917 | CZ18: =IFERROR(DZ18/FA18, 0) -> 0.013331429 | DA18: =IFERROR(EA18/FB18, 0) -> 0.011395076 | DB18: =IFERROR(EB18/FC18, 0) -> 0.011257124 | DC18: =IFERROR(EC18/FD18, 0) -> 0.014473004 | DD18: =IFERROR(ED18/FE18, 0) -> 0.01700918 | DE18: =IFERROR(EE18/FF18, 0) -> 0.018032713 | ... DG18: =IFERROR(EG18/FH18, 0) -> 0.02863046 | DI18: =$CI18*10 + 0 -> 30 | DJ18: =$CJ18 -> Box Elder | DK18: =IFERROR(EK18/EY18, 0) -> 0.035796878 | DL18: =IFERROR(EL18/EZ18, 0) -> 0.034126457 | DM18: =IFERROR(EM18/FA18, 0) -> 0.030424225 | DN18: =IFERROR(EN18/FB18, 0) -> 0.028089097 | DO18: =IFERROR(EO18/FC18, 0) -> 0.023267863 | DP18: =IFERROR(EP18/FD18, 0) -> 0.019172031 | DQ18: =IFERROR(EQ18/FE18, 0) -> 0.022741041 | DR18: =IFERROR(ER18/FF18, 0) -> 0.021974537 | ... DT18: =IFERROR(ET18/FH18, 0) -> 0.024287401 | DV18: =$CI18*10 + 0 -> 30 | DW18: =$CJ18 -> Box Elder | DX18: =FL18 - EK18 -> 308 | DY18: =FM18 - EL18 -> 319 | DZ18: =FN18 - EM18 -> 280 | EA18: =FO18 - EN18 -> 243 | EB18: =FP18 - EO18 -> 239 | EC18: =FQ18 - EP18 -> 308 | ED18: =FR18 - EQ18 -> 365 | EE18: =FS18 - ER18 -> 398 | ... EG18: =FU18 - ET18 -> 679 | EI18: =$CI18*10 + 0 -> 30 | EJ18: =$CJ18 -> Box Elder | EK18: =FY18 + GL18 -> 743 | EL18: =FZ18 + GM18 -> 720 | EM18: =GA18 + GN18 -> 639 | EN18: =GB18 + GO18 -> 599 | EO18: =GC18 + GP18 -> 494 | EP18: =GD18 + GQ18 -> 408 | EQ18: =GE18 + GR18 -> 488 | ER18: =GF18 + GS18 -> 485 | ... ET18: =GH18 + GU18 -> 576 | EW18: 3 | EX18: Box Elder | EY18: 20756 | EZ18: 21098 | FA18: 21003 | FB18: 21325 | FC18: 21231 | FD18: 21281 | FE18: 21459 | FF18: 22071 | FG18: 22814 | FH18: 23716 | FJ18: 3 | FK18: Box Elder | FL18: 1051 | FM18: 1039 | FN18: 919 | FO18: 842 | FP18: 733 | FQ18: 716 | FR18: 853 | FS18: 883 | FT18: 1142 | FU18: 1255 | FW18: 3 | FX18: Box Elder | FY18: 165 | FZ18: 170 | GA18: 151 | GB18: 151 | GC18: 165 | GD18: 146 | GE18: 111 | GF18: 131 | GG18: 166 | GH18: 120 | GJ18: 3 | GK18: Box Elder | GL18: 578 | GM18: 550 | GN18: 488 | GO18: 448 | GP18: 329 | GQ18: 262 | GR18: 377 | GS18: 354 | GT18: 436 | GU18: 456
AY19: Home-Based-Job | AZ19: =INDEX($DK$7:$DT$13, MATCH(AY17, $DJ$7:$DJ$13,0), MATCH(AZ$6, $DK$6:$DT$6, 0)) -> 0.02394321 | BA19: =INDEX($DK$7:$DT$13, MATCH(AY17, $DJ$7:$DJ$13,0), MATCH(BA$6, $DK$6:$DT$6, 0)) -> 0.021674151 | BB19: =INDEX($DK$7:$DT$13, MATCH(AY17, $DJ$7:$DJ$13,0), MATCH(BB$6, $DK$6:$DT$6, 0)) -> 0.021495896 | BC19: =INDEX($DK$7:$DT$13, MATCH(AY17, $DJ$7:$DJ$13,0), MATCH(BC$6, $DK$6:$DT$6, 0)) -> 0.021443589 | BD19: =INDEX($DK$7:$DT$13, MATCH(AY17, $DJ$7:$DJ$13,0), MATCH(BD$6, $DK$6:$DT$6, 0)) -> 0.021136367 | BE19: =INDEX($DK$7:$DT$13, MATCH(AY17, $DJ$7:$DJ$13,0), MATCH(BE$6, $DK$6:$DT$6, 0)) -> 0.021146772 | BF19: =INDEX($DK$7:$DT$13, MATCH(AY17, $DJ$7:$DJ$13,0), MATCH(BF$6, $DK$6:$DT$6, 0)) -> 0.021408339 | BG19: =INDEX($DK$7:$DT$13, MATCH(AY17, $DJ$7:$DJ$13,0), MATCH(BG$6, $DK$6:$DT$6, 0)) -> 0.020739694 | BH19: =INDEX($DK$7:$DT$13, MATCH(AY17, $DJ$7:$DJ$13,0), MATCH(BH$6, $DK$6:$DT$6, 0)) -> 0.0227936 | BI19: =INDEX($DK$7:$DT$13, MATCH(AY17, $DJ$7:$DJ$13,0), MATCH(BI$6, $DK$6:$DT$6, 0)) -> 0.022409577 | BJ19: =BI19/BI21 -> 0.38073584 | CI19: 5 | CJ19: Cache | CK19: =CX19 + DK19 -> 0.053870467 | CL19: =CY19 + DL19 -> 0.045694404 | CM19: =CZ19 + DM19 -> 0.043328221 | CN19: =DA19 + DN19 -> 0.044274955 | CO19: =DB19 + DO19 -> 0.041536687 | CP19: =DC19 + DP19 -> 0.045870032 | CQ19: =DD19 + DQ19 -> 0.050949051 | CR19: =DE19 + DR19 -> 0.051726899 | ... CT19: =DG19 + DT19 -> 0.062955688 | CV19: =$CI19*10 + 0 -> 50 | CW19: =$CJ19 -> Cache | CX19: =IFERROR(DX19/EY19, 0) -> 0.027151187 | CY19: =IFERROR(DY19/EZ19, 0) -> 0.023059824 | CZ19: =IFERROR(DZ19/FA19, 0) -> 0.021587423 | DA19: =IFERROR(EA19/FB19, 0) -> 0.022175613 | DB19: =IFERROR(EB19/FC19, 0) -> 0.021269355 | DC19: =IFERROR(EC19/FD19, 0) -> 0.023036785 | DD19: =IFERROR(ED19/FE19, 0) -> 0.025211152 | DE19: =IFERROR(EE19/FF19, 0) -> 0.026157049 | ... DG19: =IFERROR(EG19/FH19, 0) -> 0.034557379 | DI19: =$CI19*10 + 0 -> 50 | DJ19: =$CJ19 -> Cache | DK19: =IFERROR(EK19/EY19, 0) -> 0.026719281 | DL19: =IFERROR(EL19/EZ19, 0) -> 0.02263458 | DM19: =IFERROR(EM19/FA19, 0) -> 0.021740798 | DN19: =IFERROR(EN19/FB19, 0) -> 0.022099342 | DO19: =IFERROR(EO19/FC19, 0) -> 0.020267332 | DP19: =IFERROR(EP19/FD19, 0) -> 0.022833247 | DQ19: =IFERROR(EQ19/FE19, 0) -> 0.025737898 | DR19: =IFERROR(ER19/FF19, 0) -> 0.02556985 | ... DT19: =IFERROR(ET19/FH19, 0) -> 0.028398309 | DV19: =$CI19*10 + 0 -> 50 | DW19: =$CJ19 -> Cache | DX19: =FL19 - EK19 -> 1383 | DY19: =FM19 - EL19 -> 1193 | DZ19: =FN19 - EM19 -> 1126 | EA19: =FO19 - EN19 -> 1163 | EB19: =FP19 - EO19 -> 1125 | EC19: =FQ19 - EP19 -> 1245 | ED19: =FR19 - EQ19 -> 1388 | EE19: =FS19 - ER19 -> 1470 | ... EG19: =FU19 - ET19 -> 2076 | EI19: =$CI19*10 + 0 -> 50 | EJ19: =$CJ19 -> Cache | EK19: =FY19 + GL19 -> 1361 | EL19: =FZ19 + GM19 -> 1171 | EM19: =GA19 + GN19 -> 1134 | EN19: =GB19 + GO19 -> 1159 | EO19: =GC19 + GP19 -> 1072 | EP19: =GD19 + GQ19 -> 1234 | EQ19: =GE19 + GR19 -> 1417 | ER19: =GF19 + GS19 -> 1437 | ... ET19: =GH19 + GU19 -> 1706 | EW19: 5 | EX19: Cache | EY19: 50937 | EZ19: 51735 | FA19: 52160 | FB19: 52445 | FC19: 52893 | FD19: 54044 | FE19: 55055 | FF19: 56199 | FG19: 58265 | FH19: 60074 | FJ19: 5 | FK19: Cache | FL19: 2744 | FM19: 2364 | FN19: 2260 | FO19: 2322 | FP19: 2197 | FQ19: 2479 | FR19: 2805 | FS19: 2907 | FT19: 3232 | FU19: 3782 | FW19: 5 | FX19: Cache | FY19: 375 | FZ19: 334 | GA19: 327 | GB19: 331 | GC19: 312 | GD19: 456 | GE19: 565 | GF19: 662 | GG19: 798 | GH19: 893 | GJ19: 5 | GK19: Cache | GL19: 986 | GM19: 837 | GN19: 807 | GO19: 828 | GP19: 760 | GQ19: 778 | GR19: 852 | GS19: 775 | GT19: 753 | GU19: 813
AY20: Telecommute | AZ20: =INDEX($CX$7:$DG$13, MATCH(AY17, $CW$7:$CW$13,0), MATCH(AZ$6, $CX$6:$DG$6, 0)) -> 0.020632471 | BA20: =INDEX($CX$7:$DG$13, MATCH(AY17, $CW$7:$CW$13,0), MATCH(BA$6, $CX$6:$DG$6, 0)) -> 0.025479704 | BB20: =INDEX($CX$7:$DG$13, MATCH(AY17, $CW$7:$CW$13,0), MATCH(BB$6, $CX$6:$DG$6, 0)) -> 0.023610364 | BC20: =INDEX($CX$7:$DG$13, MATCH(AY17, $CW$7:$CW$13,0), MATCH(BC$6, $CX$6:$DG$6, 0)) -> 0.025847373 | BD20: =INDEX($CX$7:$DG$13, MATCH(AY17, $CW$7:$CW$13,0), MATCH(BD$6, $CX$6:$DG$6, 0)) -> 0.028318695 | BE20: =INDEX($CX$7:$DG$13, MATCH(AY17, $CW$7:$CW$13,0), MATCH(BE$6, $CX$6:$DG$6, 0)) -> 0.031001316 | BF20: =INDEX($CX$7:$DG$13, MATCH(AY17, $CW$7:$CW$13,0), MATCH(BF$6, $CX$6:$DG$6, 0)) -> 0.03059087 | BG20: =INDEX($CX$7:$DG$13, MATCH(AY17, $CW$7:$CW$13,0), MATCH(BG$6, $CX$6:$DG$6, 0)) -> 0.034743804 | BH20: =INDEX($CX$7:$DG$13, MATCH(AY17, $CW$7:$CW$13,0), MATCH(BH$6, $CX$6:$DG$6, 0)) -> 0.035479773 | BI20: =INDEX($CX$7:$DG$13, MATCH(AY17, $CW$7:$CW$13,0), MATCH(BI$6, $CX$6:$DG$6, 0)) -> 0.036449019 | BJ20: =BI20/BI21 -> 0.61926416 | CI20: 7 | CJ20: Carbon | CK20: =CX20 + DK20 -> 0.034883721 | CL20: =CY20 + DL20 -> 0.026702115 | CM20: =CZ20 + DM20 -> 0.029777524 | CN20: =DA20 + DN20 -> 0.030474041 | CO20: =DB20 + DO20 -> 0.02980576 | CP20: =DC20 + DP20 -> 0.02583435 | CQ20: =DD20 + DQ20 -> 0.031452254 | CR20: =DE20 + DR20 -> 0.033025404 | ... CT20: =DG20 + DT20 -> 0.041319362 | CV20: =$CI20*10 + 0 -> 70 | CW20: =$CJ20 -> Carbon | CX20: =IFERROR(DX20/EY20, 0) -> 0.02 | CY20: =IFERROR(DY20/EZ20, 0) -> 0.014218009 | CZ20: =IFERROR(DZ20/FA20, 0) -> 0.014489447 | DA20: =IFERROR(EA20/FB20, 0) -> 0.017268623 | DB20: =IFERROR(EB20/FC20, 0) -> 0.014512168 | DC20: =IFERROR(EC20/FD20, 0) -> 0.013970507 | DD20: =IFERROR(ED20/FE20, 0) -> 0.019984104 | DE20: =IFERROR(EE20/FF20, 0) -> 0.019399538 | ... DG20: =IFERROR(EG20/FH20, 0) -> 0.015598952 | DI20: =$CI20*10 + 0 -> 70 | DJ20: =$CJ20 -> Carbon | DK20: =IFERROR(EK20/EY20, 0) -> 0.014883721 | DL20: =IFERROR(EL20/EZ20, 0) -> 0.012484106 | DM20: =IFERROR(EM20/FA20, 0) -> 0.015288078 | DN20: =IFERROR(EN20/FB20, 0) -> 0.013205418 | DO20: =IFERROR(EO20/FC20, 0) -> 0.015293592 | DP20: =IFERROR(EP20/FD20, 0) -> 0.011863843 | DQ20: =IFERROR(EQ20/FE20, 0) -> 0.01146815 | DR20: =IFERROR(ER20/FF20, 0) -> 0.013625866 | ... DT20: =IFERROR(ET20/FH20, 0) -> 0.02572041 | DV20: =$CI20*10 + 0 -> 70 | DW20: =$CJ20 -> Carbon | DX20: =FL20 - EK20 -> 172 | DY20: =FM20 - EL20 -> 123 | DZ20: =FN20 - EM20 -> 127 | EA20: =FO20 - EN20 -> 153 | EB20: =FP20 - EO20 -> 130 | EC20: =FQ20 - EP20 -> 126 | ED20: =FR20 - EQ20 -> 176 | EE20: =FS20 - ER20 -> 168 | ... EG20: =FU20 - ET20 -> 131 | EI20: =$CI20*10 + 0 -> 70 | EJ20: =$CJ20 -> Carbon | EK20: =FY20 + GL20 -> 128 | EL20: =FZ20 + GM20 -> 108 | EM20: =GA20 + GN20 -> 134 | EN20: =GB20 + GO20 -> 117 | EO20: =GC20 + GP20 -> 137 | EP20: =GD20 + GQ20 -> 107 | EQ20: =GE20 + GR20 -> 101 | ER20: =GF20 + GS20 -> 118 | ... ET20: =GH20 + GU20 -> 216 | EW20: 7 | EX20: Carbon | EY20: 8600 | EZ20: 8651 | FA20: 8765 | FB20: 8860 | FC20: 8958 | FD20: 9019 | FE20: 8807 | FF20: 8660 | FG20: 8581 | FH20: 8398 | FJ20: 7 | FK20: Carbon | FL20: 300 | FM20: 231 | FN20: 261 | FO20: 270 | FP20: 267 | FQ20: 233 | FR20: 277 | FS20: 286 | FT20: 376 | FU20: 347 | FW20: 7 | FX20: Carbon | FY20: 15 | FZ20: 2 | GA20: 10 | GB20: 6 | GC20: 21 | GD20: 21 | GE20: 25 | GF20: 41 | GG20: 109 | GH20: 92 | GJ20: 7 | GK20: Carbon | GL20: 113 | GM20: 106 | GN20: 124 | GO20: 111 | GP20: 116 | GQ20: 86 | GR20: 76 | GS20: 77 | GT20: 106 | GU20: 124
AY21: Total Work At Home | AZ21: =SUM(AZ19:AZ20) -> 0.044575681 | BA21: =SUM(BA19:BA20) -> 0.047153855 | BB21: =SUM(BB19:BB20) -> 0.045106261 | BC21: =SUM(BC19:BC20) -> 0.047290962 | BD21: =SUM(BD19:BD20) -> 0.049455062 | BE21: =SUM(BE19:BE20) -> 0.052148088 | BF21: =SUM(BF19:BF20) -> 0.05199921 | BG21: =SUM(BG19:BG20) -> 0.055483498 | ... BI21: =SUM(BI19:BI20) -> 0.058858596 | CI21: 9 | CJ21: Daggett | CK21: =CX21 + DK21 -> 0.092261905 | CL21: =CY21 + DL21 -> 0.10755814 | CM21: =CZ21 + DM21 -> 0.078066914 | CN21: =DA21 + DN21 -> 0.11864407 | CO21: =DB21 + DO21 -> 0.155 | CP21: =DC21 + DP21 -> 0.055813953 | CQ21: =DD21 + DQ21 -> 0.078853047 | CR21: =DE21 + DR21 -> 0.081272085 | ... CT21: =DG21 + DT21 -> 0.04290429 | CV21: =$CI21*10 + 0 -> 90 | CW21: =$CJ21 -> Daggett | CX21: =IFERROR(DX21/EY21, 0) -> 0 | CY21: =IFERROR(DY21/EZ21, 0) -> 0.014534884 | CZ21: =IFERROR(DZ21/FA21, 0) -> 0.011152416 | DA21: =IFERROR(EA21/FB21, 0) -> 0.0084745763 | DB21: =IFERROR(EB21/FC21, 0) -> 0.015 | DC21: =IFERROR(EC21/FD21, 0) -> 0.018604651 | DD21: =IFERROR(ED21/FE21, 0) -> 0.010752688 | DE21: =IFERROR(EE21/FF21, 0) -> 0.010600707 | ... DG21: =IFERROR(EG21/FH21, 0) -> 0 | DI21: =$CI21*10 + 0 -> 90 | DJ21: =$CJ21 -> Daggett | DK21: =IFERROR(EK21/EY21, 0) -> 0.092261905 | DL21: =IFERROR(EL21/EZ21, 0) -> 0.093023256 | DM21: =IFERROR(EM21/FA21, 0) -> 0.066914498 | DN21: =IFERROR(EN21/FB21, 0) -> 0.11016949 | DO21: =IFERROR(EO21/FC21, 0) -> 0.14 | DP21: =IFERROR(EP21/FD21, 0) -> 0.037209302 | DQ21: =IFERROR(EQ21/FE21, 0) -> 0.068100358 | DR21: =IFERROR(ER21/FF21, 0) -> 0.070671378 | ... DT21: =IFERROR(ET21/FH21, 0) -> 0.04290429 | DV21: =$CI21*10 + 0 -> 90 | DW21: =$CJ21 -> Daggett | DX21: =FL21 - EK21 -> 0 | DY21: =FM21 - EL21 -> 5 | DZ21: =FN21 - EM21 -> 3 | EA21: =FO21 - EN21 -> 2 | EB21: =FP21 - EO21 -> 3 | EC21: =FQ21 - EP21 -> 4 | ED21: =FR21 - EQ21 -> 3 | EE21: =FS21 - ER21 -> 3 | ... EG21: =FU21 - ET21 -> 0 | EI21: =$CI21*10 + 0 -> 90 | EJ21: =$CJ21 -> Daggett | EK21: =FY21 + GL21 -> 31 | EL21: =FZ21 + GM21 -> 32 | EM21: =GA21 + GN21 -> 18 | EN21: =GB21 + GO21 -> 26 | EO21: =GC21 + GP21 -> 28 | EP21: =GD21 + GQ21 -> 8 | EQ21: =GE21 + GR21 -> 19 | ER21: =GF21 + GS21 -> 20 | ... ET21: =GH21 + GU21 -> 13 | EW21: 9 | EX21: Daggett | EY21: 336 | EZ21: 344 | FA21: 269 | FB21: 236 | FC21: 200 | FD21: 215 | FE21: 279 | FF21: 283 | FG21: 250 | FH21: 303 | FJ21: 9 | FK21: Daggett | FL21: 31 | FM21: 37 | FN21: 21 | FO21: 28 | FP21: 31 | FQ21: 12 | FR21: 22 | FS21: 23 | FT21: 12 | FU21: 13 | FW21: 9 | FX21: Daggett | FY21: 31 | FZ21: 32 | GA21: 18 | GB21: 20 | GC21: 22 | GD21: 0 | GE21: 10 | GF21: 11 | GG21: 9 | GH21: 13 | GJ21: 9 | GK21: Daggett | GL21: 0 | GM21: 0 | GN21: 0 | GO21: 6 | GP21: 6 | GQ21: 8 | GR21: 9 | GS21: 9 | GT21: 0 | GU21: 0
CI22: 11 | CJ22: Davis | CK22: =CX22 + DK22 -> 0.044575681 | CL22: =CY22 + DL22 -> 0.047153855 | CM22: =CZ22 + DM22 -> 0.045106261 | CN22: =DA22 + DN22 -> 0.047290962 | CO22: =DB22 + DO22 -> 0.049455062 | CP22: =DC22 + DP22 -> 0.052148088 | CQ22: =DD22 + DQ22 -> 0.05199921 | CR22: =DE22 + DR22 -> 0.055483498 | ... CT22: =DG22 + DT22 -> 0.058858596 | CV22: =$CI22*10 + 0 -> 110 | CW22: =$CJ22 -> Davis | CX22: =IFERROR(DX22/EY22, 0) -> 0.020632471 | CY22: =IFERROR(DY22/EZ22, 0) -> 0.025479704 | CZ22: =IFERROR(DZ22/FA22, 0) -> 0.023610364 | DA22: =IFERROR(EA22/FB22, 0) -> 0.025847373 | DB22: =IFERROR(EB22/FC22, 0) -> 0.028318695 | DC22: =IFERROR(EC22/FD22, 0) -> 0.031001316 | DD22: =IFERROR(ED22/FE22, 0) -> 0.03059087 | DE22: =IFERROR(EE22/FF22, 0) -> 0.034743804 | ... DG22: =IFERROR(EG22/FH22, 0) -> 0.036449019 | DI22: =$CI22*10 + 0 -> 110 | DJ22: =$CJ22 -> Davis | DK22: =IFERROR(EK22/EY22, 0) -> 0.02394321 | DL22: =IFERROR(EL22/EZ22, 0) -> 0.021674151 | DM22: =IFERROR(EM22/FA22, 0) -> 0.021495896 | DN22: =IFERROR(EN22/FB22, 0) -> 0.021443589 | DO22: =IFERROR(EO22/FC22, 0) -> 0.021136367 | DP22: =IFERROR(EP22/FD22, 0) -> 0.021146772 | DQ22: =IFERROR(EQ22/FE22, 0) -> 0.021408339 | DR22: =IFERROR(ER22/FF22, 0) -> 0.020739694 | ... DT22: =IFERROR(ET22/FH22, 0) -> 0.022409577 | DV22: =$CI22*10 + 0 -> 110 | DW22: =$CJ22 -> Davis | DX22: =FL22 - EK22 -> 2767 | DY22: =FM22 - EL22 -> 3495 | DZ22: =FN22 - EM22 -> 3294 | EA22: =FO22 - EN22 -> 3639 | EB22: =FP22 - EO22 -> 4069 | EC22: =FQ22 - EP22 -> 4593 | ED22: =FR22 - EQ22 -> 4644 | EE22: =FS22 - ER22 -> 5411 | ... EG22: =FU22 - ET22 -> 5992 | EI22: =$CI22*10 + 0 -> 110 | EJ22: =$CJ22 -> Davis | EK22: =FY22 + GL22 -> 3211 | EL22: =FZ22 + GM22 -> 2973 | EM22: =GA22 + GN22 -> 2999 | EN22: =GB22 + GO22 -> 3019 | EO22: =GC22 + GP22 -> 3037 | EP22: =GD22 + GQ22 -> 3133 | EQ22: =GE22 + GR22 -> 3250 | ER22: =GF22 + GS22 -> 3230 | ... ET22: =GH22 + GU22 -> 3684 | EW22: 11 | EX22: Davis | EY22: 134109 | EZ22: 137168 | FA22: 139515 | FB22: 140788 | FC22: 143686 | FD22: 148155 | FE22: 151810 | FF22: 155740 | FG22: 158992 | FH22: 164394 | FJ22: 11 | FK22: Davis | FL22: 5978 | FM22: 6468 | FN22: 6293 | FO22: 6658 | FP22: 7106 | FQ22: 7726 | FR22: 7894 | FS22: 8641 | FT22: 9265 | FU22: 9676 | FW22: 11 | FX22: Davis | FY22: 879 | FZ22: 805 | GA22: 781 | GB22: 798 | GC22: 832 | GD22: 957 | GE22: 1053 | GF22: 1218 | GG22: 1423 | GH22: 1626 | GJ22: 11 | GK22: Davis | GL22: 2332 | GM22: 2168 | GN22: 2218 | GO22: 2221 | GP22: 2205 | GQ22: 2176 | GR22: 2197 | GS22: 2012 | GT22: 2201 | GU22: 2058
AX23: 35 | AY23: Salt Lake | CI23: 13 | CJ23: Duchesne | CK23: =CX23 + DK23 -> 0.050149594 | CL23: =CY23 + DL23 -> 0.046601406 | CM23: =CZ23 + DM23 -> 0.035044825 | CN23: =DA23 + DN23 -> 0.03659348 | CO23: =DB23 + DO23 -> 0.029887758 | CP23: =DC23 + DP23 -> 0.030806909 | CQ23: =DD23 + DQ23 -> 0.046913262 | CR23: =DE23 + DR23 -> 0.066683732 | ... CT23: =DG23 + DT23 -> 0.098852604 | CV23: =$CI23*10 + 0 -> 130 | CW23: =$CJ23 -> Duchesne | CX23: =IFERROR(DX23/EY23, 0) -> 0.02293774 | CY23: =IFERROR(DY23/EZ23, 0) -> 0.02040535 | CZ23: =IFERROR(DZ23/FA23, 0) -> 0.018065743 | DA23: =IFERROR(EA23/FB23, 0) -> 0.018895542 | DB23: =IFERROR(EB23/FC23, 0) -> 0.014748108 | DC23: =IFERROR(EC23/FD23, 0) -> 0.013663315 | DD23: =IFERROR(ED23/FE23, 0) -> 0.020621214 | DE23: =IFERROR(EE23/FF23, 0) -> 0.027902214 | ... DG23: =IFERROR(EG23/FH23, 0) -> 0.037952339 | DI23: =$CI23*10 + 0 -> 130 | DJ23: =$CJ23 -> Duchesne | DK23: =IFERROR(EK23/EY23, 0) -> 0.027211854 | DL23: =IFERROR(EL23/EZ23, 0) -> 0.026196057 | DM23: =IFERROR(EM23/FA23, 0) -> 0.016979082 | DN23: =IFERROR(EN23/FB23, 0) -> 0.017697937 | DO23: =IFERROR(EO23/FC23, 0) -> 0.01513965 | DP23: =IFERROR(EP23/FD23, 0) -> 0.017143594 | DQ23: =IFERROR(EQ23/FE23, 0) -> 0.026292048 | DR23: =IFERROR(ER23/FF23, 0) -> 0.038781518 | ... DT23: =IFERROR(ET23/FH23, 0) -> 0.060900265 | DV23: =$CI23*10 + 0 -> 130 | DW23: =$CJ23 -> Duchesne | DX23: =FL23 - EK23 -> 161 | DY23: =FM23 - EL23 -> 148 | DZ23: =FN23 - EM23 -> 133 | EA23: =FO23 - EN23 -> 142 | EB23: =FP23 - EO23 -> 113 | EC23: =FQ23 - EP23 -> 106 | ED23: =FR23 - EQ23 -> 160 | EE23: =FS23 - ER23 -> 218 | ... EG23: =FU23 - ET23 -> 301 | EI23: =$CI23*10 + 0 -> 130 | EJ23: =$CJ23 -> Duchesne | EK23: =FY23 + GL23 -> 191 | EL23: =FZ23 + GM23 -> 190 | EM23: =GA23 + GN23 -> 125 | EN23: =GB23 + GO23 -> 133 | EO23: =GC23 + GP23 -> 116 | EP23: =GD23 + GQ23 -> 133 | EQ23: =GE23 + GR23 -> 204 | ER23: =GF23 + GS23 -> 303 | ... ET23: =GH23 + GU23 -> 483 | EW23: 13 | EX23: Duchesne | EY23: 7019 | EZ23: 7253 | FA23: 7362 | FB23: 7515 | FC23: 7662 | FD23: 7758 | FE23: 7759 | FF23: 7813 | FG23: 7928 | FH23: 7931 | FJ23: 13 | FK23: Duchesne | FL23: 352 | FM23: 338 | FN23: 258 | FO23: 275 | FP23: 229 | FQ23: 239 | FR23: 364 | FS23: 521 | FT23: 675 | FU23: 784 | FW23: 13 | FX23: Duchesne | FY23: 37 | FZ23: 19 | GA23: 28 | GB23: 35 | GC23: 45 | GD23: 71 | GE23: 99 | GF23: 133 | GG23: 156 | GH23: 196 | GJ23: 13 | GK23: Duchesne | GL23: 154 | GM23: 171 | GN23: 97 | GO23: 98 | GP23: 71 | GQ23: 62 | GR23: 105 | GS23: 170 | GT23: 235 | GU23: 287
AZ24: 2010 | BA24: 2011 | BB24: 2012 | BC24: 2013 | BD24: 2014 | BE24: 2015 | BF24: 2016 | BG24: 2017 | BH24: 2018 | BI24: 2019 | CI24: 15 | CJ24: Emery | CK24: =CX24 + DK24 -> 0.056530214 | CL24: =CY24 + DL24 -> 0.060639964 | CM24: =CZ24 + DM24 -> 0.060759494 | CN24: =DA24 + DN24 -> 0.060698383 | CO24: =DB24 + DO24 -> 0.045751634 | CP24: =DC24 + DP24 -> 0.057916977 | CQ24: =DD24 + DQ24 -> 0.065846785 | CR24: =DE24 + DR24 -> 0.068076328 | ... CT24: =DG24 + DT24 -> 0.080545548 | CV24: =$CI24*10 + 0 -> 150 | CW24: =$CJ24 -> Emery | CX24: =IFERROR(DX24/EY24, 0) -> 0.02014295 | CY24: =IFERROR(DY24/EZ24, 0) -> 0.024837771 | CZ24: =IFERROR(DZ24/FA24, 0) -> 0.025776755 | DA24: =IFERROR(EA24/FB24, 0) -> 0.025076166 | DB24: =IFERROR(EB24/FC24, 0) -> 0.022754781 | DC24: =IFERROR(EC24/FD24, 0) -> 0.016902809 | DD24: =IFERROR(ED24/FE24, 0) -> 0.015116577 | DE24: =IFERROR(EE24/FF24, 0) -> 0.016503352 | ... DG24: =IFERROR(EG24/FH24, 0) -> 0.025476068 | DI24: =$CI24*10 + 0 -> 150 | DJ24: =$CJ24 -> Emery | DK24: =IFERROR(EK24/EY24, 0) -> 0.036387264 | DL24: =IFERROR(EL24/EZ24, 0) -> 0.035802193 | DM24: =IFERROR(EM24/FA24, 0) -> 0.034982739 | DN24: =IFERROR(EN24/FB24, 0) -> 0.035622217 | DO24: =IFERROR(EO24/FC24, 0) -> 0.022996853 | DP24: =IFERROR(EP24/FD24, 0) -> 0.041014169 | DQ24: =IFERROR(EQ24/FE24, 0) -> 0.050730208 | DR24: =IFERROR(ER24/FF24, 0) -> 0.051572976 | ... DT24: =IFERROR(ET24/FH24, 0) -> 0.05506948 | DV24: =$CI24*10 + 0 -> 150 | DW24: =$CJ24 -> Emery | DX24: =FL24 - EK24 -> 93 | DY24: =FM24 - EL24 -> 111 | DZ24: =FN24 - EM24 -> 112 | EA24: =FO24 - EN24 -> 107 | EB24: =FP24 - EO24 -> 94 | EC24: =FQ24 - EP24 -> 68 | ED24: =FR24 - EQ24 -> 59 | EE24: =FS24 - ER24 -> 64 | ... EG24: =FU24 - ET24 -> 99 | EI24: =$CI24*10 + 0 -> 150 | EJ24: =$CJ24 -> Emery | EK24: =FY24 + GL24 -> 168 | EL24: =FZ24 + GM24 -> 160 | EM24: =GA24 + GN24 -> 152 | EN24: =GB24 + GO24 -> 152 | EO24: =GC24 + GP24 -> 95 | EP24: =GD24 + GQ24 -> 165 | EQ24: =GE24 + GR24 -> 198 | ER24: =GF24 + GS24 -> 200 | ... ET24: =GH24 + GU24 -> 214 | EW24: 15 | EX24: Emery | EY24: 4617 | EZ24: 4469 | FA24: 4345 | FB24: 4267 | FC24: 4131 | FD24: 4023 | FE24: 3903 | FF24: 3878 | FG24: 3861 | FH24: 3886 | FJ24: 15 | FK24: Emery | FL24: 261 | FM24: 271 | FN24: 264 | FO24: 259 | FP24: 189 | FQ24: 233 | FR24: 257 | FS24: 264 | FT24: 297 | FU24: 313 | FW24: 15 | FX24: Emery | FY24: 79 | FZ24: 77 | GA24: 89 | GB24: 87 | GC24: 31 | GD24: 28 | GE24: 29 | GF24: 13 | GG24: 42 | GH24: 41 | GJ24: 15 | GK24: Emery | GL24: 89 | GM24: 83 | GN24: 63 | GO24: 65 | GP24: 64 | GQ24: 137 | GR24: 169 | GS24: 187 | GT24: 186 | GU24: 173
AY25: Home-Based-Job | AZ25: =INDEX($DK$7:$DT$13, MATCH(AY23, $DJ$7:$DJ$13,0), MATCH(AZ$6, $DK$6:$DT$6, 0)) -> 0.022771358 | BA25: =INDEX($DK$7:$DT$13, MATCH(AY23, $DJ$7:$DJ$13,0), MATCH(BA$6, $DK$6:$DT$6, 0)) -> 0.02279366 | BB25: =INDEX($DK$7:$DT$13, MATCH(AY23, $DJ$7:$DJ$13,0), MATCH(BB$6, $DK$6:$DT$6, 0)) -> 0.021701682 | BC25: =INDEX($DK$7:$DT$13, MATCH(AY23, $DJ$7:$DJ$13,0), MATCH(BC$6, $DK$6:$DT$6, 0)) -> 0.021136147 | BD25: =INDEX($DK$7:$DT$13, MATCH(AY23, $DJ$7:$DJ$13,0), MATCH(BD$6, $DK$6:$DT$6, 0)) -> 0.021351343 | BE25: =INDEX($DK$7:$DT$13, MATCH(AY23, $DJ$7:$DJ$13,0), MATCH(BE$6, $DK$6:$DT$6, 0)) -> 0.022100294 | BF25: =INDEX($DK$7:$DT$13, MATCH(AY23, $DJ$7:$DJ$13,0), MATCH(BF$6, $DK$6:$DT$6, 0)) -> 0.022920733 | BG25: =INDEX($DK$7:$DT$13, MATCH(AY23, $DJ$7:$DJ$13,0), MATCH(BG$6, $DK$6:$DT$6, 0)) -> 0.024989541 | BH25: =INDEX($DK$7:$DT$13, MATCH(AY23, $DJ$7:$DJ$13,0), MATCH(BH$6, $DK$6:$DT$6, 0)) -> 0.026760511 | BI25: =INDEX($DK$7:$DT$13, MATCH(AY23, $DJ$7:$DJ$13,0), MATCH(BI$6, $DK$6:$DT$6, 0)) -> 0.027175796 | BJ25: =BI25/BI27 -> 0.43790597 | CI25: 17 | CJ25: Garfield | CK25: =CX25 + DK25 -> 0.094887684 | CL25: =CY25 + DL25 -> 0.092115849 | CM25: =CZ25 + DM25 -> 0.059123777 | CN25: =DA25 + DN25 -> 0.048144876 | CO25: =DB25 + DO25 -> 0.053949904 | CP25: =DC25 + DP25 -> 0.044730077 | CQ25: =DD25 + DQ25 -> 0.064985451 | CR25: =DE25 + DR25 -> 0.072610294 | ... CT25: =DG25 + DT25 -> 0.081491713 | CV25: =$CI25*10 + 0 -> 170 | CW25: =$CJ25 -> Garfield | CX25: =IFERROR(DX25/EY25, 0) -> 0.040278854 | CY25: =IFERROR(DY25/EZ25, 0) -> 0.037409493 | CZ25: =IFERROR(DZ25/FA25, 0) -> 0.017864738 | DA25: =IFERROR(EA25/FB25, 0) -> 0.022084806 | DB25: =IFERROR(EB25/FC25, 0) -> 0.023603083 | DC25: =IFERROR(EC25/FD25, 0) -> 0.020051414 | DD25: =IFERROR(ED25/FE25, 0) -> 0.044616877 | DE25: =IFERROR(EE25/FF25, 0) -> 0.044117647 | ... DG25: =IFERROR(EG25/FH25, 0) -> 0.048342541 | DI25: =$CI25*10 + 0 -> 170 | DJ25: =$CJ25 -> Garfield | DK25: =IFERROR(EK25/EY25, 0) -> 0.05460883 | DL25: =IFERROR(EL25/EZ25, 0) -> 0.054706356 | DM25: =IFERROR(EM25/FA25, 0) -> 0.041259039 | DN25: =IFERROR(EN25/FB25, 0) -> 0.026060071 | DO25: =IFERROR(EO25/FC25, 0) -> 0.030346821 | DP25: =IFERROR(EP25/FD25, 0) -> 0.024678663 | DQ25: =IFERROR(EQ25/FE25, 0) -> 0.020368574 | DR25: =IFERROR(ER25/FF25, 0) -> 0.028492647 | ... DT25: =IFERROR(ET25/FH25, 0) -> 0.033149171 | DV25: =$CI25*10 + 0 -> 170 | DW25: =$CJ25 -> Garfield | DX25: =FL25 - EK25 -> 104 | DY25: =FM25 - EL25 -> 93 | DZ25: =FN25 - EM25 -> 42 | EA25: =FO25 - EN25 -> 50 | EB25: =FP25 - EO25 -> 49 | EC25: =FQ25 - EP25 -> 39 | ED25: =FR25 - EQ25 -> 92 | EE25: =FS25 - ER25 -> 96 | ... EG25: =FU25 - ET25 -> 105 | EI25: =$CI25*10 + 0 -> 170 | EJ25: =$CJ25 -> Garfield | EK25: =FY25 + GL25 -> 141 | EL25: =FZ25 + GM25 -> 136 | EM25: =GA25 + GN25 -> 97 | EN25: =GB25 + GO25 -> 59 | EO25: =GC25 + GP25 -> 63 | EP25: =GD25 + GQ25 -> 48 | EQ25: =GE25 + GR25 -> 42 | ER25: =GF25 + GS25 -> 62 | ... ET25: =GH25 + GU25 -> 72 | EW25: 17 | EX25: Garfield | EY25: 2582 | EZ25: 2486 | FA25: 2351 | FB25: 2264 | FC25: 2076 | FD25: 1945 | FE25: 2062 | FF25: 2176 | FG25: 2179 | FH25: 2172 | FJ25: 17 | FK25: Garfield | FL25: 245 | FM25: 229 | FN25: 139 | FO25: 109 | FP25: 112 | FQ25: 87 | FR25: 134 | FS25: 158 | FT25: 169 | FU25: 177 | FW25: 17 | FX25: Garfield | FY25: 35 | FZ25: 37 | GA25: 10 | GB25: 6 | GC25: 16 | GD25: 16 | GE25: 12 | GF25: 24 | GG25: 26 | GH25: 31 | GJ25: 17 | GK25: Garfield | GL25: 106 | GM25: 99 | GN25: 87 | GO25: 53 | GP25: 47 | GQ25: 32 | GR25: 30 | GS25: 38 | GT25: 41 | GU25: 41
AY26: Telecommute | AZ26: =INDEX($CX$7:$DG$13, MATCH(AY23, $CW$7:$CW$13,0), MATCH(AZ$6, $CX$6:$DG$6, 0)) -> 0.020160525 | BA26: =INDEX($CX$7:$DG$13, MATCH(AY23, $CW$7:$CW$13,0), MATCH(BA$6, $CX$6:$DG$6, 0)) -> 0.020714153 | BB26: =INDEX($CX$7:$DG$13, MATCH(AY23, $CW$7:$CW$13,0), MATCH(BB$6, $CX$6:$DG$6, 0)) -> 0.021753701 | BC26: =INDEX($CX$7:$DG$13, MATCH(AY23, $CW$7:$CW$13,0), MATCH(BC$6, $CX$6:$DG$6, 0)) -> 0.023663123 | BD26: =INDEX($CX$7:$DG$13, MATCH(AY23, $CW$7:$CW$13,0), MATCH(BD$6, $CX$6:$DG$6, 0)) -> 0.024920935 | BE26: =INDEX($CX$7:$DG$13, MATCH(AY23, $CW$7:$CW$13,0), MATCH(BE$6, $CX$6:$DG$6, 0)) -> 0.027333628 | BF26: =INDEX($CX$7:$DG$13, MATCH(AY23, $CW$7:$CW$13,0), MATCH(BF$6, $CX$6:$DG$6, 0)) -> 0.028398168 | BG26: =INDEX($CX$7:$DG$13, MATCH(AY23, $CW$7:$CW$13,0), MATCH(BG$6, $CX$6:$DG$6, 0)) -> 0.030665065 | BH26: =INDEX($CX$7:$DG$13, MATCH(AY23, $CW$7:$CW$13,0), MATCH(BH$6, $CX$6:$DG$6, 0)) -> 0.03242703 | BI26: =INDEX($CX$7:$DG$13, MATCH(AY23, $CW$7:$CW$13,0), MATCH(BI$6, $CX$6:$DG$6, 0)) -> 0.034882724 | BJ26: =BI26/BI27 -> 0.56209403 | CI26: 19 | CJ26: Grand | CK26: =CX26 + DK26 -> 0.036960037 | CL26: =CY26 + DL26 -> 0.036499766 | CM26: =CZ26 + DM26 -> 0.057263815 | CN26: =DA26 + DN26 -> 0.055139987 | CO26: =DB26 + DO26 -> 0.071382498 | CP26: =DC26 + DP26 -> 0.069752422 | CQ26: =DD26 + DQ26 -> 0.080482456 | CR26: =DE26 + DR26 -> 0.10387631 | ... CT26: =DG26 + DT26 -> 0.084295136 | CV26: =$CI26*10 + 0 -> 190 | CW26: =$CJ26 -> Grand | CX26: =IFERROR(DX26/EY26, 0) -> 0.015477015 | CY26: =IFERROR(DY26/EZ26, 0) -> 0.024801123 | CZ26: =IFERROR(DZ26/FA26, 0) -> 0.043894831 | DA26: =IFERROR(EA26/FB26, 0) -> 0.034622783 | DB26: =IFERROR(EB26/FC26, 0) -> 0.033326166 | DC26: =IFERROR(EC26/FD26, 0) -> 0.034230355 | DD26: =IFERROR(ED26/FE26, 0) -> 0.02872807 | DE26: =IFERROR(EE26/FF26, 0) -> 0.033536585 | ... DG26: =IFERROR(EG26/FH26, 0) -> 0.040189613 | DI26: =$CI26*10 + 0 -> 190 | DJ26: =$CJ26 -> Grand | DK26: =IFERROR(EK26/EY26, 0) -> 0.021483021 | DL26: =IFERROR(EL26/EZ26, 0) -> 0.011698643 | DM26: =IFERROR(EM26/FA26, 0) -> 0.013368984 | DN26: =IFERROR(EN26/FB26, 0) -> 0.020517205 | DO26: =IFERROR(EO26/FC26, 0) -> 0.038056332 | DP26: =IFERROR(EP26/FD26, 0) -> 0.035522067 | DQ26: =IFERROR(EQ26/FE26, 0) -> 0.051754386 | DR26: =IFERROR(ER26/FF26, 0) -> 0.070339721 | ... DT26: =IFERROR(ET26/FH26, 0) -> 0.044105523 | DV26: =$CI26*10 + 0 -> 190 | DW26: =$CJ26 -> Grand | DX26: =FL26 - EK26 -> 67 | DY26: =FM26 - EL26 -> 106 | DZ26: =FN26 - EM26 -> 197 | EA26: =FO26 - EN26 -> 162 | EB26: =FP26 - EO26 -> 155 | EC26: =FQ26 - EP26 -> 159 | ED26: =FR26 - EQ26 -> 131 | EE26: =FS26 - ER26 -> 154 | ... EG26: =FU26 - ET26 -> 195 | EI26: =$CI26*10 + 0 -> 190 | EJ26: =$CJ26 -> Grand | EK26: =FY26 + GL26 -> 93 | EL26: =FZ26 + GM26 -> 50 | EM26: =GA26 + GN26 -> 60 | EN26: =GB26 + GO26 -> 96 | EO26: =GC26 + GP26 -> 177 | EP26: =GD26 + GQ26 -> 165 | EQ26: =GE26 + GR26 -> 236 | ER26: =GF26 + GS26 -> 323 | ... ET26: =GH26 + GU26 -> 214 | EW26: 19 | EX26: Grand | EY26: 4329 | EZ26: 4274 | FA26: 4488 | FB26: 4679 | FC26: 4651 | FD26: 4645 | FE26: 4560 | FF26: 4592 | FG26: 4674 | FH26: 4852 | FJ26: 19 | FK26: Grand | FL26: 160 | FM26: 156 | FN26: 257 | FO26: 258 | FP26: 332 | FQ26: 324 | FR26: 367 | FS26: 477 | FT26: 407 | FU26: 409 | FW26: 19 | FX26: Grand | FY26: 37 | FZ26: 19 | GA26: 30 | GB26: 27 | GC26: 37 | GD26: 42 | GE26: 52 | GF26: 31 | GG26: 26 | GH26: 69 | GJ26: 19 | GK26: Grand | GL26: 56 | GM26: 31 | GN26: 30 | GO26: 69 | GP26: 140 | GQ26: 123 | GR26: 184 | GS26: 292 | GT26: 224 | GU26: 145
AY27: Total Work At Home | AZ27: =SUM(AZ25:AZ26) -> 0.042931884 | BA27: =SUM(BA25:BA26) -> 0.043507812 | BB27: =SUM(BB25:BB26) -> 0.043455383 | BC27: =SUM(BC25:BC26) -> 0.04479927 | BD27: =SUM(BD25:BD26) -> 0.046272278 | BE27: =SUM(BE25:BE26) -> 0.049433922 | BF27: =SUM(BF25:BF26) -> 0.051318901 | BG27: =SUM(BG25:BG26) -> 0.055654606 | ... BI27: =SUM(BI25:BI26) -> 0.06205852 | CI27: 21 | CJ27: Iron | CK27: =CX27 + DK27 -> 0.038719365 | CL27: =CY27 + DL27 -> 0.03837203 | CM27: =CZ27 + DM27 -> 0.030106481 | CN27: =DA27 + DN27 -> 0.02605156 | CO27: =DB27 + DO27 -> 0.021567568 | CP27: =DC27 + DP27 -> 0.027825187 | CQ27: =DD27 + DQ27 -> 0.030721733 | CR27: =DE27 + DR27 -> 0.035089415 | ... CT27: =DG27 + DT27 -> 0.064120909 | CV27: =$CI27*10 + 0 -> 210 | CW27: =$CJ27 -> Iron | CX27: =IFERROR(DX27/EY27, 0) -> 0.010725586 | CY27: =IFERROR(DY27/EZ27, 0) -> 0.010878389 | CZ27: =IFERROR(DZ27/FA27, 0) -> 0.010215664 | DA27: =IFERROR(EA27/FB27, 0) -> 0.0078154681 | DB27: =IFERROR(EB27/FC27, 0) -> 0.0071891892 | DC27: =IFERROR(EC27/FD27, 0) -> 0.0094129816 | DD27: =IFERROR(ED27/FE27, 0) -> 0.014171475 | DE27: =IFERROR(EE27/FF27, 0) -> 0.018704688 | ... DG27: =IFERROR(EG27/FH27, 0) -> 0.032552316 | DI27: =$CI27*10 + 0 -> 210 | DJ27: =$CJ27 -> Iron | DK27: =IFERROR(EK27/EY27, 0) -> 0.027993779 | DL27: =IFERROR(EL27/EZ27, 0) -> 0.027493641 | DM27: =IFERROR(EM27/FA27, 0) -> 0.019890817 | DN27: =IFERROR(EN27/FB27, 0) -> 0.018236092 | DO27: =IFERROR(EO27/FC27, 0) -> 0.014378378 | DP27: =IFERROR(EP27/FD27, 0) -> 0.018412206 | DQ27: =IFERROR(EQ27/FE27, 0) -> 0.016550258 | DR27: =IFERROR(ER27/FF27, 0) -> 0.016384727 | ... DT27: =IFERROR(ET27/FH27, 0) -> 0.031568592 | DV27: =$CI27*10 + 0 -> 210 | DW27: =$CJ27 -> Iron | DX27: =FL27 - EK27 -> 200 | DY27: =FM27 - EL27 -> 201 | DZ27: =FN27 - EM27 -> 189 | EA27: =FO27 - EN27 -> 144 | EB27: =FP27 - EO27 -> 133 | EC27: =FQ27 - EP27 -> 182 | ED27: =FR27 - EQ27 -> 280 | EE27: =FS27 - ER27 -> 387 | ... EG27: =FU27 - ET27 -> 728 | EI27: =$CI27*10 + 0 -> 210 | EJ27: =$CJ27 -> Iron | EK27: =FY27 + GL27 -> 522 | EL27: =FZ27 + GM27 -> 508 | EM27: =GA27 + GN27 -> 368 | EN27: =GB27 + GO27 -> 336 | EO27: =GC27 + GP27 -> 266 | EP27: =GD27 + GQ27 -> 356 | EQ27: =GE27 + GR27 -> 327 | ER27: =GF27 + GS27 -> 339 | ... ET27: =GH27 + GU27 -> 706 | EW27: 21 | EX27: Iron | EY27: 18647 | EZ27: 18477 | FA27: 18501 | FB27: 18425 | FC27: 18500 | FD27: 19335 | FE27: 19758 | FF27: 20690 | FG27: 21173 | FH27: 22364 | FJ27: 21 | FK27: Iron | FL27: 722 | FM27: 709 | FN27: 557 | FO27: 480 | FP27: 399 | FQ27: 538 | FR27: 607 | FS27: 726 | FT27: 1026 | FU27: 1434 | FW27: 21 | FX27: Iron | FY27: 74 | FZ27: 89 | GA27: 66 | GB27: 49 | GC27: 31 | GD27: 113 | GE27: 92 | GF27: 108 | GG27: 290 | GH27: 375 | GJ27: 21 | GK27: Iron | GL27: 448 | GM27: 419 | GN27: 302 | GO27: 287 | GP27: 235 | GQ27: 243 | GR27: 235 | GS27: 231 | GT27: 209 | GU27: 331
CI28: 23 | CJ28: Juab | CK28: =CX28 + DK28 -> 0.052783803 | CL28: =CY28 + DL28 -> 0.044870297 | CM28: =CZ28 + DM28 -> 0.040954833 | CN28: =DA28 + DN28 -> 0.042553191 | CO28: =DB28 + DO28 -> 0.044155844 | CP28: =DC28 + DP28 -> 0.048929664 | CQ28: =DD28 + DQ28 -> 0.054034754 | CR28: =DE28 + DR28 -> 0.068748596 | ... CT28: =DG28 + DT28 -> 0.062274006 | CV28: =$CI28*10 + 0 -> 230 | CW28: =$CJ28 -> Juab | CX28: =IFERROR(DX28/EY28, 0) -> 0.035430224 | CY28: =IFERROR(DY28/EZ28, 0) -> 0.032250526 | CZ28: =IFERROR(DZ28/FA28, 0) -> 0.025977065 | DA28: =IFERROR(EA28/FB28, 0) -> 0.026420388 | DB28: =IFERROR(EB28/FC28, 0) -> 0.027390791 | DC28: =IFERROR(EC28/FD28, 0) -> 0.029875323 | DD28: =IFERROR(ED28/FE28, 0) -> 0.030945013 | DE28: =IFERROR(EE28/FF28, 0) -> 0.044259717 | ... DG28: =IFERROR(EG28/FH28, 0) -> 0.031337887 | DI28: =$CI28*10 + 0 -> 230 | DJ28: =$CJ28 -> Juab | DK28: =IFERROR(EK28/EY28, 0) -> 0.017353579 | DL28: =IFERROR(EL28/EZ28, 0) -> 0.012619771 | DM28: =IFERROR(EM28/FA28, 0) -> 0.014977767 | DN28: =IFERROR(EN28/FB28, 0) -> 0.016132803 | DO28: =IFERROR(EO28/FC28, 0) -> 0.016765053 | DP28: =IFERROR(EP28/FD28, 0) -> 0.01905434 | DQ28: =IFERROR(EQ28/FE28, 0) -> 0.023089741 | DR28: =IFERROR(ER28/FF28, 0) -> 0.024488879 | ... DT28: =IFERROR(ET28/FH28, 0) -> 0.030936119 | DV28: =$CI28*10 + 0 -> 230 | DW28: =$CJ28 -> Juab | DX28: =FL28 - EK28 -> 147 | DY28: =FM28 - EL28 -> 138 | DZ28: =FN28 - EM28 -> 111 | EA28: =FO28 - EN28 -> 113 | EB28: =FP28 - EO28 -> 116 | EC28: =FQ28 - EP28 -> 127 | ED28: =FR28 - EQ28 -> 130 | EE28: =FS28 - ER28 -> 197 | ... EG28: =FU28 - ET28 -> 156 | EI28: =$CI28*10 + 0 -> 230 | EJ28: =$CJ28 -> Juab | EK28: =FY28 + GL28 -> 72 | EL28: =FZ28 + GM28 -> 54 | EM28: =GA28 + GN28 -> 64 | EN28: =GB28 + GO28 -> 69 | EO28: =GC28 + GP28 -> 71 | EP28: =GD28 + GQ28 -> 81 | EQ28: =GE28 + GR28 -> 97 | ER28: =GF28 + GS28 -> 109 | ... ET28: =GH28 + GU28 -> 154 | EW28: 23 | EX28: Juab | EY28: 4149 | EZ28: 4279 | FA28: 4273 | FB28: 4277 | FC28: 4235 | FD28: 4251 | FE28: 4201 | FF28: 4451 | FG28: 4747 | FH28: 4978 | FJ28: 23 | FK28: Juab | FL28: 219 | FM28: 192 | FN28: 175 | FO28: 182 | FP28: 187 | FQ28: 208 | FR28: 227 | FS28: 306 | FT28: 273 | FU28: 310 | FW28: 23 | FX28: Juab | FY28: 31 | FZ28: 31 | GA28: 35 | GB28: 27 | GC28: 26 | GD28: 11 | GE28: 11 | GF28: 15 | GG28: 14 | GH28: 24 | GJ28: 23 | GK28: Juab | GL28: 41 | GM28: 23 | GN28: 29 | GO28: 42 | GP28: 45 | GQ28: 70 | GR28: 86 | GS28: 94 | GT28: 76 | GU28: 130
AX29: 49 | AY29: Utah | CI29: 25 | CJ29: Kane | CK29: =CX29 + DK29 -> 0.058641975 | CL29: =CY29 + DL29 -> 0.070689145 | CM29: =CZ29 + DM29 -> 0.05978898 | CN29: =DA29 + DN29 -> 0.071771868 | CO29: =DB29 + DO29 -> 0.073969153 | CP29: =DC29 + DP29 -> 0.067973443 | CQ29: =DD29 + DQ29 -> 0.068617886 | CR29: =DE29 + DR29 -> 0.053787397 | ... CT29: =DG29 + DT29 -> 0.052809334 | CV29: =$CI29*10 + 0 -> 250 | CW29: =$CJ29 -> Kane | CX29: =IFERROR(DX29/EY29, 0) -> 0.011419753 | CY29: =IFERROR(DY29/EZ29, 0) -> 0.023070098 | CZ29: =IFERROR(DZ29/FA29, 0) -> 0.022274326 | DA29: =IFERROR(EA29/FB29, 0) -> 0.029798142 | DB29: =IFERROR(EB29/FC29, 0) -> 0.041863393 | DC29: =IFERROR(EC29/FD29, 0) -> 0.041416377 | DD29: =IFERROR(ED29/FE29, 0) -> 0.042276423 | DE29: =IFERROR(EE29/FF29, 0) -> 0.040101846 | ... DG29: =IFERROR(EG29/FH29, 0) -> 0.035922628 | DI29: =$CI29*10 + 0 -> 250 | DJ29: =$CJ29 -> Kane | DK29: =IFERROR(EK29/EY29, 0) -> 0.047222222 | DL29: =IFERROR(EL29/EZ29, 0) -> 0.047619048 | DM29: =IFERROR(EM29/FA29, 0) -> 0.037514654 | DN29: =IFERROR(EN29/FB29, 0) -> 0.041973726 | DO29: =IFERROR(EO29/FC29, 0) -> 0.03210576 | DP29: =IFERROR(EP29/FD29, 0) -> 0.026557066 | DQ29: =IFERROR(EQ29/FE29, 0) -> 0.026341463 | DR29: =IFERROR(ER29/FF29, 0) -> 0.013685551 | ... DT29: =IFERROR(ET29/FH29, 0) -> 0.016886706 | DV29: =$CI29*10 + 0 -> 250 | DW29: =$CJ29 -> Kane | DX29: =FL29 - EK29 -> 37 | DY29: =FM29 - EL29 -> 78 | DZ29: =FN29 - EM29 -> 76 | EA29: =FO29 - EN29 -> 93 | EB29: =FP29 - EO29 -> 133 | EC29: =FQ29 - EP29 -> 131 | ED29: =FR29 - EQ29 -> 130 | EE29: =FS29 - ER29 -> 126 | ... EG29: =FU29 - ET29 -> 117 | EI29: =$CI29*10 + 0 -> 250 | EJ29: =$CJ29 -> Kane | EK29: =FY29 + GL29 -> 153 | EL29: =FZ29 + GM29 -> 161 | EM29: =GA29 + GN29 -> 128 | EN29: =GB29 + GO29 -> 131 | EO29: =GC29 + GP29 -> 102 | EP29: =GD29 + GQ29 -> 84 | EQ29: =GE29 + GR29 -> 81 | ER29: =GF29 + GS29 -> 43 | ... ET29: =GH29 + GU29 -> 55 | EW29: 25 | EX29: Kane | EY29: 3240 | EZ29: 3381 | FA29: 3412 | FB29: 3121 | FC29: 3177 | FD29: 3163 | FE29: 3075 | FF29: 3142 | FG29: 3221 | FH29: 3257 | FJ29: 25 | FK29: Kane | FL29: 190 | FM29: 239 | FN29: 204 | FO29: 224 | FP29: 235 | FQ29: 215 | FR29: 211 | FS29: 169 | FT29: 128 | FU29: 172 | FW29: 25 | FX29: Kane | FY29: 29 | FZ29: 26 | GA29: 31 | GB29: 43 | GC29: 57 | GD29: 58 | GE29: 51 | GF29: 16 | GG29: 32 | GH29: 39 | GJ29: 25 | GK29: Kane | GL29: 124 | GM29: 135 | GN29: 97 | GO29: 88 | GP29: 45 | GQ29: 26 | GR29: 30 | GS29: 27 | GT29: 13 | GU29: 16
AZ30: 2010 | BA30: 2011 | BB30: 2012 | BC30: 2013 | BD30: 2014 | BE30: 2015 | BF30: 2016 | BG30: 2017 | BH30: 2018 | BI30: 2019 | CI30: 27 | CJ30: Millard | CK30: =CX30 + DK30 -> 0.039679276 | CL30: =CY30 + DL30 -> 0.036363636 | CM30: =CZ30 + DM30 -> 0.034599324 | CN30: =DA30 + DN30 -> 0.03828125 | CO30: =DB30 + DO30 -> 0.041794479 | CP30: =DC30 + DP30 -> 0.040612014 | CQ30: =DD30 + DQ30 -> 0.044436076 | CR30: =DE30 + DR30 -> 0.055098991 | ... CT30: =DG30 + DT30 -> 0.054069224 | CV30: =$CI30*10 + 0 -> 270 | CW30: =$CJ30 -> Millard | CX30: =IFERROR(DX30/EY30, 0) -> 0.013569079 | CY30: =IFERROR(DY30/EZ30, 0) -> 0.0068686869 | CZ30: =IFERROR(DZ30/FA30, 0) -> 0.0075561742 | DA30: =IFERROR(EA30/FB30, 0) -> 0.00859375 | DB30: =IFERROR(EB30/FC30, 0) -> 0.0076687117 | DC30: =IFERROR(EC30/FD30, 0) -> 0.0090668682 | DD30: =IFERROR(ED30/FE30, 0) -> 0.012991904 | DE30: =IFERROR(EE30/FF30, 0) -> 0.0089652596 | ... DG30: =IFERROR(EG30/FH30, 0) -> 0.014031805 | DI30: =$CI30*10 + 0 -> 270 | DJ30: =$CJ30 -> Millard | DK30: =IFERROR(EK30/EY30, 0) -> 0.026110197 | DL30: =IFERROR(EL30/EZ30, 0) -> 0.029494949 | DM30: =IFERROR(EM30/FA30, 0) -> 0.02704315 | DN30: =IFERROR(EN30/FB30, 0) -> 0.0296875 | DO30: =IFERROR(EO30/FC30, 0) -> 0.034125767 | DP30: =IFERROR(EP30/FD30, 0) -> 0.031545145 | DQ30: =IFERROR(EQ30/FE30, 0) -> 0.031444172 | DR30: =IFERROR(ER30/FF30, 0) -> 0.046133732 | ... DT30: =IFERROR(ET30/FH30, 0) -> 0.040037418 | DV30: =$CI30*10 + 0 -> 270 | DW30: =$CJ30 -> Millard | DX30: =FL30 - EK30 -> 66 | DY30: =FM30 - EL30 -> 34 | DZ30: =FN30 - EM30 -> 38 | EA30: =FO30 - EN30 -> 44 | EB30: =FP30 - EO30 -> 40 | EC30: =FQ30 - EP30 -> 48 | ED30: =FR30 - EQ30 -> 69 | EE30: =FS30 - ER30 -> 48 | ... EG30: =FU30 - ET30 -> 75 | EI30: =$CI30*10 + 0 -> 270 | EJ30: =$CJ30 -> Millard | EK30: =FY30 + GL30 -> 127 | EL30: =FZ30 + GM30 -> 146 | EM30: =GA30 + GN30 -> 136 | EN30: =GB30 + GO30 -> 152 | EO30: =GC30 + GP30 -> 178 | EP30: =GD30 + GQ30 -> 167 | EQ30: =GE30 + GR30 -> 167 | ER30: =GF30 + GS30 -> 247 | ... ET30: =GH30 + GU30 -> 214 | EW30: 27 | EX30: Millard | EY30: 4864 | EZ30: 4950 | FA30: 5029 | FB30: 5120 | FC30: 5216 | FD30: 5294 | FE30: 5311 | FF30: 5354 | FG30: 5379 | FH30: 5345 | FJ30: 27 | FK30: Millard | FL30: 193 | FM30: 180 | FN30: 174 | FO30: 196 | FP30: 218 | FQ30: 215 | FR30: 236 | FS30: 295 | FT30: 328 | FU30: 289 | FW30: 27 | FX30: Millard | FY30: 40 | FZ30: 44 | GA30: 19 | GB30: 21 | GC30: 22 | GD30: 21 | GE30: 9 | GF30: 81 | GG30: 82 | GH30: 74 | GJ30: 27 | GK30: Millard | GL30: 87 | GM30: 102 | GN30: 117 | GO30: 131 | GP30: 156 | GQ30: 146 | GR30: 158 | GS30: 166 | GT30: 162 | GU30: 140
AY31: Home-Based-Job | AZ31: =INDEX($DK$7:$DT$13, MATCH(AY29, $DJ$7:$DJ$13,0), MATCH(AZ$6, $DK$6:$DT$6, 0)) -> 0.031205599 | BA31: =INDEX($DK$7:$DT$13, MATCH(AY29, $DJ$7:$DJ$13,0), MATCH(BA$6, $DK$6:$DT$6, 0)) -> 0.029610612 | BB31: =INDEX($DK$7:$DT$13, MATCH(AY29, $DJ$7:$DJ$13,0), MATCH(BB$6, $DK$6:$DT$6, 0)) -> 0.028699363 | BC31: =INDEX($DK$7:$DT$13, MATCH(AY29, $DJ$7:$DJ$13,0), MATCH(BC$6, $DK$6:$DT$6, 0)) -> 0.028200604 | BD31: =INDEX($DK$7:$DT$13, MATCH(AY29, $DJ$7:$DJ$13,0), MATCH(BD$6, $DK$6:$DT$6, 0)) -> 0.027241121 | BE31: =INDEX($DK$7:$DT$13, MATCH(AY29, $DJ$7:$DJ$13,0), MATCH(BE$6, $DK$6:$DT$6, 0)) -> 0.026667457 | BF31: =INDEX($DK$7:$DT$13, MATCH(AY29, $DJ$7:$DJ$13,0), MATCH(BF$6, $DK$6:$DT$6, 0)) -> 0.027795508 | BG31: =INDEX($DK$7:$DT$13, MATCH(AY29, $DJ$7:$DJ$13,0), MATCH(BG$6, $DK$6:$DT$6, 0)) -> 0.029579489 | BH31: =INDEX($DK$7:$DT$13, MATCH(AY29, $DJ$7:$DJ$13,0), MATCH(BH$6, $DK$6:$DT$6, 0)) -> 0.029798687 | BI31: =INDEX($DK$7:$DT$13, MATCH(AY29, $DJ$7:$DJ$13,0), MATCH(BI$6, $DK$6:$DT$6, 0)) -> 0.029811445 | BJ31: =BI31/BI33 -> 0.41450412 | CI31: 29 | CJ31: Morgan | CK31: =CX31 + DK31 -> 0.05754858 | CL31: =CY31 + DL31 -> 0.043265705 | CM31: =CZ31 + DM31 -> 0.0439097 | CN31: =DA31 + DN31 -> 0.04966806 | CO31: =DB31 + DO31 -> 0.051928783 | CP31: =DC31 + DP31 -> 0.043724888 | CQ31: =DD31 + DQ31 -> 0.037861404 | CR31: =DE31 + DR31 -> 0.038544358 | ... CT31: =DG31 + DT31 -> 0.039137715 | CV31: =$CI31*10 + 0 -> 290 | CW31: =$CJ31 -> Morgan | CX31: =IFERROR(DX31/EY31, 0) -> 0.0062282013 | CY31: =IFERROR(DY31/EZ31, 0) -> 0.01735517 | CZ31: =IFERROR(DZ31/FA31, 0) -> 0.017365418 | DA31: =IFERROR(EA31/FB31, 0) -> 0.02311286 | DB31: =IFERROR(EB31/FC31, 0) -> 0.022255193 | DC31: =IFERROR(EC31/FD31, 0) -> 0.02221697 | DD31: =IFERROR(ED31/FE31, 0) -> 0.016980266 | DE31: =IFERROR(EE31/FF31, 0) -> 0.016365202 | ... DG31: =IFERROR(EG31/FH31, 0) -> 0.025115111 | DI31: =$CI31*10 + 0 -> 290 | DJ31: =$CJ31 -> Morgan | DK31: =IFERROR(EK31/EY31, 0) -> 0.051320379 | DL31: =IFERROR(EL31/EZ31, 0) -> 0.025910535 | DM31: =IFERROR(EM31/FA31, 0) -> 0.026544282 | DN31: =IFERROR(EN31/FB31, 0) -> 0.0265552 | DO31: =IFERROR(EO31/FC31, 0) -> 0.029673591 | DP31: =IFERROR(EP31/FD31, 0) -> 0.021507918 | DQ31: =IFERROR(EQ31/FE31, 0) -> 0.020881138 | DR31: =IFERROR(ER31/FF31, 0) -> 0.022179156 | ... DT31: =IFERROR(ET31/FH31, 0) -> 0.014022604 | DV31: =$CI31*10 + 0 -> 290 | DW31: =$CJ31 -> Morgan | DX31: =FL31 - EK31 -> 25 | DY31: =FM31 - EL31 -> 71 | DZ31: =FN31 - EM31 -> 70 | EA31: =FO31 - EN31 -> 94 | EB31: =FP31 - EO31 -> 90 | EC31: =FQ31 - EP31 -> 94 | ED31: =FR31 - EQ31 -> 74 | EE31: =FS31 - ER31 -> 76 | ... EG31: =FU31 - ET31 -> 120 | EI31: =$CI31*10 + 0 -> 290 | EJ31: =$CJ31 -> Morgan | EK31: =FY31 + GL31 -> 206 | EL31: =FZ31 + GM31 -> 106 | EM31: =GA31 + GN31 -> 107 | EN31: =GB31 + GO31 -> 108 | EO31: =GC31 + GP31 -> 120 | EP31: =GD31 + GQ31 -> 91 | EQ31: =GE31 + GR31 -> 91 | ER31: =GF31 + GS31 -> 103 | ... ET31: =GH31 + GU31 -> 67 | EW31: 29 | EX31: Morgan | EY31: 4014 | EZ31: 4091 | FA31: 4031 | FB31: 4067 | FC31: 4044 | FD31: 4231 | FE31: 4358 | FF31: 4644 | FG31: 4757 | FH31: 4778 | FJ31: 29 | FK31: Morgan | FL31: 231 | FM31: 177 | FN31: 177 | FO31: 202 | FP31: 210 | FQ31: 185 | FR31: 165 | FS31: 179 | FT31: 194 | FU31: 187 | FW31: 29 | FX31: Morgan | FY31: 22 | FZ31: 12 | GA31: 29 | GB31: 36 | GC31: 42 | GD31: 36 | GE31: 36 | GF31: 36 | GG31: 25 | GH31: 28 | GJ31: 29 | GK31: Morgan | GL31: 184 | GM31: 94 | GN31: 78 | GO31: 72 | GP31: 78 | GQ31: 55 | GR31: 55 | GS31: 67 | GT31: 71 | GU31: 39
AY32: Telecommute | AZ32: =INDEX($CX$7:$DG$13, MATCH(AY29, $CW$7:$CW$13,0), MATCH(AZ$6, $CX$6:$DG$6, 0)) -> 0.03032901 | BA32: =INDEX($CX$7:$DG$13, MATCH(AY29, $CW$7:$CW$13,0), MATCH(BA$6, $CX$6:$DG$6, 0)) -> 0.031190156 | BB32: =INDEX($CX$7:$DG$13, MATCH(AY29, $CW$7:$CW$13,0), MATCH(BB$6, $CX$6:$DG$6, 0)) -> 0.030172178 | BC32: =INDEX($CX$7:$DG$13, MATCH(AY29, $CW$7:$CW$13,0), MATCH(BC$6, $CX$6:$DG$6, 0)) -> 0.032257628 | BD32: =INDEX($CX$7:$DG$13, MATCH(AY29, $CW$7:$CW$13,0), MATCH(BD$6, $CX$6:$DG$6, 0)) -> 0.033239449 | BE32: =INDEX($CX$7:$DG$13, MATCH(AY29, $CW$7:$CW$13,0), MATCH(BE$6, $CX$6:$DG$6, 0)) -> 0.034505098 | BF32: =INDEX($CX$7:$DG$13, MATCH(AY29, $CW$7:$CW$13,0), MATCH(BF$6, $CX$6:$DG$6, 0)) -> 0.035446692 | BG32: =INDEX($CX$7:$DG$13, MATCH(AY29, $CW$7:$CW$13,0), MATCH(BG$6, $CX$6:$DG$6, 0)) -> 0.036988184 | BH32: =INDEX($CX$7:$DG$13, MATCH(AY29, $CW$7:$CW$13,0), MATCH(BH$6, $CX$6:$DG$6, 0)) -> 0.039262243 | BI32: =INDEX($CX$7:$DG$13, MATCH(AY29, $CW$7:$CW$13,0), MATCH(BI$6, $CX$6:$DG$6, 0)) -> 0.042109299 | BJ32: =BI32/BI33 -> 0.58549588 | CI32: 31 | CJ32: Piute | CK32: =CX32 + DK32 -> 0.12241055 | CL32: =CY32 + DL32 -> 0.064957265 | CM32: =CZ32 + DM32 -> 0.076923077 | CN32: =DA32 + DN32 -> 0.075885329 | CO32: =DB32 + DO32 -> 0.065281899 | CP32: =DC32 + DP32 -> 0.064914992 | CQ32: =DD32 + DQ32 -> 0.060301508 | CR32: =DE32 + DR32 -> 0.0176 | ... CT32: =DG32 + DT32 -> 0.01512605 | CV32: =$CI32*10 + 0 -> 310 | CW32: =$CJ32 -> Piute | CX32: =IFERROR(DX32/EY32, 0) -> 0.069679849 | CY32: =IFERROR(DY32/EZ32, 0) -> 0.035897436 | CZ32: =IFERROR(DZ32/FA32, 0) -> 0.045787546 | DA32: =IFERROR(EA32/FB32, 0) -> 0.040472175 | DB32: =IFERROR(EB32/FC32, 0) -> 0.047477745 | DC32: =IFERROR(EC32/FD32, 0) -> 0.046367852 | DD32: =IFERROR(ED32/FE32, 0) -> 0.048576214 | DE32: =IFERROR(EE32/FF32, 0) -> 0.0112 | ... DG32: =IFERROR(EG32/FH32, 0) -> 0.0050420168 | DI32: =$CI32*10 + 0 -> 310 | DJ32: =$CJ32 -> Piute | DK32: =IFERROR(EK32/EY32, 0) -> 0.052730697 | DL32: =IFERROR(EL32/EZ32, 0) -> 0.029059829 | DM32: =IFERROR(EM32/FA32, 0) -> 0.031135531 | DN32: =IFERROR(EN32/FB32, 0) -> 0.035413153 | DO32: =IFERROR(EO32/FC32, 0) -> 0.017804154 | DP32: =IFERROR(EP32/FD32, 0) -> 0.018547141 | DQ32: =IFERROR(EQ32/FE32, 0) -> 0.011725293 | DR32: =IFERROR(ER32/FF32, 0) -> 0.0064 | ... DT32: =IFERROR(ET32/FH32, 0) -> 0.010084034 | DV32: =$CI32*10 + 0 -> 310 | DW32: =$CJ32 -> Piute | DX32: =FL32 - EK32 -> 37 | DY32: =FM32 - EL32 -> 21 | DZ32: =FN32 - EM32 -> 25 | EA32: =FO32 - EN32 -> 24 | EB32: =FP32 - EO32 -> 32 | EC32: =FQ32 - EP32 -> 30 | ED32: =FR32 - EQ32 -> 29 | EE32: =FS32 - ER32 -> 7 | ... EG32: =FU32 - ET32 -> 3 | EI32: =$CI32*10 + 0 -> 310 | EJ32: =$CJ32 -> Piute | EK32: =FY32 + GL32 -> 28 | EL32: =FZ32 + GM32 -> 17 | EM32: =GA32 + GN32 -> 17 | EN32: =GB32 + GO32 -> 21 | EO32: =GC32 + GP32 -> 12 | EP32: =GD32 + GQ32 -> 12 | EQ32: =GE32 + GR32 -> 7 | ER32: =GF32 + GS32 -> 4 | ... ET32: =GH32 + GU32 -> 6 | EW32: 31 | EX32: Piute | EY32: 531 | EZ32: 585 | FA32: 546 | FB32: 593 | FC32: 674 | FD32: 647 | FE32: 597 | FF32: 625 | FG32: 604 | FH32: 595 | FJ32: 31 | FK32: Piute | FL32: 65 | FM32: 38 | FN32: 42 | FO32: 45 | FP32: 44 | FQ32: 42 | FR32: 36 | FS32: 11 | FT32: 12 | FU32: 9 | FW32: 31 | FX32: Piute | FY32: 5 | FZ32: 0 | GA32: 5 | GB32: 5 | GC32: 5 | GD32: 5 | GE32: 3 | GF32: 0 | GG32: 10 | GH32: 6 | GJ32: 31 | GK32: Piute | GL32: 23 | GM32: 17 | GN32: 12 | GO32: 16 | GP32: 7 | GQ32: 7 | GR32: 4 | GS32: 4 | GT32: 0 | GU32: 0
AY33: Total Work At Home | AZ33: =SUM(AZ31:AZ32) -> 0.061534608 | BA33: =SUM(BA31:BA32) -> 0.060800768 | BB33: =SUM(BB31:BB32) -> 0.058871541 | BC33: =SUM(BC31:BC32) -> 0.060458232 | BD33: =SUM(BD31:BD32) -> 0.06048057 | BE33: =SUM(BE31:BE32) -> 0.061172555 | BF33: =SUM(BF31:BF32) -> 0.063242199 | BG33: =SUM(BG31:BG32) -> 0.066567673 | ... BI33: =SUM(BI31:BI32) -> 0.071920744 | CI33: 33 | CJ33: Rich | CK33: =CX33 + DK33 -> 0.11797753 | CL33: =CY33 + DL33 -> 0.12108559 | CM33: =CZ33 + DM33 -> 0.066591422 | CN33: =DA33 + DN33 -> 0.051948052 | CO33: =DB33 + DO33 -> 0.022049287 | CP33: =DC33 + DP33 -> 0.054945055 | CQ33: =DD33 + DQ33 -> 0.081690141 | CR33: =DE33 + DR33 -> 0.094170404 | ... CT33: =DG33 + DT33 -> 0.12732095 | CV33: =$CI33*10 + 0 -> 330 | CW33: =$CJ33 -> Rich | CX33: =IFERROR(DX33/EY33, 0) -> 0.036516854 | CY33: =IFERROR(DY33/EZ33, 0) -> 0.043841336 | CZ33: =IFERROR(DZ33/FA33, 0) -> 0.021444695 | DA33: =IFERROR(EA33/FB33, 0) -> 0.023612751 | DB33: =IFERROR(EB33/FC33, 0) -> 0.010376135 | DC33: =IFERROR(EC33/FD33, 0) -> 0.0082417582 | DD33: =IFERROR(ED33/FE33, 0) -> 0.035211268 | DE33: =IFERROR(EE33/FF33, 0) -> 0.029895366 | ... DG33: =IFERROR(EG33/FH33, 0) -> 0.030503979 | DI33: =$CI33*10 + 0 -> 330 | DJ33: =$CJ33 -> Rich | DK33: =IFERROR(EK33/EY33, 0) -> 0.081460674 | DL33: =IFERROR(EL33/EZ33, 0) -> 0.077244259 | DM33: =IFERROR(EM33/FA33, 0) -> 0.045146727 | DN33: =IFERROR(EN33/FB33, 0) -> 0.028335301 | DO33: =IFERROR(EO33/FC33, 0) -> 0.011673152 | DP33: =IFERROR(EP33/FD33, 0) -> 0.046703297 | DQ33: =IFERROR(EQ33/FE33, 0) -> 0.046478873 | DR33: =IFERROR(ER33/FF33, 0) -> 0.064275037 | ... DT33: =IFERROR(ET33/FH33, 0) -> 0.096816976 | DV33: =$CI33*10 + 0 -> 330 | DW33: =$CJ33 -> Rich | DX33: =FL33 - EK33 -> 39 | DY33: =FM33 - EL33 -> 42 | DZ33: =FN33 - EM33 -> 19 | EA33: =FO33 - EN33 -> 20 | EB33: =FP33 - EO33 -> 8 | EC33: =FQ33 - EP33 -> 6 | ED33: =FR33 - EQ33 -> 25 | EE33: =FS33 - ER33 -> 20 | ... EG33: =FU33 - ET33 -> 23 | EI33: =$CI33*10 + 0 -> 330 | EJ33: =$CJ33 -> Rich | EK33: =FY33 + GL33 -> 87 | EL33: =FZ33 + GM33 -> 74 | EM33: =GA33 + GN33 -> 40 | EN33: =GB33 + GO33 -> 24 | EO33: =GC33 + GP33 -> 9 | EP33: =GD33 + GQ33 -> 34 | EQ33: =GE33 + GR33 -> 33 | ER33: =GF33 + GS33 -> 43 | ... ET33: =GH33 + GU33 -> 73 | EW33: 33 | EX33: Rich | EY33: 1068 | EZ33: 958 | FA33: 886 | FB33: 847 | FC33: 771 | FD33: 728 | FE33: 710 | FF33: 669 | FG33: 764 | FH33: 754 | FJ33: 33 | FK33: Rich | FL33: 126 | FM33: 116 | FN33: 59 | FO33: 44 | FP33: 17 | FQ33: 40 | FR33: 58 | FS33: 63 | FT33: 77 | FU33: 96 | FW33: 33 | FX33: Rich | FY33: 60 | FZ33: 46 | GA33: 28 | GB33: 15 | GC33: 1 | GD33: 22 | GE33: 22 | GF33: 27 | GG33: 51 | GH33: 58 | GJ33: 33 | GK33: Rich | GL33: 27 | GM33: 28 | GN33: 12 | GO33: 9 | GP33: 8 | GQ33: 12 | GR33: 11 | GS33: 16 | GT33: 13 | GU33: 15
CI34: 35 | CJ34: Salt Lake | CK34: =CX34 + DK34 -> 0.042931884 | CL34: =CY34 + DL34 -> 0.043507812 | CM34: =CZ34 + DM34 -> 0.043455383 | CN34: =DA34 + DN34 -> 0.04479927 | CO34: =DB34 + DO34 -> 0.046272278 | CP34: =DC34 + DP34 -> 0.049433922 | CQ34: =DD34 + DQ34 -> 0.051318901 | CR34: =DE34 + DR34 -> 0.055654606 | ... CT34: =DG34 + DT34 -> 0.06205852 | CV34: =$CI34*10 + 0 -> 350 | CW34: =$CJ34 -> Salt Lake | CX34: =IFERROR(DX34/EY34, 0) -> 0.020160525 | CY34: =IFERROR(DY34/EZ34, 0) -> 0.020714153 | CZ34: =IFERROR(DZ34/FA34, 0) -> 0.021753701 | DA34: =IFERROR(EA34/FB34, 0) -> 0.023663123 | DB34: =IFERROR(EB34/FC34, 0) -> 0.024920935 | DC34: =IFERROR(EC34/FD34, 0) -> 0.027333628 | DD34: =IFERROR(ED34/FE34, 0) -> 0.028398168 | DE34: =IFERROR(EE34/FF34, 0) -> 0.030665065 | ... DG34: =IFERROR(EG34/FH34, 0) -> 0.034882724 | DI34: =$CI34*10 + 0 -> 350 | DJ34: =$CJ34 -> Salt Lake | DK34: =IFERROR(EK34/EY34, 0) -> 0.022771358 | DL34: =IFERROR(EL34/EZ34, 0) -> 0.02279366 | DM34: =IFERROR(EM34/FA34, 0) -> 0.021701682 | DN34: =IFERROR(EN34/FB34, 0) -> 0.021136147 | DO34: =IFERROR(EO34/FC34, 0) -> 0.021351343 | DP34: =IFERROR(EP34/FD34, 0) -> 0.022100294 | DQ34: =IFERROR(EQ34/FE34, 0) -> 0.022920733 | DR34: =IFERROR(ER34/FF34, 0) -> 0.024989541 | ... DT34: =IFERROR(ET34/FH34, 0) -> 0.027175796 | DV34: =$CI34*10 + 0 -> 350 | DW34: =$CJ34 -> Salt Lake | DX34: =FL34 - EK34 -> 9884 | DY34: =FM34 - EL34 -> 10240 | DZ34: =FN34 - EM34 -> 10873 | EA34: =FO34 - EN34 -> 11930 | EB34: =FP34 - EO34 -> 12797 | EC34: =FQ34 - EP34 -> 14452 | ED34: =FR34 - EQ34 -> 15393 | EE34: =FS34 - ER34 -> 17079 | ... EG34: =FU34 - ET34 -> 20336 | EI34: =$CI34*10 + 0 -> 350 | EJ34: =$CJ34 -> Salt Lake | EK34: =FY34 + GL34 -> 11164 | EL34: =FZ34 + GM34 -> 11268 | EM34: =GA34 + GN34 -> 10847 | EN34: =GB34 + GO34 -> 10656 | EO34: =GC34 + GP34 -> 10964 | EP34: =GD34 + GQ34 -> 11685 | EQ34: =GE34 + GR34 -> 12424 | ER34: =GF34 + GS34 -> 13918 | ... ET34: =GH34 + GU34 -> 15843 | EW34: 35 | EX34: Salt Lake | EY34: 490265 | EZ34: 494348 | FA34: 499823 | FB34: 504160 | FC34: 513504 | FD34: 528726 | FE34: 542042 | FF34: 556953 | FG34: 569309 | FH34: 582982 | FJ34: 35 | FK34: Salt Lake | FL34: 21048 | FM34: 21508 | FN34: 21720 | FO34: 22586 | FP34: 23761 | FQ34: 26137 | FR34: 27817 | FS34: 30997 | FT34: 33696 | FU34: 36179 | FW34: 35 | FX34: Salt Lake | FY34: 3397 | FZ34: 3406 | GA34: 3293 | GB34: 3194 | GC34: 3560 | GD34: 4111 | GE34: 4474 | GF34: 5127 | GG34: 5687 | GH34: 5565 | GJ34: 35 | GK34: Salt Lake | GL34: 7767 | GM34: 7862 | GN34: 7554 | GO34: 7462 | GP34: 7404 | GQ34: 7574 | GR34: 7950 | GS34: 8791 | GT34: 9548 | GU34: 10278
AX35: 1049 | AY35: State of Utah | CI35: 37 | CJ35: San Juan | CK35: =CX35 + DK35 -> 0.063428342 | CL35: =CY35 + DL35 -> 0.071007164 | CM35: =CZ35 + DM35 -> 0.069731204 | CN35: =DA35 + DN35 -> 0.08024565 | CO35: =DB35 + DO35 -> 0.069357956 | CP35: =DC35 + DP35 -> 0.071122011 | CQ35: =DD35 + DQ35 -> 0.096786834 | CR35: =DE35 + DR35 -> 0.09211295 | ... CT35: =DG35 + DT35 -> 0.096895075 | CV35: =$CI35*10 + 0 -> 370 | CW35: =$CJ35 -> San Juan | CX35: =IFERROR(DX35/EY35, 0) -> 0.030911281 | CY35: =IFERROR(DY35/EZ35, 0) -> 0.031184155 | CZ35: =IFERROR(DZ35/FA35, 0) -> 0.035644721 | DA35: =IFERROR(EA35/FB35, 0) -> 0.042169908 | DB35: =IFERROR(EB35/FC35, 0) -> 0.035215804 | DC35: =IFERROR(EC35/FD35, 0) -> 0.030247292 | DD35: =IFERROR(ED35/FE35, 0) -> 0.034482759 | DE35: =IFERROR(EE35/FF35, 0) -> 0.031742941 | ... DG35: =IFERROR(EG35/FH35, 0) -> 0.027480371 | DI35: =$CI35*10 + 0 -> 370 | DJ35: =$CJ35 -> San Juan | DK35: =IFERROR(EK35/EY35, 0) -> 0.032517061 | DL35: =IFERROR(EL35/EZ35, 0) -> 0.039823009 | DM35: =IFERROR(EM35/FA35, 0) -> 0.034086482 | DN35: =IFERROR(EN35/FB35, 0) -> 0.038075742 | DO35: =IFERROR(EO35/FC35, 0) -> 0.034142152 | DP35: =IFERROR(EP35/FD35, 0) -> 0.040874719 | DQ35: =IFERROR(EQ35/FE35, 0) -> 0.062304075 | DR35: =IFERROR(ER35/FF35, 0) -> 0.06037001 | ... DT35: =IFERROR(ET35/FH35, 0) -> 0.069414704 | DV35: =$CI35*10 + 0 -> 370 | DW35: =$CJ35 -> San Juan | DX35: =FL35 - EK35 -> 154 | DY35: =FM35 - EL35 -> 148 | DZ35: =FN35 - EM35 -> 183 | EA35: =FO35 - EN35 -> 206 | EB35: =FP35 - EO35 -> 164 | EC35: =FQ35 - EP35 -> 148 | ED35: =FR35 - EQ35 -> 176 | EE35: =FS35 - ER35 -> 163 | ... EG35: =FU35 - ET35 -> 154 | EI35: =$CI35*10 + 0 -> 370 | EJ35: =$CJ35 -> San Juan | EK35: =FY35 + GL35 -> 162 | EL35: =FZ35 + GM35 -> 189 | EM35: =GA35 + GN35 -> 175 | EN35: =GB35 + GO35 -> 186 | EO35: =GC35 + GP35 -> 159 | EP35: =GD35 + GQ35 -> 200 | EQ35: =GE35 + GR35 -> 318 | ER35: =GF35 + GS35 -> 310 | ... ET35: =GH35 + GU35 -> 389 | EW35: 37 | EX35: San Juan | EY35: 4982 | EZ35: 4746 | FA35: 5134 | FB35: 4885 | FC35: 4657 | FD35: 4893 | FE35: 5104 | FF35: 5135 | FG35: 5346 | FH35: 5604 | FJ35: 37 | FK35: San Juan | FL35: 316 | FM35: 337 | FN35: 358 | FO35: 392 | FP35: 323 | FQ35: 348 | FR35: 494 | FS35: 473 | FT35: 521 | FU35: 543 | FW35: 37 | FX35: San Juan | FY35: 55 | FZ35: 52 | GA35: 48 | GB35: 34 | GC35: 51 | GD35: 50 | GE35: 97 | GF35: 67 | GG35: 96 | GH35: 81 | GJ35: 37 | GK35: San Juan | GL35: 107 | GM35: 137 | GN35: 127 | GO35: 152 | GP35: 108 | GQ35: 150 | GR35: 221 | GS35: 243 | GT35: 272 | GU35: 308
AZ36: 2010 | BA36: 2011 | BB36: 2012 | BC36: 2013 | BD36: 2014 | BE36: 2015 | BF36: 2016 | BG36: 2017 | BH36: 2018 | BI36: 2019 | CI36: 39 | CJ36: Sanpete | CK36: =CX36 + DK36 -> 0.068351692 | CL36: =CY36 + DL36 -> 0.060085411 | CM36: =CZ36 + DM36 -> 0.05990099 | CN36: =DA36 + DN36 -> 0.064593301 | CO36: =DB36 + DO36 -> 0.06698902 | CP36: =DC36 + DP36 -> 0.057544498 | CQ36: =DD36 + DQ36 -> 0.058199016 | CR36: =DE36 + DR36 -> 0.071839351 | ... CT36: =DG36 + DT36 -> 0.079326923 | CV36: =$CI36*10 + 0 -> 390 | CW36: =$CJ36 -> Sanpete | CX36: =IFERROR(DX36/EY36, 0) -> 0.02940598 | CY36: =IFERROR(DY36/EZ36, 0) -> 0.02731155 | CZ36: =IFERROR(DZ36/FA36, 0) -> 0.024257426 | DA36: =IFERROR(EA36/FB36, 0) -> 0.02442185 | DB36: =IFERROR(EB36/FC36, 0) -> 0.024780901 | DC36: =IFERROR(EC36/FD36, 0) -> 0.022855987 | DD36: =IFERROR(ED36/FE36, 0) -> 0.022391661 | DE36: =IFERROR(EE36/FF36, 0) -> 0.027246158 | ... DG36: =IFERROR(EG36/FH36, 0) -> 0.032709478 | DI36: =$CI36*10 + 0 -> 390 | DJ36: =$CJ36 -> Sanpete | DK36: =IFERROR(EK36/EY36, 0) -> 0.038945712 | DL36: =IFERROR(EL36/EZ36, 0) -> 0.03277386 | DM36: =IFERROR(EM36/FA36, 0) -> 0.035643564 | DN36: =IFERROR(EN36/FB36, 0) -> 0.040171451 | DO36: =IFERROR(EO36/FC36, 0) -> 0.042208119 | DP36: =IFERROR(EP36/FD36, 0) -> 0.034688511 | DQ36: =IFERROR(EQ36/FE36, 0) -> 0.035807355 | DR36: =IFERROR(ER36/FF36, 0) -> 0.044593193 | ... DT36: =IFERROR(ET36/FH36, 0) -> 0.046617445 | DV36: =$CI36*10 + 0 -> 390 | DW36: =$CJ36 -> Sanpete | DX36: =FL36 - EK36 -> 299 | DY36: =FM36 - EL36 -> 275 | DZ36: =FN36 - EM36 -> 245 | EA36: =FO36 - EN36 -> 245 | EB36: =FP36 - EO36 -> 246 | EC36: =FQ36 - EP36 -> 226 | ED36: =FR36 - EQ36 -> 232 | EE36: =FS36 - ER36 -> 289 | ... EG36: =FU36 - ET36 -> 381 | EI36: =$CI36*10 + 0 -> 390 | EJ36: =$CJ36 -> Sanpete | EK36: =FY36 + GL36 -> 396 | EL36: =FZ36 + GM36 -> 330 | EM36: =GA36 + GN36 -> 360 | EN36: =GB36 + GO36 -> 403 | EO36: =GC36 + GP36 -> 419 | EP36: =GD36 + GQ36 -> 343 | EQ36: =GE36 + GR36 -> 371 | ER36: =GF36 + GS36 -> 473 | ... ET36: =GH36 + GU36 -> 543 | EW36: 39 | EX36: Sanpete | EY36: 10168 | EZ36: 10069 | FA36: 10100 | FB36: 10032 | FC36: 9927 | FD36: 9888 | FE36: 10361 | FF36: 10607 | FG36: 11087 | FH36: 11648 | FJ36: 39 | FK36: Sanpete | FL36: 695 | FM36: 605 | FN36: 605 | FO36: 648 | FP36: 665 | FQ36: 569 | FR36: 603 | FS36: 762 | FT36: 770 | FU36: 924 | FW36: 39 | FX36: Sanpete | FY36: 156 | FZ36: 114 | GA36: 157 | GB36: 199 | GC36: 200 | GD36: 159 | GE36: 160 | GF36: 160 | GG36: 175 | GH36: 189 | GJ36: 39 | GK36: Sanpete | GL36: 240 | GM36: 216 | GN36: 203 | GO36: 204 | GP36: 219 | GQ36: 184 | GR36: 211 | GS36: 313 | GT36: 298 | GU36: 354
AY37: Home-Based-Job | AZ37: =INDEX($DK$7:$DT$13, MATCH(AY35, $DJ$7:$DJ$13,0), MATCH(AZ$6, $DK$6:$DT$6, 0)) -> 0.025961915 | BA37: =INDEX($DK$7:$DT$13, MATCH(AY35, $DJ$7:$DJ$13,0), MATCH(BA$6, $DK$6:$DT$6, 0)) -> 0.024977838 | BB37: =INDEX($DK$7:$DT$13, MATCH(AY35, $DJ$7:$DJ$13,0), MATCH(BB$6, $DK$6:$DT$6, 0)) -> 0.023929627 | BC37: =INDEX($DK$7:$DT$13, MATCH(AY35, $DJ$7:$DJ$13,0), MATCH(BC$6, $DK$6:$DT$6, 0)) -> 0.023417294 | BD37: =INDEX($DK$7:$DT$13, MATCH(AY35, $DJ$7:$DJ$13,0), MATCH(BD$6, $DK$6:$DT$6, 0)) -> 0.022994807 | BE37: =INDEX($DK$7:$DT$13, MATCH(AY35, $DJ$7:$DJ$13,0), MATCH(BE$6, $DK$6:$DT$6, 0)) -> 0.023424479 | BF37: =INDEX($DK$7:$DT$13, MATCH(AY35, $DJ$7:$DJ$13,0), MATCH(BF$6, $DK$6:$DT$6, 0)) -> 0.024464726 | BG37: =INDEX($DK$7:$DT$13, MATCH(AY35, $DJ$7:$DJ$13,0), MATCH(BG$6, $DK$6:$DT$6, 0)) -> 0.026230607 | BH37: =INDEX($DK$7:$DT$13, MATCH(AY35, $DJ$7:$DJ$13,0), MATCH(BH$6, $DK$6:$DT$6, 0)) -> 0.027956446 | BI37: =INDEX($DK$7:$DT$13, MATCH(AY35, $DJ$7:$DJ$13,0), MATCH(BI$6, $DK$6:$DT$6, 0)) -> 0.028850216 | BJ37: =BI37/BI39 -> 0.43951439 | CI37: 41 | CJ37: Sevier | CK37: =CX37 + DK37 -> 0.053539129 | CL37: =CY37 + DL37 -> 0.054884742 | CM37: =CZ37 + DM37 -> 0.053716503 | CN37: =DA37 + DN37 -> 0.055071753 | CO37: =DB37 + DO37 -> 0.050550796 | CP37: =DC37 + DP37 -> 0.043969246 | CQ37: =DD37 + DQ37 -> 0.050911674 | CR37: =DE37 + DR37 -> 0.057613169 | ... CT37: =DG37 + DT37 -> 0.064920528 | CV37: =$CI37*10 + 0 -> 410 | CW37: =$CJ37 -> Sevier | CX37: =IFERROR(DX37/EY37, 0) -> 0.025322561 | CY37: =IFERROR(DY37/EZ37, 0) -> 0.024393219 | CZ37: =IFERROR(DZ37/FA37, 0) -> 0.02146235 | DA37: =IFERROR(EA37/FB37, 0) -> 0.023304305 | DB37: =IFERROR(EB37/FC37, 0) -> 0.023133415 | DC37: =IFERROR(EC37/FD37, 0) -> 0.02006247 | DD37: =IFERROR(ED37/FE37, 0) -> 0.021785461 | DE37: =IFERROR(EE37/FF37, 0) -> 0.022104644 | ... DG37: =IFERROR(EG37/FH37, 0) -> 0.027199463 | DI37: =$CI37*10 + 0 -> 410 | DJ37: =$CJ37 -> Sevier | DK37: =IFERROR(EK37/EY37, 0) -> 0.028216568 | DL37: =IFERROR(EL37/EZ37, 0) -> 0.030491523 | DM37: =IFERROR(EM37/FA37, 0) -> 0.032254153 | DN37: =IFERROR(EN37/FB37, 0) -> 0.031767448 | DO37: =IFERROR(EO37/FC37, 0) -> 0.027417381 | DP37: =IFERROR(EP37/FD37, 0) -> 0.023906776 | DQ37: =IFERROR(EQ37/FE37, 0) -> 0.029126214 | DR37: =IFERROR(ER37/FF37, 0) -> 0.035508524 | ... DT37: =IFERROR(ET37/FH37, 0) -> 0.037721066 | DV37: =$CI37*10 + 0 -> 410 | DW37: =$CJ37 -> Sevier | DX37: =FL37 - EK37 -> 210 | DY37: =FM37 - EL37 -> 200 | DZ37: =FN37 - EM37 -> 177 | EA37: =FO37 - EN37 -> 190 | EB37: =FP37 - EO37 -> 189 | EC37: =FQ37 - EP37 -> 167 | ED37: =FR37 - EQ37 -> 184 | EE37: =FS37 - ER37 -> 188 | ... EG37: =FU37 - ET37 -> 243 | EI37: =$CI37*10 + 0 -> 410 | EJ37: =$CJ37 -> Sevier | EK37: =FY37 + GL37 -> 234 | EL37: =FZ37 + GM37 -> 250 | EM37: =GA37 + GN37 -> 266 | EN37: =GB37 + GO37 -> 259 | EO37: =GC37 + GP37 -> 224 | EP37: =GD37 + GQ37 -> 199 | EQ37: =GE37 + GR37 -> 246 | ER37: =GF37 + GS37 -> 302 | ... ET37: =GH37 + GU37 -> 337 | EW37: 41 | EX37: Sevier | EY37: 8293 | EZ37: 8199 | FA37: 8247 | FB37: 8153 | FC37: 8170 | FD37: 8324 | FE37: 8446 | FF37: 8505 | FG37: 8683 | FH37: 8934 | FJ37: 41 | FK37: Sevier | FL37: 444 | FM37: 450 | FN37: 443 | FO37: 449 | FP37: 413 | FQ37: 366 | FR37: 430 | FS37: 490 | FT37: 558 | FU37: 580 | FW37: 41 | FX37: Sevier | FY37: 36 | FZ37: 40 | GA37: 54 | GB37: 95 | GC37: 88 | GD37: 97 | GE37: 76 | GF37: 88 | GG37: 57 | GH37: 60 | GJ37: 41 | GK37: Sevier | GL37: 198 | GM37: 210 | GN37: 212 | GO37: 164 | GP37: 136 | GQ37: 102 | GR37: 170 | GS37: 214 | GT37: 250 | GU37: 277
AY38: Telecommute | AZ38: =INDEX($CX$7:$DG$13, MATCH(AY35, $CW$7:$CW$13,0), MATCH(AZ$6, $CX$6:$DG$6, 0)) -> 0.022286052 | BA38: =INDEX($CX$7:$DG$13, MATCH(AY35, $CW$7:$CW$13,0), MATCH(BA$6, $CX$6:$DG$6, 0)) -> 0.023168413 | BB38: =INDEX($CX$7:$DG$13, MATCH(AY35, $CW$7:$CW$13,0), MATCH(BB$6, $CX$6:$DG$6, 0)) -> 0.02324078 | BC38: =INDEX($CX$7:$DG$13, MATCH(AY35, $CW$7:$CW$13,0), MATCH(BC$6, $CX$6:$DG$6, 0)) -> 0.024825238 | BD38: =INDEX($CX$7:$DG$13, MATCH(AY35, $CW$7:$CW$13,0), MATCH(BD$6, $CX$6:$DG$6, 0)) -> 0.025823246 | BE38: =INDEX($CX$7:$DG$13, MATCH(AY35, $CW$7:$CW$13,0), MATCH(BE$6, $CX$6:$DG$6, 0)) -> 0.02787694 | BF38: =INDEX($CX$7:$DG$13, MATCH(AY35, $CW$7:$CW$13,0), MATCH(BF$6, $CX$6:$DG$6, 0)) -> 0.0291896 | BG38: =INDEX($CX$7:$DG$13, MATCH(AY35, $CW$7:$CW$13,0), MATCH(BG$6, $CX$6:$DG$6, 0)) -> 0.031481466 | BH38: =INDEX($CX$7:$DG$13, MATCH(AY35, $CW$7:$CW$13,0), MATCH(BH$6, $CX$6:$DG$6, 0)) -> 0.03361973 | BI38: =INDEX($CX$7:$DG$13, MATCH(AY35, $CW$7:$CW$13,0), MATCH(BI$6, $CX$6:$DG$6, 0)) -> 0.036790903 | BJ38: =BI38/BI39 -> 0.56048561 | CI38: 43 | CJ38: Summit | CK38: =CX38 + DK38 -> 0.10736539 | CL38: =CY38 + DL38 -> 0.11106388 | CM38: =CZ38 + DM38 -> 0.11470156 | CN38: =DA38 + DN38 -> 0.1169202 | CO38: =DB38 + DO38 -> 0.11932306 | CP38: =DC38 + DP38 -> 0.12133282 | CQ38: =DD38 + DQ38 -> 0.13354546 | CR38: =DE38 + DR38 -> 0.13886418 | ... CT38: =DG38 + DT38 -> 0.13687076 | CV38: =$CI38*10 + 0 -> 430 | CW38: =$CJ38 -> Summit | CX38: =IFERROR(DX38/EY38, 0) -> 0.054162007 | CY38: =IFERROR(DY38/EZ38, 0) -> 0.054787969 | CZ38: =IFERROR(DZ38/FA38, 0) -> 0.057849937 | DA38: =IFERROR(EA38/FB38, 0) -> 0.05430663 | DB38: =IFERROR(EB38/FC38, 0) -> 0.061884314 | DC38: =IFERROR(EC38/FD38, 0) -> 0.063289295 | DD38: =IFERROR(ED38/FE38, 0) -> 0.067544113 | DE38: =IFERROR(EE38/FF38, 0) -> 0.071773023 | ... DG38: =IFERROR(EG38/FH38, 0) -> 0.078989647 | DI38: =$CI38*10 + 0 -> 430 | DJ38: =$CJ38 -> Summit | DK38: =IFERROR(EK38/EY38, 0) -> 0.053203387 | DL38: =IFERROR(EL38/EZ38, 0) -> 0.056275906 | DM38: =IFERROR(EM38/FA38, 0) -> 0.056851618 | DN38: =IFERROR(EN38/FB38, 0) -> 0.062613571 | DO38: =IFERROR(EO38/FC38, 0) -> 0.057438747 | DP38: =IFERROR(EP38/FD38, 0) -> 0.05804352 | DQ38: =IFERROR(EQ38/FE38, 0) -> 0.06600135 | DR38: =IFERROR(ER38/FF38, 0) -> 0.067091156 | ... DT38: =IFERROR(ET38/FH38, 0) -> 0.057881114 | DV38: =$CI38*10 + 0 -> 430 | DW38: =$CJ38 -> Summit | DX38: =FL38 - EK38 -> 1017 | DY38: =FM38 - EL38 -> 1031 | DZ38: =FN38 - EM38 -> 1101 | EA38: =FO38 - EN38 -> 1046 | EB38: =FP38 - EO38 -> 1225 | EC38: =FQ38 - EP38 -> 1303 | ED38: =FR38 - EQ38 -> 1401 | EE38: =FS38 - ER38 -> 1533 | ... EG38: =FU38 - ET38 -> 1770 | EI38: =$CI38*10 + 0 -> 430 | EJ38: =$CJ38 -> Summit | EK38: =FY38 + GL38 -> 999 | EL38: =FZ38 + GM38 -> 1059 | EM38: =GA38 + GN38 -> 1082 | EN38: =GB38 + GO38 -> 1206 | EO38: =GC38 + GP38 -> 1137 | EP38: =GD38 + GQ38 -> 1195 | EQ38: =GE38 + GR38 -> 1369 | ER38: =GF38 + GS38 -> 1433 | ... ET38: =GH38 + GU38 -> 1297 | EW38: 43 | EX38: Summit | EY38: 18777 | EZ38: 18818 | FA38: 19032 | FB38: 19261 | FC38: 19795 | FD38: 20588 | FE38: 20742 | FF38: 21359 | FG38: 21889 | FH38: 22408 | FJ38: 43 | FK38: Summit | FL38: 2016 | FM38: 2090 | FN38: 2183 | FO38: 2252 | FP38: 2362 | FQ38: 2498 | FR38: 2770 | FS38: 2966 | FT38: 2867 | FU38: 3067 | FW38: 43 | FX38: Summit | FY38: 378 | FZ38: 407 | GA38: 498 | GB38: 642 | GC38: 669 | GD38: 732 | GE38: 795 | GF38: 810 | GG38: 723 | GH38: 672 | GJ38: 43 | GK38: Summit | GL38: 621 | GM38: 652 | GN38: 584 | GO38: 564 | GP38: 468 | GQ38: 463 | GR38: 574 | GS38: 623 | GT38: 620 | GU38: 625
AY39: Total Work At Home | AZ39: =SUM(AZ37:AZ38) -> 0.048247967 | BA39: =SUM(BA37:BA38) -> 0.048146251 | BB39: =SUM(BB37:BB38) -> 0.047170408 | BC39: =SUM(BC37:BC38) -> 0.048242532 | BD39: =SUM(BD37:BD38) -> 0.048818053 | BE39: =SUM(BE37:BE38) -> 0.051301419 | BF39: =SUM(BF37:BF38) -> 0.053654326 | BG39: =SUM(BG37:BG38) -> 0.057712073 | ... BI39: =SUM(BI37:BI38) -> 0.065641119 | CI39: 45 | CJ39: Tooele | CK39: =CX39 + DK39 -> 0.042640259 | CL39: =CY39 + DL39 -> 0.038880186 | CM39: =CZ39 + DM39 -> 0.037758442 | CN39: =DA39 + DN39 -> 0.039799819 | CO39: =DB39 + DO39 -> 0.035084965 | CP39: =DC39 + DP39 -> 0.038629259 | CQ39: =DD39 + DQ39 -> 0.041483486 | CR39: =DE39 + DR39 -> 0.045706671 | ... CT39: =DG39 + DT39 -> 0.05268344 | CV39: =$CI39*10 + 0 -> 450 | CW39: =$CJ39 -> Tooele | CX39: =IFERROR(DX39/EY39, 0) -> 0.024716618 | CY39: =IFERROR(DY39/EZ39, 0) -> 0.020765554 | CZ39: =IFERROR(DZ39/FA39, 0) -> 0.019158617 | DA39: =IFERROR(EA39/FB39, 0) -> 0.017338535 | DB39: =IFERROR(EB39/FC39, 0) -> 0.017974177 | DC39: =IFERROR(EC39/FD39, 0) -> 0.017790298 | DD39: =IFERROR(ED39/FE39, 0) -> 0.022582948 | DE39: =IFERROR(EE39/FF39, 0) -> 0.026473131 | ... DG39: =IFERROR(EG39/FH39, 0) -> 0.03071011 | DI39: =$CI39*10 + 0 -> 450 | DJ39: =$CJ39 -> Tooele | DK39: =IFERROR(EK39/EY39, 0) -> 0.01792364 | DL39: =IFERROR(EL39/EZ39, 0) -> 0.018114632 | DM39: =IFERROR(EM39/FA39, 0) -> 0.018599824 | DN39: =IFERROR(EN39/FB39, 0) -> 0.022461284 | DO39: =IFERROR(EO39/FC39, 0) -> 0.017110788 | DP39: =IFERROR(EP39/FD39, 0) -> 0.020838961 | DQ39: =IFERROR(EQ39/FE39, 0) -> 0.018900537 | DR39: =IFERROR(ER39/FF39, 0) -> 0.01923354 | ... DT39: =IFERROR(ET39/FH39, 0) -> 0.02197333 | DV39: =$CI39*10 + 0 -> 450 | DW39: =$CJ39 -> Tooele | DX39: =FL39 - EK39 -> 604 | DY39: =FM39 - EL39 -> 517 | DZ39: =FN39 - EM39 -> 480 | EA39: =FO39 - EN39 -> 440 | EB39: =FP39 - EO39 -> 458 | EC39: =FQ39 - EP39 -> 461 | ED39: =FR39 - EQ39 -> 601 | EE39: =FS39 - ER39 -> 735 | ... EG39: =FU39 - ET39 -> 935 | EI39: =$CI39*10 + 0 -> 450 | EJ39: =$CJ39 -> Tooele | EK39: =FY39 + GL39 -> 438 | EL39: =FZ39 + GM39 -> 451 | EM39: =GA39 + GN39 -> 466 | EN39: =GB39 + GO39 -> 570 | EO39: =GC39 + GP39 -> 436 | EP39: =GD39 + GQ39 -> 540 | EQ39: =GE39 + GR39 -> 503 | ER39: =GF39 + GS39 -> 534 | ... ET39: =GH39 + GU39 -> 669 | EW39: 45 | EX39: Tooele | EY39: 24437 | EZ39: 24897 | FA39: 25054 | FB39: 25377 | FC39: 25481 | FD39: 25913 | FE39: 26613 | FF39: 27764 | FG39: 28546 | FH39: 30446 | FJ39: 45 | FK39: Tooele | FL39: 1042 | FM39: 968 | FN39: 946 | FO39: 1010 | FP39: 894 | FQ39: 1001 | FR39: 1104 | FS39: 1269 | FT39: 1374 | FU39: 1604 | FW39: 45 | FX39: Tooele | FY39: 50 | FZ39: 137 | GA39: 147 | GB39: 185 | GC39: 157 | GD39: 165 | GE39: 69 | GF39: 50 | GG39: 65 | GH39: 76 | GJ39: 45 | GK39: Tooele | GL39: 388 | GM39: 314 | GN39: 319 | GO39: 385 | GP39: 279 | GQ39: 375 | GR39: 434 | GS39: 484 | GT39: 476 | GU39: 593
CI40: 47 | CJ40: Uintah | CK40: =CX40 + DK40 -> 0.036034722 | CL40: =CY40 + DL40 -> 0.033869788 | CM40: =CZ40 + DM40 -> 0.035640459 | CN40: =DA40 + DN40 -> 0.037448184 | CO40: =DB40 + DO40 -> 0.033353671 | CP40: =DC40 + DP40 -> 0.035215903 | CQ40: =DD40 + DQ40 -> 0.036687631 | CR40: =DE40 + DR40 -> 0.037838564 | ... CT40: =DG40 + DT40 -> 0.038275227 | CV40: =$CI40*10 + 0 -> 470 | CW40: =$CJ40 -> Uintah | CX40: =IFERROR(DX40/EY40, 0) -> 0.012765337 | CY40: =IFERROR(DY40/EZ40, 0) -> 0.013752743 | CZ40: =IFERROR(DZ40/FA40, 0) -> 0.0098367667 | DA40: =IFERROR(EA40/FB40, 0) -> 0.010960444 | DB40: =IFERROR(EB40/FC40, 0) -> 0.011185682 | DC40: =IFERROR(EC40/FD40, 0) -> 0.012243286 | DD40: =IFERROR(ED40/FE40, 0) -> 0.011726939 | DE40: =IFERROR(EE40/FF40, 0) -> 0.012097587 | ... DG40: =IFERROR(EG40/FH40, 0) -> 0.011530327 | DI40: =$CI40*10 + 0 -> 470 | DJ40: =$CJ40 -> Uintah | DK40: =IFERROR(EK40/EY40, 0) -> 0.023269385 | DL40: =IFERROR(EL40/EZ40, 0) -> 0.020117045 | DM40: =IFERROR(EM40/FA40, 0) -> 0.025803692 | DN40: =IFERROR(EN40/FB40, 0) -> 0.02648774 | DO40: =IFERROR(EO40/FC40, 0) -> 0.022167989 | DP40: =IFERROR(EP40/FD40, 0) -> 0.022972617 | DQ40: =IFERROR(EQ40/FE40, 0) -> 0.024960692 | DR40: =IFERROR(ER40/FF40, 0) -> 0.025740977 | ... DT40: =IFERROR(ET40/FH40, 0) -> 0.0267449 | DV40: =$CI40*10 + 0 -> 470 | DW40: =$CJ40 -> Uintah | DX40: =FL40 - EK40 -> 175 | DY40: =FM40 - EL40 -> 188 | DZ40: =FN40 - EM40 -> 138 | EA40: =FO40 - EN40 -> 156 | EB40: =FP40 - EO40 -> 165 | EC40: =FQ40 - EP40 -> 186 | ED40: =FR40 - EQ40 -> 179 | EE40: =FS40 - ER40 -> 180 | ... EG40: =FU40 - ET40 -> 169 | EI40: =$CI40*10 + 0 -> 470 | EJ40: =$CJ40 -> Uintah | EK40: =FY40 + GL40 -> 319 | EL40: =FZ40 + GM40 -> 275 | EM40: =GA40 + GN40 -> 362 | EN40: =GB40 + GO40 -> 377 | EO40: =GC40 + GP40 -> 327 | EP40: =GD40 + GQ40 -> 349 | EQ40: =GE40 + GR40 -> 381 | ER40: =GF40 + GS40 -> 383 | ... ET40: =GH40 + GU40 -> 392 | EW40: 47 | EX40: Uintah | EY40: 13709 | EZ40: 13670 | FA40: 14029 | FB40: 14233 | FC40: 14751 | FD40: 15192 | FE40: 15264 | FF40: 14879 | FG40: 14842 | FH40: 14657 | FJ40: 47 | FK40: Uintah | FL40: 494 | FM40: 463 | FN40: 500 | FO40: 533 | FP40: 492 | FQ40: 535 | FR40: 560 | FS40: 563 | FT40: 665 | FU40: 561 | FW40: 47 | FX40: Uintah | FY40: 154 | FZ40: 136 | GA40: 158 | GB40: 163 | GC40: 117 | GD40: 115 | GE40: 95 | GF40: 131 | GG40: 190 | GH40: 230 | GJ40: 47 | GK40: Uintah | GL40: 165 | GM40: 139 | GN40: 204 | GO40: 214 | GP40: 210 | GQ40: 234 | GR40: 286 | GS40: 252 | GT40: 243 | GU40: 162
AX41: 1000 | AY41: United States | CI41: 49 | CJ41: Utah | CK41: =CX41 + DK41 -> 0.061534608 | CL41: =CY41 + DL41 -> 0.060800768 | CM41: =CZ41 + DM41 -> 0.058871541 | CN41: =DA41 + DN41 -> 0.060458232 | CO41: =DB41 + DO41 -> 0.06048057 | CP41: =DC41 + DP41 -> 0.061172555 | CQ41: =DD41 + DQ41 -> 0.063242199 | CR41: =DE41 + DR41 -> 0.066567673 | ... CT41: =DG41 + DT41 -> 0.071920744 | CV41: =$CI41*10 + 0 -> 490 | CW41: =$CJ41 -> Utah | CX41: =IFERROR(DX41/EY41, 0) -> 0.03032901 | CY41: =IFERROR(DY41/EZ41, 0) -> 0.031190156 | CZ41: =IFERROR(DZ41/FA41, 0) -> 0.030172178 | DA41: =IFERROR(EA41/FB41, 0) -> 0.032257628 | DB41: =IFERROR(EB41/FC41, 0) -> 0.033239449 | DC41: =IFERROR(EC41/FD41, 0) -> 0.034505098 | DD41: =IFERROR(ED41/FE41, 0) -> 0.035446692 | DE41: =IFERROR(EE41/FF41, 0) -> 0.036988184 | ... DG41: =IFERROR(EG41/FH41, 0) -> 0.042109299 | DI41: =$CI41*10 + 0 -> 490 | DJ41: =$CJ41 -> Utah | DK41: =IFERROR(EK41/EY41, 0) -> 0.031205599 | DL41: =IFERROR(EL41/EZ41, 0) -> 0.029610612 | DM41: =IFERROR(EM41/FA41, 0) -> 0.028699363 | DN41: =IFERROR(EN41/FB41, 0) -> 0.028200604 | DO41: =IFERROR(EO41/FC41, 0) -> 0.027241121 | DP41: =IFERROR(EP41/FD41, 0) -> 0.026667457 | DQ41: =IFERROR(EQ41/FE41, 0) -> 0.027795508 | DR41: =IFERROR(ER41/FF41, 0) -> 0.029579489 | ... DT41: =IFERROR(ET41/FH41, 0) -> 0.029811445 | DV41: =$CI41*10 + 0 -> 490 | DW41: =$CJ41 -> Utah | DX41: =FL41 - EK41 -> 6297 | DY41: =FM41 - EL41 -> 6694 | DZ41: =FN41 - EM41 -> 6617 | EA41: =FO41 - EN41 -> 7148 | EB41: =FP41 - EO41 -> 7553 | EC41: =FQ41 - EP41 -> 8149 | ED41: =FR41 - EQ41 -> 8719 | EE41: =FS41 - ER41 -> 9366 | ... EG41: =FU41 - ET41 -> 11642 | EI41: =$CI41*10 + 0 -> 490 | EJ41: =$CJ41 -> Utah | EK41: =FY41 + GL41 -> 6479 | EL41: =FZ41 + GM41 -> 6355 | EM41: =GA41 + GN41 -> 6294 | EN41: =GB41 + GO41 -> 6249 | EO41: =GC41 + GP41 -> 6190 | EP41: =GD41 + GQ41 -> 6298 | EQ41: =GE41 + GR41 -> 6837 | ER41: =GF41 + GS41 -> 7490 | ... ET41: =GH41 + GU41 -> 8242 | EW41: 49 | EX41: Utah | EY41: 207623 | EZ41: 214619 | FA41: 219308 | FB41: 221591 | FC41: 227230 | FD41: 236168 | FE41: 245975 | FF41: 253216 | FG41: 264911 | FH41: 276471 | FJ41: 49 | FK41: Utah | FL41: 12776 | FM41: 13049 | FN41: 12911 | FO41: 13397 | FP41: 13743 | FQ41: 14447 | FR41: 15556 | FS41: 16856 | FT41: 18295 | FU41: 19884 | FW41: 49 | FX41: Utah | FY41: 2005 | FZ41: 2065 | GA41: 2118 | GB41: 2203 | GC41: 2215 | GD41: 2317 | GE41: 2441 | GF41: 2928 | GG41: 3071 | GH41: 3265 | GJ41: 49 | GK41: Utah | GL41: 4474 | GM41: 4290 | GN41: 4176 | GO41: 4046 | GP41: 3975 | GQ41: 3981 | GR41: 4396 | GS41: 4562 | GT41: 4823 | GU41: 4977
AZ42: 2010 | BA42: 2011 | BB42: 2012 | BC42: 2013 | BD42: 2014 | BE42: 2015 | BF42: 2016 | BG42: 2017 | BH42: 2018 | BI42: 2019 | CI42: 51 | CJ42: Wasatch | CK42: =CX42 + DK42 -> 0.088165512 | CL42: =CY42 + DL42 -> 0.075727607 | CM42: =CZ42 + DM42 -> 0.086014683 | CN42: =DA42 + DN42 -> 0.082647617 | CO42: =DB42 + DO42 -> 0.075820213 | CP42: =DC42 + DP42 -> 0.062954787 | CQ42: =DD42 + DQ42 -> 0.064785466 | CR42: =DE42 + DR42 -> 0.066935827 | ... CT42: =DG42 + DT42 -> 0.0747978 | CV42: =$CI42*10 + 0 -> 510 | CW42: =$CJ42 -> Wasatch | CX42: =IFERROR(DX42/EY42, 0) -> 0.033216285 | CY42: =IFERROR(DY42/EZ42, 0) -> 0.030328718 | CZ42: =IFERROR(DZ42/FA42, 0) -> 0.039789722 | DA42: =IFERROR(EA42/FB42, 0) -> 0.0446695 | DB42: =IFERROR(EB42/FC42, 0) -> 0.037382356 | DC42: =IFERROR(EC42/FD42, 0) -> 0.031722672 | DD42: =IFERROR(ED42/FE42, 0) -> 0.033243139 | DE42: =IFERROR(EE42/FF42, 0) -> 0.033928318 | ... DG42: =IFERROR(EG42/FH42, 0) -> 0.039598835 | DI42: =$CI42*10 + 0 -> 510 | DJ42: =$CJ42 -> Wasatch | DK42: =IFERROR(EK42/EY42, 0) -> 0.054949227 | DL42: =IFERROR(EL42/EZ42, 0) -> 0.045398889 | DM42: =IFERROR(EM42/FA42, 0) -> 0.046224961 | DN42: =IFERROR(EN42/FB42, 0) -> 0.037978117 | DO42: =IFERROR(EO42/FC42, 0) -> 0.038437857 | DP42: =IFERROR(EP42/FD42, 0) -> 0.031232115 | DQ42: =IFERROR(EQ42/FE42, 0) -> 0.031542327 | DR42: =IFERROR(ER42/FF42, 0) -> 0.033007508 | ... DT42: =IFERROR(ET42/FH42, 0) -> 0.035198965 | DV42: =$CI42*10 + 0 -> 510 | DW42: =$CJ42 -> Wasatch | DX42: =FL42 - EK42 -> 350 | DY42: =FM42 - EL42 -> 322 | DZ42: =FN42 - EM42 -> 439 | EA42: =FO42 - EN42 -> 494 | EB42: =FP42 - EO42 -> 425 | EC42: =FQ42 - EP42 -> 388 | ED42: =FR42 - EQ42 -> 430 | EE42: =FS42 - ER42 -> 479 | ... EG42: =FU42 - ET42 -> 612 | EI42: =$CI42*10 + 0 -> 510 | EJ42: =$CJ42 -> Wasatch | EK42: =FY42 + GL42 -> 579 | EL42: =FZ42 + GM42 -> 482 | EM42: =GA42 + GN42 -> 510 | EN42: =GB42 + GO42 -> 420 | EO42: =GC42 + GP42 -> 437 | EP42: =GD42 + GQ42 -> 382 | EQ42: =GE42 + GR42 -> 408 | ER42: =GF42 + GS42 -> 466 | ... ET42: =GH42 + GU42 -> 544 | EW42: 51 | EX42: Wasatch | EY42: 10537 | EZ42: 10617 | FA42: 11033 | FB42: 11059 | FC42: 11369 | FD42: 12231 | FE42: 12935 | FF42: 14118 | FG42: 14844 | FH42: 15455 | FJ42: 51 | FK42: Wasatch | FL42: 929 | FM42: 804 | FN42: 949 | FO42: 914 | FP42: 862 | FQ42: 770 | FR42: 838 | FS42: 945 | FT42: 807 | FU42: 1156 | FW42: 51 | FX42: Wasatch | FY42: 209 | FZ42: 237 | GA42: 273 | GB42: 255 | GC42: 243 | GD42: 224 | GE42: 214 | GF42: 165 | GG42: 109 | GH42: 124 | GJ42: 51 | GK42: Wasatch | GL42: 370 | GM42: 245 | GN42: 237 | GO42: 165 | GP42: 194 | GQ42: 158 | GR42: 194 | GS42: 301 | GT42: 290 | GU42: 420
AY43: Home-Based-Job | AZ43: =INDEX($DK$7:$DT$13, MATCH(AY41, $DJ$7:$DJ$13,0), MATCH(AZ$6, $DK$6:$DT$6, 0)) -> 0.021047979 | BA43: =INDEX($DK$7:$DT$13, MATCH(AY41, $DJ$7:$DJ$13,0), MATCH(BA$6, $DK$6:$DT$6, 0)) -> 0.020816104 | BB43: =INDEX($DK$7:$DT$13, MATCH(AY41, $DJ$7:$DJ$13,0), MATCH(BB$6, $DK$6:$DT$6, 0)) -> 0.020472518 | BC43: =INDEX($DK$7:$DT$13, MATCH(AY41, $DJ$7:$DJ$13,0), MATCH(BC$6, $DK$6:$DT$6, 0)) -> 0.020192652 | BD43: =INDEX($DK$7:$DT$13, MATCH(AY41, $DJ$7:$DJ$13,0), MATCH(BD$6, $DK$6:$DT$6, 0)) -> 0.01978356 | BE43: =INDEX($DK$7:$DT$13, MATCH(AY41, $DJ$7:$DJ$13,0), MATCH(BE$6, $DK$6:$DT$6, 0)) -> 0.01948705 | BF43: =INDEX($DK$7:$DT$13, MATCH(AY41, $DJ$7:$DJ$13,0), MATCH(BF$6, $DK$6:$DT$6, 0)) -> 0.019697244 | BG43: =INDEX($DK$7:$DT$13, MATCH(AY41, $DJ$7:$DJ$13,0), MATCH(BG$6, $DK$6:$DT$6, 0)) -> 0.01990395 | BH43: =INDEX($DK$7:$DT$13, MATCH(AY41, $DJ$7:$DJ$13,0), MATCH(BH$6, $DK$6:$DT$6, 0)) -> 0.020247293 | BI43: =INDEX($DK$7:$DT$13, MATCH(AY41, $DJ$7:$DJ$13,0), MATCH(BI$6, $DK$6:$DT$6, 0)) -> 0.020384909 | BJ43: =BI43/BI45 -> 0.39418561 | CI43: 53 | CJ43: Washington | CK43: =CX43 + DK43 -> 0.049995193 | CL43: =CY43 + DL43 -> 0.049627227 | CM43: =CZ43 + DM43 -> 0.051403573 | CN43: =DA43 + DN43 -> 0.047782606 | CO43: =DB43 + DO43 -> 0.047665639 | CP43: =DC43 + DP43 -> 0.052259762 | CQ43: =DD43 + DQ43 -> 0.05601332 | CR43: =DE43 + DR43 -> 0.060573187 | ... CT43: =DG43 + DT43 -> 0.095785723 | CV43: =$CI43*10 + 0 -> 530 | CW43: =$CJ43 -> Washington | CX43: =IFERROR(DX43/EY43, 0) -> 0.017652149 | CY43: =IFERROR(DY43/EZ43, 0) -> 0.018970652 | CZ43: =IFERROR(DZ43/FA43, 0) -> 0.022622177 | DA43: =IFERROR(EA43/FB43, 0) -> 0.024137996 | DB43: =IFERROR(EB43/FC43, 0) -> 0.024275877 | DC43: =IFERROR(EC43/FD43, 0) -> 0.028417018 | DD43: =IFERROR(ED43/FE43, 0) -> 0.033740507 | DE43: =IFERROR(EE43/FF43, 0) -> 0.034715026 | ... DG43: =IFERROR(EG43/FH43, 0) -> 0.050742137 | DI43: =$CI43*10 + 0 -> 530 | DJ43: =$CJ43 -> Washington | DK43: =IFERROR(EK43/EY43, 0) -> 0.032343044 | DL43: =IFERROR(EL43/EZ43, 0) -> 0.030656574 | DM43: =IFERROR(EM43/FA43, 0) -> 0.028781396 | DN43: =IFERROR(EN43/FB43, 0) -> 0.02364461 | DO43: =IFERROR(EO43/FC43, 0) -> 0.023389762 | DP43: =IFERROR(EP43/FD43, 0) -> 0.023842744 | DQ43: =IFERROR(EQ43/FE43, 0) -> 0.022272812 | DR43: =IFERROR(ER43/FF43, 0) -> 0.025858161 | ... DT43: =IFERROR(ET43/FH43, 0) -> 0.045043586 | DV43: =$CI43*10 + 0 -> 530 | DW43: =$CJ43 -> Washington | DX43: =FL43 - EK43 -> 918 | DY43: =FM43 - EL43 -> 1000 | DZ43: =FN43 - EM43 -> 1179 | EA43: =FO43 - EN43 -> 1272 | EB43: =FP43 - EO43 -> 1315 | EC43: =FQ43 - EP43 -> 1609 | ED43: =FR43 - EQ43 -> 1986 | EE43: =FS43 - ER43 -> 2144 | ... EG43: =FU43 - ET43 -> 3446 | EI43: =$CI43*10 + 0 -> 530 | EJ43: =$CJ43 -> Washington | EK43: =FY43 + GL43 -> 1682 | EL43: =FZ43 + GM43 -> 1616 | EM43: =GA43 + GN43 -> 1500 | EN43: =GB43 + GO43 -> 1246 | EO43: =GC43 + GP43 -> 1267 | EP43: =GD43 + GQ43 -> 1350 | EQ43: =GE43 + GR43 -> 1311 | ER43: =GF43 + GS43 -> 1597 | ... ET43: =GH43 + GU43 -> 3059 | EW43: 53 | EX43: Washington | EY43: 52005 | EZ43: 52713 | FA43: 52117 | FB43: 52697 | FC43: 54169 | FD43: 56621 | FE43: 58861 | FF43: 61760 | FG43: 64128 | FH43: 67912 | FJ43: 53 | FK43: Washington | FL43: 2600 | FM43: 2616 | FN43: 2679 | FO43: 2518 | FP43: 2582 | FQ43: 2959 | FR43: 3297 | FS43: 3741 | FT43: 5147 | FU43: 6505 | FW43: 53 | FX43: Washington | FY43: 695 | FZ43: 528 | GA43: 501 | GB43: 508 | GC43: 604 | GD43: 601 | GE43: 640 | GF43: 762 | GG43: 1372 | GH43: 1672 | GJ43: 53 | GK43: Washington | GL43: 987 | GM43: 1088 | GN43: 999 | GO43: 738 | GP43: 663 | GQ43: 749 | GR43: 671 | GS43: 835 | GT43: 1056 | GU43: 1387
AY44: Telecommute | AZ44: =INDEX($CX$7:$DG$13, MATCH(AY41, $CW$7:$CW$13,0), MATCH(AZ$6, $CX$6:$DG$6, 0)) -> 0.020312996 | BA44: =INDEX($CX$7:$DG$13, MATCH(AY41, $CW$7:$CW$13,0), MATCH(BA$6, $CX$6:$DG$6, 0)) -> 0.021408025 | BB44: =INDEX($CX$7:$DG$13, MATCH(AY41, $CW$7:$CW$13,0), MATCH(BB$6, $CX$6:$DG$6, 0)) -> 0.022257295 | BC44: =INDEX($CX$7:$DG$13, MATCH(AY41, $CW$7:$CW$13,0), MATCH(BC$6, $CX$6:$DG$6, 0)) -> 0.023061732 | BD44: =INDEX($CX$7:$DG$13, MATCH(AY41, $CW$7:$CW$13,0), MATCH(BD$6, $CX$6:$DG$6, 0)) -> 0.023882179 | BE44: =INDEX($CX$7:$DG$13, MATCH(AY41, $CW$7:$CW$13,0), MATCH(BE$6, $CX$6:$DG$6, 0)) -> 0.024745544 | BF44: =INDEX($CX$7:$DG$13, MATCH(AY41, $CW$7:$CW$13,0), MATCH(BF$6, $CX$6:$DG$6, 0)) -> 0.025975568 | BG44: =INDEX($CX$7:$DG$13, MATCH(AY41, $CW$7:$CW$13,0), MATCH(BG$6, $CX$6:$DG$6, 0)) -> 0.027440342 | BH44: =INDEX($CX$7:$DG$13, MATCH(AY41, $CW$7:$CW$13,0), MATCH(BH$6, $CX$6:$DG$6, 0)) -> 0.02905125 | BI44: =INDEX($CX$7:$DG$13, MATCH(AY41, $CW$7:$CW$13,0), MATCH(BI$6, $CX$6:$DG$6, 0)) -> 0.031329077 | BJ44: =BI44/BI45 -> 0.60581439 | CI44: 55 | CJ44: Wayne | CK44: =CX44 + DK44 -> 0.069368667 | CL44: =CY44 + DL44 -> 0.05229794 | CM44: =CZ44 + DM44 -> 0.088922381 | CN44: =DA44 + DN44 -> 0.080775444 | CO44: =DB44 + DO44 -> 0.077839555 | CP44: =DC44 + DP44 -> 0.070502431 | CQ44: =DD44 + DQ44 -> 0.074407195 | CR44: =DE44 + DR44 -> 0.056761269 | ... CT44: =DG44 + DT44 -> 0.091845494 | CV44: =$CI44*10 + 0 -> 550 | CW44: =$CJ44 -> Wayne | CX44: =IFERROR(DX44/EY44, 0) -> 0.023382697 | CY44: =IFERROR(DY44/EZ44, 0) -> 0.015055468 | CZ44: =IFERROR(DZ44/FA44, 0) -> 0.036925396 | DA44: =IFERROR(EA44/FB44, 0) -> 0.034733441 | DB44: =IFERROR(EB44/FC44, 0) -> 0.038919778 | DC44: =IFERROR(EC44/FD44, 0) -> 0.030794165 | DD44: =IFERROR(ED44/FE44, 0) -> 0.029435814 | DE44: =IFERROR(EE44/FF44, 0) -> 0.025041736 | ... DG44: =IFERROR(EG44/FH44, 0) -> 0.045493562 | DI44: =$CI44*10 + 0 -> 550 | DJ44: =$CJ44 -> Wayne | DK44: =IFERROR(EK44/EY44, 0) -> 0.04598597 | DL44: =IFERROR(EL44/EZ44, 0) -> 0.037242472 | DM44: =IFERROR(EM44/FA44, 0) -> 0.051996986 | DN44: =IFERROR(EN44/FB44, 0) -> 0.046042003 | DO44: =IFERROR(EO44/FC44, 0) -> 0.038919778 | DP44: =IFERROR(EP44/FD44, 0) -> 0.039708266 | DQ44: =IFERROR(EQ44/FE44, 0) -> 0.044971382 | DR44: =IFERROR(ER44/FF44, 0) -> 0.031719533 | ... DT44: =IFERROR(ET44/FH44, 0) -> 0.046351931 | DV44: =$CI44*10 + 0 -> 550 | DW44: =$CJ44 -> Wayne | DX44: =FL44 - EK44 -> 30 | DY44: =FM44 - EL44 -> 19 | DZ44: =FN44 - EM44 -> 49 | EA44: =FO44 - EN44 -> 43 | EB44: =FP44 - EO44 -> 49 | EC44: =FQ44 - EP44 -> 38 | ED44: =FR44 - EQ44 -> 36 | EE44: =FS44 - ER44 -> 30 | ... EG44: =FU44 - ET44 -> 53 | EI44: =$CI44*10 + 0 -> 550 | EJ44: =$CJ44 -> Wayne | EK44: =FY44 + GL44 -> 59 | EL44: =FZ44 + GM44 -> 47 | EM44: =GA44 + GN44 -> 69 | EN44: =GB44 + GO44 -> 57 | EO44: =GC44 + GP44 -> 49 | EP44: =GD44 + GQ44 -> 49 | EQ44: =GE44 + GR44 -> 55 | ER44: =GF44 + GS44 -> 38 | ... ET44: =GH44 + GU44 -> 54 | EW44: 55 | EX44: Wayne | EY44: 1283 | EZ44: 1262 | FA44: 1327 | FB44: 1238 | FC44: 1259 | FD44: 1234 | FE44: 1223 | FF44: 1198 | FG44: 1235 | FH44: 1165 | FJ44: 55 | FK44: Wayne | FL44: 89 | FM44: 66 | FN44: 118 | FO44: 100 | FP44: 98 | FQ44: 87 | FR44: 91 | FS44: 68 | FT44: 80 | FU44: 107 | FW44: 55 | FX44: Wayne | FY44: 18 | FZ44: 11 | GA44: 15 | GB44: 11 | GC44: 7 | GD44: 7 | GE44: 17 | GF44: 15 | GG44: 14 | GH44: 29 | GJ44: 55 | GK44: Wayne | GL44: 41 | GM44: 36 | GN44: 54 | GO44: 46 | GP44: 42 | GQ44: 42 | GR44: 38 | GS44: 23 | GT44: 32 | GU44: 25
AY45: Total Work At Home | AZ45: =SUM(AZ43:AZ44) -> 0.041360975 | BA45: =SUM(BA43:BA44) -> 0.042224129 | BB45: =SUM(BB43:BB44) -> 0.042729813 | BC45: =SUM(BC43:BC44) -> 0.043254384 | BD45: =SUM(BD43:BD44) -> 0.043665739 | BE45: =SUM(BE43:BE44) -> 0.044232594 | BF45: =SUM(BF43:BF44) -> 0.045672811 | BG45: =SUM(BG43:BG44) -> 0.047344292 | ... BI45: =SUM(BI43:BI44) -> 0.051713986 | CI45: 57 | CJ45: Weber | CK45: =CX45 + DK45 -> 0.031489478 | CL45: =CY45 + DL45 -> 0.03423657 | CM45: =CZ45 + DM45 -> 0.032300393 | CN45: =DA45 + DN45 -> 0.033006032 | CO45: =DB45 + DO45 -> 0.035722947 | CP45: =DC45 + DP45 -> 0.041130466 | CQ45: =DD45 + DQ45 -> 0.041244982 | CR45: =DE45 + DR45 -> 0.046252189 | ... CT45: =DG45 + DT45 -> 0.054330715 | CV45: =$CI45*10 + 0 -> 570 | CW45: =$CJ45 -> Weber | CX45: =IFERROR(DX45/EY45, 0) -> 0.014684716 | CY45: =IFERROR(DY45/EZ45, 0) -> 0.016552351 | CZ45: =IFERROR(DZ45/FA45, 0) -> 0.016069374 | DA45: =IFERROR(EA45/FB45, 0) -> 0.017601949 | DB45: =IFERROR(EB45/FC45, 0) -> 0.018449083 | DC45: =IFERROR(EC45/FD45, 0) -> 0.022089778 | DD45: =IFERROR(ED45/FE45, 0) -> 0.022162555 | DE45: =IFERROR(EE45/FF45, 0) -> 0.024474606 | ... DG45: =IFERROR(EG45/FH45, 0) -> 0.031508848 | DI45: =$CI45*10 + 0 -> 570 | DJ45: =$CJ45 -> Weber | DK45: =IFERROR(EK45/EY45, 0) -> 0.016804761 | DL45: =IFERROR(EL45/EZ45, 0) -> 0.017684219 | DM45: =IFERROR(EM45/FA45, 0) -> 0.016231019 | DN45: =IFERROR(EN45/FB45, 0) -> 0.015404084 | DO45: =IFERROR(EO45/FC45, 0) -> 0.017273863 | DP45: =IFERROR(EP45/FD45, 0) -> 0.019040688 | DQ45: =IFERROR(EQ45/FE45, 0) -> 0.019082427 | DR45: =IFERROR(ER45/FF45, 0) -> 0.021777583 | ... DT45: =IFERROR(ET45/FH45, 0) -> 0.022821867 | DV45: =$CI45*10 + 0 -> 570 | DW45: =$CJ45 -> Weber | DX45: =FL45 - EK45 -> 1510 | DY45: =FM45 - EL45 -> 1711 | DZ45: =FN45 - EM45 -> 1690 | EA45: =FO45 - EN45 -> 1850 | EB45: =FP45 - EO45 -> 1978 | EC45: =FQ45 - EP45 -> 2398 | ED45: =FR45 - EQ45 -> 2468 | EE45: =FS45 - ER45 -> 2795 | ... EG45: =FU45 - ET45 -> 3823 | EI45: =$CI45*10 + 0 -> 570 | EJ45: =$CJ45 -> Weber | EK45: =FY45 + GL45 -> 1728 | EL45: =FZ45 + GM45 -> 1828 | EM45: =GA45 + GN45 -> 1707 | EN45: =GB45 + GO45 -> 1619 | EO45: =GC45 + GP45 -> 1852 | EP45: =GD45 + GQ45 -> 2067 | EQ45: =GE45 + GR45 -> 2125 | ER45: =GF45 + GS45 -> 2487 | ... ET45: =GH45 + GU45 -> 2769 | EW45: 57 | EX45: Weber | EY45: 102828 | EZ45: 103369 | FA45: 105169 | FB45: 105102 | FC45: 107214 | FD45: 108557 | FE45: 111359 | FF45: 114200 | FG45: 117743 | FH45: 121331 | FJ45: 57 | FK45: Weber | FL45: 3238 | FM45: 3539 | FN45: 3397 | FO45: 3469 | FP45: 3830 | FQ45: 4465 | FR45: 4593 | FS45: 5282 | FT45: 5765 | FU45: 6592 | FW45: 57 | FX45: Weber | FY45: 537 | FZ45: 582 | GA45: 573 | GB45: 534 | GC45: 666 | GD45: 846 | GE45: 923 | GF45: 1103 | GG45: 1229 | GH45: 1324 | GJ45: 57 | GK45: Weber | GL45: 1191 | GM45: 1246 | GN45: 1134 | GO45: 1085 | GP45: 1186 | GQ45: 1221 | GR45: 1202 | GS45: 1384 | GT45: 1338 | GU45: 1445
CI46: 1049 | CJ46: State of Utah | CK46: =CX46 + DK46 -> 0.048247967 | CL46: =CY46 + DL46 -> 0.048146251 | CM46: =CZ46 + DM46 -> 0.047170408 | CN46: =DA46 + DN46 -> 0.048242532 | CO46: =DB46 + DO46 -> 0.048818053 | CP46: =DC46 + DP46 -> 0.051301419 | CQ46: =DD46 + DQ46 -> 0.053654326 | CR46: =DE46 + DR46 -> 0.057712073 | ... CT46: =DG46 + DT46 -> 0.065641119 | CV46: =$CI46*10 + 0 -> 10490 | CW46: =$CJ46 -> State of Utah | CX46: =IFERROR(DX46/EY46, 0) -> 0.022286052 | CY46: =IFERROR(DY46/EZ46, 0) -> 0.023168413 | CZ46: =IFERROR(DZ46/FA46, 0) -> 0.02324078 | DA46: =IFERROR(EA46/FB46, 0) -> 0.024825238 | DB46: =IFERROR(EB46/FC46, 0) -> 0.025823246 | DC46: =IFERROR(EC46/FD46, 0) -> 0.02787694 | DD46: =IFERROR(ED46/FE46, 0) -> 0.0291896 | DE46: =IFERROR(EE46/FF46, 0) -> 0.031481466 | ... DG46: =IFERROR(EG46/FH46, 0) -> 0.036790903 | DI46: =$CI46*10 + 0 -> 10490 | DJ46: =$CJ46 -> State of Utah | DK46: =IFERROR(EK46/EY46, 0) -> 0.025961915 | DL46: =IFERROR(EL46/EZ46, 0) -> 0.024977838 | DM46: =IFERROR(EM46/FA46, 0) -> 0.023929627 | DN46: =IFERROR(EN46/FB46, 0) -> 0.023417294 | DO46: =IFERROR(EO46/FC46, 0) -> 0.022994807 | DP46: =IFERROR(EP46/FD46, 0) -> 0.023424479 | DQ46: =IFERROR(EQ46/FE46, 0) -> 0.024464726 | DR46: =IFERROR(ER46/FF46, 0) -> 0.026230607 | ... DT46: =IFERROR(ET46/FH46, 0) -> 0.028850216 | DV46: =$CI46*10 + 0 -> 10490 | DW46: =$CJ46 -> State of Utah | DX46: =FL46 - EK46 -> 27125 | DY46: =FM46 - EL46 -> 28592 | DZ46: =FN46 - EM46 -> 29049 | EA46: =FO46 - EN46 -> 31262 | EB46: =FP46 - EO46 -> 33114 | EC46: =FQ46 - EP46 -> 36796 | ED46: =FR46 - EQ46 -> 39563 | EE46: =FS46 - ER46 -> 43863 | ... EG46: =FU46 - ET46 -> 54431 | EI46: =$CI46*10 + 0 -> 10490 | EJ46: =$CJ46 -> State of Utah | EK46: =FY46 + GL46 -> 31599 | EL46: =FZ46 + GM46 -> 30825 | EM46: =GA46 + GN46 -> 29910 | EN46: =GB46 + GO46 -> 29489 | EO46: =GC46 + GP46 -> 29487 | EP46: =GD46 + GQ46 -> 30919 | EQ46: =GE46 + GR46 -> 33159 | ER46: =GF46 + GS46 -> 36547 | ... ET46: =GH46 + GU46 -> 42683 | EW46: 1049 | EX46: State of Utah | EY46: 1217129 | EZ46: 1234094 | FA46: 1249915 | FB46: 1259283 | FC46: 1282333 | FD46: 1319944 | FE46: 1355380 | FF46: 1393296 | FG46: 1433444 | FH46: 1479469 | FJ46: 1049 | FK46: State of Utah | FL46: 58724 | FM46: 59417 | FN46: 58959 | FO46: 60751 | FP46: 62601 | FQ46: 67715 | FR46: 72722 | FS46: 80410 | FT46: 88266 | FU46: 97114 | FW46: 1049 | FX46: State of Utah | FY46: 9643 | FZ46: 9471 | GA46: 9504 | GB46: 9680 | GC46: 10254 | GD46: 11439 | GE46: 12195 | GF46: 13968 | GG46: 16082 | GH46: 16994 | GJ46: 1049 | GK46: State of Utah | GL46: 21956 | GM46: 21354 | GN46: 20406 | GO46: 19809 | GP46: 19233 | GQ46: 19480 | GR46: 20964 | GS46: 22579 | GT46: 23992 | GU46: 25689
CI47: 1000 | CJ47: United States | CK47: =CX47 + DK47 -> 0.041360975 | CL47: =CY47 + DL47 -> 0.042224129 | CM47: =CZ47 + DM47 -> 0.042729813 | CN47: =DA47 + DN47 -> 0.043254384 | CO47: =DB47 + DO47 -> 0.043665739 | CP47: =DC47 + DP47 -> 0.044232594 | CQ47: =DD47 + DQ47 -> 0.045672811 | CR47: =DE47 + DR47 -> 0.047344292 | ... CT47: =DG47 + DT47 -> 0.051713986 | CV47: =$CI47*10 + 0 -> 10000 | CW47: =$CJ47 -> United States | CX47: =IFERROR(DX47/EY47, 0) -> 0.020312996 | CY47: =IFERROR(DY47/EZ47, 0) -> 0.021408025 | CZ47: =IFERROR(DZ47/FA47, 0) -> 0.022257295 | DA47: =IFERROR(EA47/FB47, 0) -> 0.023061732 | DB47: =IFERROR(EB47/FC47, 0) -> 0.023882179 | DC47: =IFERROR(EC47/FD47, 0) -> 0.024745544 | DD47: =IFERROR(ED47/FE47, 0) -> 0.025975568 | DE47: =IFERROR(EE47/FF47, 0) -> 0.027440342 | ... DG47: =IFERROR(EG47/FH47, 0) -> 0.031329077 | DI47: =$CI47*10 + 0 -> 10000 | DJ47: =$CJ47 -> United States | DK47: =IFERROR(EK47/EY47, 0) -> 0.021047979 | DL47: =IFERROR(EL47/EZ47, 0) -> 0.020816104 | DM47: =IFERROR(EM47/FA47, 0) -> 0.020472518 | DN47: =IFERROR(EN47/FB47, 0) -> 0.020192652 | DO47: =IFERROR(EO47/FC47, 0) -> 0.01978356 | DP47: =IFERROR(EP47/FD47, 0) -> 0.01948705 | DQ47: =IFERROR(EQ47/FE47, 0) -> 0.019697244 | DR47: =IFERROR(ER47/FF47, 0) -> 0.01990395 | ... DT47: =IFERROR(ET47/FH47, 0) -> 0.020384909 | DV47: =$CI47*10 + 0 -> 10000 | DW47: =$CJ47 -> United States | DX47: =FL47 - EK47 -> 2828687 | DY47: =FM47 - EL47 -> 2986167 | DZ47: =FN47 - EM47 -> 3113654 | EA47: =FO47 - EN47 -> 3223722 | EB47: =FP47 - EO47 -> 3375439 | EC47: =FQ47 - EP47 -> 3553984 | ED47: =FR47 - EQ47 -> 3788828 | EE47: =FS47 - ER47 -> 4073026 | ... EG47: =FU47 - ET47 -> 4785071 | EI47: =$CI47*10 + 0 -> 10000 | EJ47: =$CJ47 -> United States | EK47: =FY47 + GL47 -> 2931037 | EL47: =FZ47 + GM47 -> 2903601 | EM47: =GA47 + GN47 -> 2863975 | EN47: =GB47 + GO47 -> 2822663 | EO47: =GC47 + GP47 -> 2796152 | EP47: =GD47 + GQ47 -> 2798753 | EQ47: =GE47 + GR47 -> 2873064 | ER47: =GF47 + GS47 -> 2954384 | ... ET47: =GH47 + GU47 -> 3113505 | EW47: 1000 | EX47: United States | EY47: 139255035 | EZ47: 139488206 | FA47: 139893639 | FB47: 139786639 | FC47: 141337148 | FD47: 143621171 | FE47: 145861221 | FF47: 148432042 | FG47: 150571044 | FH47: 152735781 | FJ47: 1000 | FK47: United States | FL47: 5759724 | FM47: 5889768 | FN47: 5977629 | FO47: 6046385 | FP47: 6171591 | FQ47: 6352737 | FR47: 6661892 | FS47: 7027410 | FT47: 7422933 | FU47: 7898576 | FW47: 1000 | FX47: United States | FY47: 815897 | FZ47: 825316 | GA47: 834222 | GB47: 831600 | GC47: 835384 | GD47: 848753 | GE47: 895042 | GF47: 939971 | GG47: 986852 | GH47: 1017531 | GJ47: 1000 | GK47: United States | GL47: 2115140 | GM47: 2078285 | GN47: 2029753 | GO47: 1991063 | GP47: 1960768 | GQ47: 1950000 | GR47: 1978022 | GS47: 2014413 | GT47: 2061804 | GU47: 2095974
EW50: 100 | EX50: Total Workers | FD50: Margin of Errof | FJ50: 700 | FK50: Worked at home | FQ50: Margin of Errof | FW50: 712 | FX50: Self-employed in own incorporated business workers | GD50: Margin of Errof | GJ50: 760 | GK50: Self-employed in own not incorporated business workers | GQ50: Margin of Errof
EY52: 2010 | EZ52: 2011 | FA52: 2012 | FB52: 2013 | FC52: 2014 | FD52: 2015 | FE52: 2016 | FF52: 2017 | FG52: 2018 | FH52: 2019 | FL52: 2010 | FM52: 2011 | FN52: 2012 | FO52: 2013 | FP52: 2014 | FQ52: 2015 | FR52: 2016 | FS52: 2017 | FT52: 2018 | FU52: 2019 | FY52: 2010 | FZ52: 2011 | GA52: 2012 | GB52: 2013 | GC52: 2014 | GD52: 2015 | GE52: 2016 | GF52: 2017 | GG52: 2018 | GH52: 2019 | GL52: 2010 | GM52: 2011 | GN52: 2012 | GO52: 2013 | GP52: 2014 | GQ52: 2015 | GR52: 2016 | GS52: 2017 | GT52: 2018 | GU52: 2019
EW53: 101 | EX53: Wasatch Front | EY53: 6615 | EZ53: 6590 | FA53: 6873 | FB53: 7167 | FC53: 7082 | FD53: 6974 | FE53: 7477 | FF53: 7681 | FG53: 7550 | FH53: 7321 | FJ53: 101 | FK53: Wasatch Front | FL53: 2418 | FM53: 2688 | FN53: 2681 | FO53: 2665 | FP53: 2711 | FQ53: 3248 | FR53: 2975 | FS53: 3199 | FT53: 3504 | FU53: 3922 | FW53: 101 | FX53: Wasatch Front | FY53: 993 | FZ53: 984 | GA53: 1002 | GB53: 1099 | GC53: 997 | GD53: 1225 | GE53: 1114 | GF53: 1387 | GG53: 1567 | GH53: 1591 | GJ53: 101 | GK53: Wasatch Front | GL53: 1677 | GM53: 1573 | GN53: 1553 | GO53: 1457 | GP53: 1531 | GQ53: 1511 | GR53: 1600 | GS53: 1602 | GT53: 1787 | GU53: 1748
EW54: 57 | EX54: Weber | EY54: 1296 | EZ54: 1250 | FA54: 1237 | FB54: 1086 | FC54: 1462 | FD54: 1440 | FE54: 1402 | FF54: 1317 | FG54: 1309 | FH54: 1376 | FJ54: 57 | FK54: Weber | FL54: 401 | FM54: 376 | FN54: 400 | FO54: 349 | FP54: 398 | FQ54: 531 | FR54: 432 | FS54: 493 | FT54: 621 | FU54: 647 | FW54: 57 | FX54: Weber | FY54: 143 | FZ54: 140 | GA54: 166 | GB54: 140 | GC54: 160 | GD54: 207 | GE54: 212 | GF54: 235 | GG54: 273 | GH54: 281 | GJ54: 57 | GK54: Weber | GL54: 238 | GM54: 254 | GN54: 207 | GO54: 198 | GP54: 224 | GQ54: 274 | GR54: 235 | GS54: 259 | GT54: 248 | GU54: 270
EW55: 11 | EX55: Davis | EY55: 1155 | EZ55: 1217 | FA55: 1226 | FB55: 1462 | FC55: 1340 | FD55: 1353 | FE55: 1297 | FF55: 1595 | FG55: 1626 | FH55: 1402 | FJ55: 11 | FK55: Davis | FL55: 394 | FM55: 567 | FN55: 506 | FO55: 481 | FP55: 507 | FQ55: 592 | FR55: 587 | FS55: 663 | FT55: 630 | FU55: 711 | FW55: 11 | FX55: Davis | FY55: 184 | FZ55: 159 | GA55: 156 | GB55: 169 | GC55: 155 | GD55: 226 | GE55: 187 | GF55: 218 | GG55: 264 | GH55: 264 | GJ55: 11 | GK55: Davis | GL55: 285 | GM55: 292 | GN55: 273 | GO55: 269 | GP55: 337 | GQ55: 278 | GR55: 320 | GS55: 252 | GT55: 312 | GU55: 326
EW56: 35 | EX56: Salt Lake | EY56: 2158 | EZ56: 2382 | FA56: 2723 | FB56: 2689 | FC56: 2498 | FD56: 2451 | FE56: 3013 | FF56: 2987 | FG56: 2929 | FH56: 2886 | FJ56: 35 | FK56: Salt Lake | FL56: 869 | FM56: 924 | FN56: 1085 | FO56: 1087 | FP56: 1098 | FQ56: 1303 | FR56: 1252 | FS56: 1317 | FT56: 1426 | FU56: 1660 | FW56: 35 | FX56: Salt Lake | FY56: 398 | FZ56: 449 | GA56: 388 | GB56: 444 | GC56: 407 | GD56: 529 | GE56: 467 | GF56: 575 | GG56: 649 | GH56: 621 | GJ56: 35 | GK56: Salt Lake | GL56: 686 | GM56: 570 | GN56: 647 | GO56: 583 | GP56: 588 | GQ56: 584 | GR56: 713 | GS56: 681 | GT56: 769 | GU56: 735
EW57: 49 | EX57: Utah | EY57: 2006 | EZ57: 1741 | FA57: 1687 | FB57: 1930 | FC57: 1782 | FD57: 1730 | FE57: 1765 | FF57: 1782 | FG57: 1686 | FH57: 1657 | FJ57: 49 | FK57: Utah | FL57: 754 | FM57: 821 | FN57: 690 | FO57: 748 | FP57: 708 | FQ57: 822 | FR57: 704 | FS57: 726 | FT57: 827 | FU57: 904 | FW57: 49 | FX57: Utah | FY57: 268 | FZ57: 236 | GA57: 292 | GB57: 346 | GC57: 275 | GD57: 263 | GE57: 248 | GF57: 359 | GG57: 381 | GH57: 425 | GJ57: 49 | GK57: Utah | GL57: 468 | GM57: 457 | GN57: 426 | GO57: 407 | GP57: 382 | GQ57: 375 | GR57: 332 | GS57: 410 | GT57: 458 | GU57: 417
EW58: 1049 | EX58: State of Utah | EY58: 3882 | EZ58: 4037 | FA58: 3848 | FB58: 4062 | FC58: 3939 | FD58: 4183 | FE58: 4671 | FF58: 5063 | FG58: 4345 | FH58: 4249 | FJ58: 1049 | FK58: State of Utah | FL58: 1327 | FM58: 1505 | FN58: 1679 | FO58: 1638 | FP58: 1596 | FQ58: 1833 | FR58: 1999 | FS58: 1939 | FT58: 2205 | FU58: 2411 | FW58: 1049 | FX58: State of Utah | FY58: 617 | FZ58: 627 | GA58: 651 | GB58: 679 | GC58: 645 | GD58: 814 | GE58: 632 | GF58: 884 | GG58: 938 | GH58: 1127 | GJ58: 1049 | GK58: State of Utah | GL58: 970 | GM58: 983 | GN58: 898 | GO58: 967 | GP58: 738 | GQ58: 829 | GR58: 1012 | GS58: 1022 | GT58: 1172 | GU58: 1188
EW59: 1000 | EX59: United States | EY59: 120716 | EZ59: 132753 | FA59: 138411 | FB59: 142773 | FC59: 142073 | FD59: 143374 | FE59: 149643 | FF59: 153416 | FG59: 169078 | FH59: 170067 | FJ59: 1000 | FK59: United States | FL59: 19688 | FM59: 19418 | FN59: 16168 | FO59: 21247 | FP59: 19620 | FQ59: 18023 | FR59: 19354 | FS59: 20203 | FT59: 21167 | FU59: 27244 | FW59: 1000 | FX59: United States | FY59: 6728 | FZ59: 7220 | GA59: 7490 | GB59: 8472 | GC59: 7672 | GD59: 7053 | GE59: 7823 | GF59: 9309 | GG59: 8929 | GH59: 10033 | GJ59: 1000 | GK59: United States | GL59: 13350 | GM59: 12013 | GN59: 11536 | GO59: 12497 | GP59: 13500 | GQ59: 13475 | GR59: 11911 | GS59: 14677 | GT59: 15596 | GU59: 18436
EW61: 100.2 | EX61: Total Workers | FD61: Margin of Errof | FJ61: 700.2 | FK61: Worked at home | FQ61: Margin of Errof | FW61: 712.2 | FX61: Self-employed in own incorporated business workers | GD61: Margin of Errof | GJ61: 760.2 | GK61: Self-employed in own not incorporated business workers | GQ61: Margin of Errof
EX62: County | EY62: 2010 | EZ62: 2011 | FA62: 2012 | FB62: 2013 | FC62: 2014 | FD62: 2015 | FE62: 2016 | FF62: 2017 | FG62: 2018 | FH62: 2019 | FK62: County | FL62: 2010 | FM62: 2011 | FN62: 2012 | FO62: 2013 | FP62: 2014 | FQ62: 2015 | FR62: 2016 | FS62: 2017 | FT62: 2018 | FU62: 2019 | FX62: County | FY62: 2010 | FZ62: 2011 | GA62: 2012 | GB62: 2013 | GC62: 2014 | GD62: 2015 | GE62: 2016 | GF62: 2017 | GG62: 2018 | GH62: 2019 | GK62: County | GL62: 2010 | GM62: 2011 | GN62: 2012 | GO62: 2013 | GP62: 2014 | GQ62: 2015 | GR62: 2016 | GS62: 2017 | GT62: 2018 | GU62: 2019
EW63: 1 | EX63: Beaver | EY63: 302 | EZ63: 238 | FA63: 209 | FB63: 200 | FC63: 180 | FD63: 131 | FE63: 141 | FF63: 166 | FG63: 131 | FH63: 171 | FJ63: 1 | FK63: Beaver | FL63: 67 | FM63: 55 | FN63: 46 | FO63: 44 | FP63: 34 | FQ63: 25 | FR63: 32 | FS63: 64 | FT63: 58 | FU63: 77 | FW63: 1 | FX63: Beaver | FY63: 46 | FZ63: 18 | GA63: 17 | GB63: 16 | GC63: 14 | GD63: 12 | GE63: 13 | GF63: 13 | GG63: 28 | GH63: 24 | GJ63: 1 | GK63: Beaver | GL63: 36 | GM63: 36 | GN63: 30 | GO63: 22 | GP63: 25 | GQ63: 21 | GR63: 30 | GS63: 34 | GT63: 20 | GU63: 48
EW64: 3 | EX64: Box Elder | EY64: 477 | EZ64: 465 | FA64: 550 | FB64: 447 | FC64: 493 | FD64: 499 | FE64: 489 | FF64: 434 | FG64: 462 | FH64: 445 | FJ64: 3 | FK64: Box Elder | FL64: 171 | FM64: 170 | FN64: 179 | FO64: 166 | FP64: 138 | FQ64: 146 | FR64: 176 | FS64: 156 | FT64: 178 | FU64: 210 | FW64: 3 | FX64: Box Elder | FY64: 68 | FZ64: 75 | GA64: 67 | GB64: 71 | GC64: 79 | GD64: 82 | GE64: 62 | GF64: 51 | GG64: 75 | GH64: 54 | GJ64: 3 | GK64: Box Elder | GL64: 143 | GM64: 147 | GN64: 151 | GO64: 137 | GP64: 94 | GQ64: 99 | GR64: 129 | GS64: 97 | GT64: 99 | GU64: 110
EW65: 5 | EX65: Cache | EY65: 784 | EZ65: 661 | FA65: 818 | FB65: 868 | FC65: 721 | FD65: 787 | FE65: 749 | FF65: 931 | FG65: 809 | FH65: 912 | FJ65: 5 | FK65: Cache | FL65: 302 | FM65: 305 | FN65: 242 | FO65: 305 | FP65: 266 | FQ65: 290 | FR65: 319 | FS65: 315 | FT65: 383 | FU65: 388 | FW65: 5 | FX65: Cache | FY65: 111 | FZ65: 101 | GA65: 101 | GB65: 110 | GC65: 84 | GD65: 126 | GE65: 134 | GF65: 153 | GG65: 198 | GH65: 190 | GJ65: 5 | GK65: Cache | GL65: 178 | GM65: 162 | GN65: 126 | GO65: 153 | GP65: 145 | GQ65: 133 | GR65: 153 | GS65: 123 | GT65: 163 | GU65: 164
EW66: 7 | EX66: Carbon | EY66: 346 | EZ66: 353 | FA66: 352 | FB66: 296 | FC66: 330 | FD66: 367 | FE66: 292 | FF66: 424 | FG66: 381 | FH66: 356 | FJ66: 7 | FK66: Carbon | FL66: 128 | FM66: 95 | FN66: 95 | FO66: 90 | FP66: 80 | FQ66: 94 | FR66: 81 | FS66: 91 | FT66: 124 | FU66: 108 | FW66: 7 | FX66: Carbon | FY66: 22 | FZ66: 4 | GA66: 13 | GB66: 8 | GC66: 19 | GD66: 18 | GE66: 20 | GF66: 37 | GG66: 72 | GH66: 64 | GJ66: 7 | GK66: Carbon | GL66: 59 | GM66: 59 | GN66: 61 | GO66: 55 | GP66: 55 | GQ66: 56 | GR66: 47 | GS66: 47 | GT66: 58 | GU66: 64
EW67: 9 | EX67: Daggett | EY67: 94 | EZ67: 83 | FA67: 70 | FB67: 59 | FC67: 57 | FD67: 55 | FE67: 80 | FF67: 122 | FG67: 104 | FH67: 111 | FJ67: 9 | FK67: Daggett | FL67: 41 | FM67: 43 | FN67: 28 | FO67: 31 | FP67: 33 | FQ67: 10 | FR67: 18 | FS67: 21 | FT67: 15 | FU67: 18 | FW67: 9 | FX67: Daggett | FY67: 41 | FZ67: 41 | GA67: 27 | GB67: 29 | GC67: 31 | GD67: 11 | GE67: 14 | GF67: 18 | GG67: 13 | GH67: 18 | GJ67: 9 | GK67: Daggett | GL67: 119 | GM67: 89 | GN67: 11 | GO67: 7 | GP67: 7 | GQ67: 9 | GR67: 10 | GS67: 8 | GT67: 11 | GU67: 11
EW68: 11 | EX68: Davis | EY68: 1155 | EZ68: 1217 | FA68: 1226 | FB68: 1462 | FC68: 1340 | FD68: 1353 | FE68: 1297 | FF68: 1595 | FG68: 1626 | FH68: 1402 | FJ68: 11 | FK68: Davis | FL68: 394 | FM68: 567 | FN68: 506 | FO68: 481 | FP68: 507 | FQ68: 592 | FR68: 587 | FS68: 663 | FT68: 630 | FU68: 711 | FW68: 11 | FX68: Davis | FY68: 184 | FZ68: 159 | GA68: 156 | GB68: 169 | GC68: 155 | GD68: 226 | GE68: 187 | GF68: 218 | GG68: 264 | GH68: 264 | GJ68: 11 | GK68: Davis | GL68: 285 | GM68: 292 | GN68: 273 | GO68: 269 | GP68: 337 | GQ68: 278 | GR68: 320 | GS68: 252 | GT68: 312 | GU68: 326
EW69: 13 | EX69: Duchesne | EY69: 283 | EZ69: 330 | FA69: 213 | FB69: 269 | FC69: 285 | FD69: 232 | FE69: 211 | FF69: 199 | FG69: 183 | FH69: 233 | FJ69: 13 | FK69: Duchesne | FL69: 129 | FM69: 131 | FN69: 99 | FO69: 97 | FP69: 71 | FQ69: 58 | FR69: 74 | FS69: 80 | FT69: 95 | FU69: 107 | FW69: 13 | FX69: Duchesne | FY69: 31 | FZ69: 22 | GA69: 33 | GB69: 22 | GC69: 25 | GD69: 30 | GE69: 42 | GF69: 42 | GG69: 52 | GH69: 56 | GJ69: 13 | GK69: Duchesne | GL69: 95 | GM69: 98 | GN69: 58 | GO69: 54 | GP69: 35 | GQ69: 22 | GR69: 38 | GS69: 50 | GT69: 62 | GU69: 63
EW70: 15 | EX70: Emery | EY70: 163 | EZ70: 154 | FA70: 191 | FB70: 157 | FC70: 166 | FD70: 188 | FE70: 182 | FF70: 169 | FG70: 174 | FH70: 181 | FJ70: 15 | FK70: Emery | FL70: 96 | FM70: 99 | FN70: 98 | FO70: 96 | FP70: 68 | FQ70: 67 | FR70: 81 | FS70: 78 | FT70: 74 | FU70: 82 | FW70: 15 | FX70: Emery | FY70: 69 | FZ70: 66 | GA70: 71 | GB70: 74 | GC70: 29 | GD70: 26 | GE70: 30 | GF70: 19 | GG70: 27 | GH70: 34 | GJ70: 15 | GK70: Emery | GL70: 45 | GM70: 45 | GN70: 31 | GO70: 29 | GP70: 40 | GQ70: 57 | GR70: 60 | GS70: 61 | GT70: 61 | GU70: 60
EW71: 17 | EX71: Garfield | EY71: 178 | EZ71: 172 | FA71: 152 | FB71: 135 | FC71: 152 | FD71: 144 | FE71: 130 | FF71: 159 | FG71: 116 | FH71: 171 | FJ71: 17 | FK71: Garfield | FL71: 113 | FM71: 96 | FN71: 50 | FO71: 42 | FP71: 44 | FQ71: 32 | FR71: 45 | FS71: 52 | FT71: 66 | FU71: 64 | FW71: 17 | FX71: Garfield | FY71: 34 | FZ71: 30 | GA71: 12 | GB71: 5 | GC71: 12 | GD71: 13 | GE71: 9 | GF71: 16 | GG71: 18 | GH71: 23 | GJ71: 17 | GK71: Garfield | GL71: 50 | GM71: 50 | GN71: 40 | GO71: 29 | GP71: 28 | GQ71: 15 | GR71: 17 | GS71: 24 | GT71: 28 | GU71: 27
EW72: 19 | EX72: Grand | EY72: 365 | EZ72: 371 | FA72: 255 | FB72: 286 | FC72: 279 | FD72: 289 | FE72: 298 | FF72: 324 | FG72: 291 | FH72: 320 | FJ72: 19 | FK72: Grand | FL72: 84 | FM72: 95 | FN72: 122 | FO72: 124 | FP72: 135 | FQ72: 136 | FR72: 159 | FS72: 179 | FT72: 129 | FU72: 149 | FW72: 19 | FX72: Grand | FY72: 35 | FZ72: 21 | GA72: 31 | GB72: 28 | GC72: 37 | GD72: 38 | GE72: 41 | GF72: 32 | GG72: 23 | GH72: 68 | GJ72: 19 | GK72: Grand | GL72: 45 | GM72: 34 | GN72: 26 | GO72: 58 | GP72: 100 | GQ72: 96 | GR72: 113 | GS72: 151 | GT72: 106 | GU72: 79
EW73: 21 | EX73: Iron | EY73: 557 | EZ73: 747 | FA73: 690 | FB73: 688 | FC73: 664 | FD73: 682 | FE73: 864 | FF73: 724 | FG73: 747 | FH73: 629 | FJ73: 21 | FK73: Iron | FL73: 186 | FM73: 208 | FN73: 139 | FO73: 142 | FP73: 133 | FQ73: 143 | FR73: 177 | FS73: 187 | FT73: 224 | FU73: 274 | FW73: 21 | FX73: Iron | FY73: 46 | FZ73: 59 | GA73: 45 | GB73: 40 | GC73: 31 | GD73: 87 | GE73: 83 | GF73: 72 | GG73: 111 | GH73: 160 | GJ73: 21 | GK73: Iron | GL73: 159 | GM73: 138 | GN73: 101 | GO73: 105 | GP73: 87 | GQ73: 91 | GR73: 85 | GS73: 120 | GT73: 90 | GU73: 146
EW74: 23 | EX74: Juab | EY74: 199 | EZ74: 210 | FA74: 234 | FB74: 207 | FC74: 233 | FD74: 230 | FE74: 252 | FF74: 197 | FG74: 202 | FH74: 187 | FJ74: 23 | FK74: Juab | FL74: 66 | FM74: 73 | FN74: 55 | FO74: 70 | FP74: 58 | FQ74: 66 | FR74: 81 | FS74: 92 | FT74: 97 | FU74: 113 | FW74: 23 | FX74: Juab | FY74: 26 | FZ74: 27 | GA74: 33 | GB74: 25 | GC74: 21 | GD74: 10 | GE74: 10 | GF74: 14 | GG74: 13 | GH74: 21 | GJ74: 23 | GK74: Juab | GL74: 20 | GM74: 18 | GN74: 19 | GO74: 24 | GP74: 27 | GQ74: 34 | GR74: 37 | GS74: 34 | GT74: 33 | GU74: 71
... EW93: 1000 | EX93: United States | EY93: 120716 | EZ93: 132753 | FA93: 138411 | FB93: 142773 | FC93: 142073 | FD93: 143374 | FE93: 149643 | FF93: 153416 | FG93: 169078 | FH93: 170067 | FJ93: 1000 | FK93: United States | FL93: 19688 | FM93: 19418 | FN93: 16168 | FO93: 21247 | FP93: 19620 | FQ93: 18023 | FR93: 19354 | FS93: 20203 | FT93: 21167 | FU93: 27244 | FW93: 1000 | FX93: United States | FY93: 6728 | FZ93: 7220 | GA93: 7490 | GB93: 8472 | GC93: 7672 | GD93: 7053 | GE93: 7823 | GF93: 9309 | GG93: 8929 | GH93: 10033 | GJ93: 1000 | GK93: United States | GL93: 13350 | GM93: 12013 | GN93: 11536 | GO93: 12497 | GP93: 13500 | GQ93: 13475 | GR93: 11911 | GS93: 14677 | GT93: 15596 | GU93: 18436
EW96: 100 | EX96: Total Workers | FD96: % Margin of Errof | FJ96: 700 | FK96: Worked at home | FQ96: % Margin of Errof | FW96: 712 | FX96: Self-employed in own incorporated business workers | GD96: % Margin of Errof | GJ96: 760 | GK96: Self-employed in own not incorporated business workers | GQ96: % Margin of Errof
EY98: 2010 | EZ98: 2011 | FA98: 2012 | FB98: 2013 | FC98: 2014 | FD98: 2015 | FE98: 2016 | FF98: 2017 | FG98: 2018 | FH98: 2019 | FL98: 2010 | FM98: 2011 | FN98: 2012 | FO98: 2013 | FP98: 2014 | FQ98: 2015 | FR98: 2016 | FS98: 2017 | FT98: 2018 | FU98: 2019 | FY98: 2010 | FZ98: 2011 | GA98: 2012 | GB98: 2013 | GC98: 2014 | GD98: 2015 | GE98: 2016 | GF98: 2017 | GG98: 2018 | GH98: 2019 | GL98: 2010 | GM98: 2011 | GN98: 2012 | GO98: 2013 | GP98: 2014 | GQ98: 2015 | GR98: 2016 | GS98: 2017 | GT98: 2018 | GU98: 2019
EW99: 101 | EX99: Wasatch Front | EY99: 0.0070761907 | EZ99: 0.0069404658 | FA99: 0.0071310366 | FB99: 0.0073761811 | FC99: 0.0071417479 | FD99: 0.0068265065 | FE99: 0.0071129182 | FF99: 0.0071113193 | FG99: 0.0067959548 | FH99: 0.0063928926 | FJ99: 101 | FK99: Wasatch Front | FL99: 0.056180297 | FM99: 0.060317745 | FN99: 0.060490512 | FO99: 0.057796573 | FP99: 0.055966144 | FQ99: 0.061544292 | FR99: 0.053258145 | FS99: 0.051783864 | FT99: 0.052282121 | FU99: 0.054222947 | FW99: 101 | FX99: Wasatch Front | FY99: 0.14564388 | FZ99: 0.14348206 | GA99: 0.1481153 | GB99: 0.16332293 | GC99: 0.13708236 | GD99: 0.1488276 | GE99: 0.12529524 | GF99: 0.13367386 | GG99: 0.13733567 | GH99: 0.13505942 | GJ99: 101 | GK99: Wasatch Front | GL99: 0.10638163 | GM99: 0.10105358 | GN99: 0.10297043 | GO99: 0.098352909 | GP99: 0.10365606 | GQ99: 0.10105671 | GR99: 0.10161956 | GS99: 0.095647501 | GT99: 0.099776661 | GU99: 0.093186907
EW100: 57 | EX100: Weber | EY100: 0.012603571 | EZ100: 0.0120926 | FA100: 0.011762021 | FB100: 0.01033282 | FC100: 0.013636279 | FD100: 0.013264921 | FE100: 0.012589912 | FF100: 0.011532399 | FG100: 0.011117434 | FH100: 0.011340877 | FJ100: 57 | FK100: Weber | FL100: 0.12384188 | FM100: 0.1062447 | FN100: 0.11775096 | FO100: 0.10060536 | FP100: 0.10391645 | FQ100: 0.11892497 | FR100: 0.094056172 | FS100: 0.093335858 | FT100: 0.10771899 | FU100: 0.098149272 | FW100: 57 | FX100: Weber | FY100: 0.26629423 | FZ100: 0.24054983 | GA100: 0.28970332 | GB100: 0.26217228 | GC100: 0.24024024 | GD100: 0.24468085 | GE100: 0.22968581 | GF100: 0.2130553 | GG100: 0.22213181 | GH100: 0.21223565 | GJ100: 57 | GK100: Weber | GL100: 0.19983207 | GM100: 0.20385233 | GN100: 0.18253968 | GO100: 0.18248848 | GP100: 0.18887015 | GQ100: 0.22440622 | GR100: 0.19550749 | GS100: 0.18713873 | GT100: 0.18535127 | GU100: 0.18685121
EW101: 11 | EX101: Davis | EY101: 0.0086123974 | EZ101: 0.0088723317 | FA101: 0.0087875856 | FB101: 0.010384408 | FC101: 0.0093258912 | FD101: 0.0091323276 | FE101: 0.0085435742 | FF101: 0.010241428 | FG101: 0.01022693 | FH101: 0.0085282918 | FJ101: 11 | FK101: Davis | FL101: 0.065908331 | FM101: 0.087662338 | FN101: 0.080406801 | FO101: 0.072243917 | FP101: 0.071348156 | FQ101: 0.076624385 | FR101: 0.074360274 | FS101: 0.076727231 | FT101: 0.067997841 | FU101: 0.073480777 | FW101: 11 | FX101: Davis | FY101: 0.20932878 | FZ101: 0.19751553 | GA101: 0.19974392 | GB101: 0.21177945 | GC101: 0.18629808 | GD101: 0.23615465 | GE101: 0.17758784 | GF101: 0.17898194 | GG101: 0.18552354 | GH101: 0.16236162 | GJ101: 11 | GK101: Davis | GL101: 0.12221269 | GM101: 0.13468635 | GN101: 0.12308386 | GO101: 0.12111661 | GP101: 0.15283447 | GQ101: 0.12775735 | GR101: 0.14565316 | GS101: 0.12524851 | GT101: 0.14175375 | GU101: 0.15840622
EW102: 35 | EX102: Salt Lake | EY102: 0.0044017011 | EZ102: 0.004818468 | FA102: 0.0054479286 | FB102: 0.0053336242 | FC102: 0.0048646164 | FD102: 0.0046356714 | FE102: 0.0055586098 | FF102: 0.0053631096 | FG102: 0.0051448335 | FH102: 0.0049504101 | FJ102: 35 | FK102: Salt Lake | FL102: 0.041286583 | FM102: 0.042960759 | FN102: 0.049953959 | FO102: 0.048127158 | FP102: 0.046210176 | FQ102: 0.049852699 | FR102: 0.045008448 | FS102: 0.042487983 | FT102: 0.042319563 | FU102: 0.045882971 | FW102: 35 | FX102: Salt Lake | FY102: 0.1171622 | FZ102: 0.13182619 | GA102: 0.11782569 | GB102: 0.13901064 | GC102: 0.11432584 | GD102: 0.12867915 | GE102: 0.10438087 | GF102: 0.11215136 | GG102: 0.11411992 | GH102: 0.1115903 | GJ102: 35 | GK102: Salt Lake | GL102: 0.08832239 | GM102: 0.072500636 | GN102: 0.085649987 | GO102: 0.078129188 | GP102: 0.079416532 | GQ102: 0.077105889 | GR102: 0.089685535 | GS102: 0.07746559 | GT102: 0.080540427 | GU102: 0.071511967
EW103: 49 | EX103: Utah | EY103: 0.0096617427 | EZ103: 0.0081120497 | FA103: 0.0076923778 | FB103: 0.00870974 | FC103: 0.0078422743 | FD103: 0.0073252939 | FE103: 0.007175526 | FF103: 0.00703747 | FG103: 0.0063644016 | FH103: 0.0059933953 | FJ103: 49 | FK103: Utah | FL103: 0.059016907 | FM103: 0.062916699 | FN103: 0.053442801 | FO103: 0.055833396 | FP103: 0.051517136 | FQ103: 0.056897626 | FR103: 0.04525585 | FS103: 0.043070717 | FT103: 0.045203608 | FU103: 0.045463689 | FW103: 49 | FX103: Utah | FY103: 0.13366584 | FZ103: 0.11428571 | GA103: 0.13786591 | GB103: 0.15705856 | GC103: 0.1241535 | GD103: 0.11350885 | GE103: 0.10159771 | GF103: 0.12260929 | GG103: 0.12406382 | GH103: 0.13016845 | GJ103: 49 | GK103: Utah | GL103: 0.10460438 | GM103: 0.10652681 | GN103: 0.10201149 | GO103: 0.10059318 | GP103: 0.096100629 | GQ103: 0.094197438 | GR103: 0.075523203 | GS103: 0.089872863 | GT103: 0.094961642 | GU103: 0.083785413
EW104: 1049 | EX104: State of Utah | EY104: 0.0031894729 | EZ104: 0.0032712257 | FA104: 0.0030786093 | FB104: 0.0032256451 | FC104: 0.003071745 | FD104: 0.0031690738 | FE104: 0.003446266 | FF104: 0.0036338294 | FG104: 0.0030311613 | FH104: 0.0028719764 | FJ104: 1049 | FK104: State of Utah | FL104: 0.022597235 | FM104: 0.025329451 | FN104: 0.028477417 | FO104: 0.026962519 | FP104: 0.0254948 | FQ104: 0.027069335 | FR104: 0.027488243 | FS104: 0.024113916 | FT104: 0.024981307 | FU104: 0.024826493 | FW104: 1049 | FX104: State of Utah | FY104: 0.063984237 | FZ104: 0.066202091 | GA104: 0.068497475 | GB104: 0.070144628 | GC104: 0.062902282 | GD104: 0.071160066 | GE104: 0.051824518 | GF104: 0.063287514 | GG104: 0.058326079 | GH104: 0.066317524 | GJ104: 1049 | GK104: State of Utah | GL104: 0.044179268 | GM104: 0.04603353 | GN104: 0.044006665 | GO104: 0.048816195 | GP104: 0.038371549 | GQ104: 0.042556468 | GR104: 0.04827323 | GS104: 0.045263298 | GT104: 0.048849617 | GU104: 0.046245475
EW105: 1000 | EX105: United States | EY105: 0.00086686991 | EZ105: 0.00095171487 | FA105: 0.00098940167 | FB105: 0.0010213637 | FC105: 0.0010052064 | FD105: 0.00099827901 | FE105: 0.0010259272 | FF105: 0.0010335774 | FG105: 0.0011229118 | FH105: 0.0011134719 | FJ105: 1000 | FK105: United States | FL105: 0.0034182193 | FM105: 0.0032969041 | FN105: 0.0027047513 | FO105: 0.0035140005 | FP105: 0.003179083 | FQ105: 0.0028370449 | FR105: 0.0029051807 | FS105: 0.0028748856 | FT105: 0.0028515682 | FU105: 0.0034492293 | FW105: 1000 | FX105: United States | FY105: 0.0082461389 | FZ105: 0.0087481643 | GA105: 0.0089784254 | GB105: 0.01018759 | GC105: 0.0091838005 | GD105: 0.0083098381 | GE105: 0.008740372 | GF105: 0.009903497 | GG105: 0.0090479626 | GH105: 0.0098601419 | GJ105: 1000 | GK105: United States | GL105: 0.0063116389 | GM105: 0.0057802467 | GN105: 0.0056834502 | GO105: 0.0062765467 | GP105: 0.0068850573 | GQ105: 0.0069102564 | GR105: 0.0060216722 | GS105: 0.0072859935 | GT105: 0.0075642496 | GU105: 0.0087959106
EW107: 100.2 | EX107: Total Workers | FD107: % Margin of Errof | FJ107: 700.2 | FK107: Worked at home | FQ107: % Margin of Errof | FW107: 712.2 | FX107: Self-employed in own incorporated business workers | GD107: % Margin of Errof | GJ107: 760.2 | GK107: Self-employed in own not incorporated business workers | GQ107: % Margin of Errof
EX108: County | EY108: 2010 | EZ108: 2011 | FA108: 2012 | FB108: 2013 | FC108: 2014 | FD108: 2015 | FE108: 2016 | FF108: 2017 | FG108: 2018 | FH108: 2019 | FK108: County | FL108: 2010 | FM108: 2011 | FN108: 2012 | FO108: 2013 | FP108: 2014 | FQ108: 2015 | FR108: 2016 | FS108: 2017 | FT108: 2018 | FU108: 2019 | FX108: County | FY108: 2010 | FZ108: 2011 | GA108: 2012 | GB108: 2013 | GC108: 2014 | GD108: 2015 | GE108: 2016 | GF108: 2017 | GG108: 2018 | GH108: 2019 | GK108: County | GL108: 2010 | GM108: 2011 | GN108: 2012 | GO108: 2013 | GP108: 2014 | GQ108: 2015 | GR108: 2016 | GS108: 2017 | GT108: 2018 | GU108: 2019
EW109: 1 | EX109: Beaver | EY109: 0.12458746 | EZ109: 0.092679128 | FA109: 0.08019954 | FB109: 0.075018755 | FC109: 0.066617321 | FD109: 0.045565217 | FE109: 0.051254089 | FF109: 0.063479924 | FG109: 0.048662704 | FH109: 0.064309891 | FJ109: 1 | FK109: Beaver | FL109: 0.3964497 | FM109: 0.39855072 | FN109: 0.51111111 | FO109: 0.49438202 | FP109: 0.48571429 | FQ109: 0.6097561 | FR109: 0.57142857 | FS109: 0.71910112 | FT109: 0.53703704 | FU109: 0.48427673 | FW109: 1 | FX109: Beaver | FY109: 1.1794872 | FZ109: 1.3846154 | GA109: 1.4166667 | GB109: 0 | GC109: 1.1666667 | GD109: 1 | GE109: 0.92857143 | GF109: 0.86666667 | GG109: 0.8 | GH109: 1.0909091 | GJ109: 1 | GK109: Beaver | GL109: 0.61016949 | GM109: 0.64285714 | GN109: 0.71428571 | GO109: 0.55 | GP109: 0.67567568 | GQ109: 0.875 | GR109: 0.76923077 | GS109: 0.97142857 | GT109: 1 | GU109: 0.68571429
EW110: 3 | EX110: Box Elder | EY110: 0.022981307 | EZ110: 0.022040004 | FA110: 0.026186735 | FB110: 0.020961313 | FC110: 0.023220762 | FD110: 0.023448146 | FE110: 0.022787642 | FF110: 0.019663812 | FG110: 0.020250723 | FH110: 0.018763704 | FJ110: 3 | FK110: Box Elder | FL110: 0.16270219 | FM110: 0.16361886 | FN110: 0.19477693 | FO110: 0.19714964 | FP110: 0.18826739 | FQ110: 0.20391061 | FR110: 0.2063306 | FS110: 0.17667044 | FT110: 0.1558669 | FU110: 0.16733068 | FW110: 3 | FX110: Box Elder | FY110: 0.41212121 | FZ110: 0.44117647 | GA110: 0.44370861 | GB110: 0.47019868 | GC110: 0.47878788 | GD110: 0.56164384 | GE110: 0.55855856 | GF110: 0.38931298 | GG110: 0.45180723 | GH110: 0.45 | GJ110: 3 | GK110: Box Elder | GL110: 0.24740484 | GM110: 0.26727273 | GN110: 0.30942623 | GO110: 0.30580357 | GP110: 0.28571429 | GQ110: 0.3778626 | GR110: 0.34217507 | GS110: 0.2740113 | GT110: 0.22706422 | GU110: 0.24122807
EW111: 5 | EX111: Cache | EY111: 0.015391562 | EZ111: 0.01277665 | FA111: 0.015682515 | FB111: 0.016550672 | FC111: 0.013631293 | FD111: 0.014562209 | FE111: 0.013604577 | FF111: 0.016566131 | FG111: 0.013884837 | FH111: 0.015181276 | FJ111: 5 | FK111: Cache | FL111: 0.11005831 | FM111: 0.12901861 | FN111: 0.10707965 | FO111: 0.13135228 | FP111: 0.12107419 | FQ111: 0.11698265 | FR111: 0.11372549 | FS111: 0.10835913 | FT111: 0.11850248 | FU111: 0.10259122 | FW111: 5 | FX111: Cache | FY111: 0.296 | FZ111: 0.30239521 | GA111: 0.3088685 | GB111: 0.33232628 | GC111: 0.26923077 | GD111: 0.27631579 | GE111: 0.23716814 | GF111: 0.23111782 | GG111: 0.2481203 | GH111: 0.21276596 | GJ111: 5 | GK111: Cache | GL111: 0.18052738 | GM111: 0.19354839 | GN111: 0.15613383 | GO111: 0.18478261 | GP111: 0.19078947 | GQ111: 0.17095116 | GR111: 0.17957746 | GS111: 0.15870968 | GT111: 0.21646746 | GU111: 0.20172202
EW112: 7 | EX112: Carbon | EY112: 0.040232558 | EZ112: 0.040804531 | FA112: 0.040159726 | FB112: 0.033408578 | FC112: 0.03683858 | FD112: 0.040691873 | FE112: 0.033155445 | FF112: 0.048960739 | FG112: 0.04440042 | FH112: 0.042391045 | FJ112: 7 | FK112: Carbon | FL112: 0.42666667 | FM112: 0.41125541 | FN112: 0.36398467 | FO112: 0.33333333 | FP112: 0.29962547 | FQ112: 0.40343348 | FR112: 0.29241877 | FS112: 0.31818182 | FT112: 0.32978723 | FU112: 0.31123919 | FW112: 7 | FX112: Carbon | FY112: 1.4666667 | FZ112: 2 | GA112: 1.3 | GB112: 1.3333333 | GC112: 0.9047619 | GD112: 0.85714286 | GE112: 0.8 | GF112: 0.90243902 | GG112: 0.66055046 | GH112: 0.69565217 | GJ112: 7 | GK112: Carbon | GL112: 0.52212389 | GM112: 0.55660377 | GN112: 0.49193548 | GO112: 0.4954955 | GP112: 0.47413793 | GQ112: 0.65116279 | GR112: 0.61842105 | GS112: 0.61038961 | GT112: 0.54716981 | GU112: 0.51612903
EW113: 9 | EX113: Daggett | EY113: 0.2797619 | EZ113: 0.24127907 | FA113: 0.26022305 | FB113: 0.25 | FC113: 0.285 | FD113: 0.25581395 | FE113: 0.28673835 | FF113: 0.43109541 | FG113: 0.416 | FH113: 0.36633663 | FJ113: 9 | FK113: Daggett | FL113: 1.3225806 | FM113: 1.1621622 | FN113: 1.3333333 | FO113: 1.1071429 | FP113: 1.0645161 | FQ113: 0.83333333 | FR113: 0.81818182 | FS113: 0.91304348 | FT113: 1.25 | FU113: 1.3846154 | FW113: 9 | FX113: Daggett | FY113: 1.3225806 | FZ113: 1.28125 | GA113: 1.5 | GB113: 1.45 | GC113: 1.4090909 | GD113: 0 | GE113: 1.4 | GF113: 1.6363636 | GG113: 1.4444444 | GH113: 1.3846154 | GJ113: 9 | GK113: Daggett | GL113: 0 | GM113: 0 | GN113: 0 | GO113: 1.1666667 | GP113: 1.1666667 | GQ113: 1.125 | GR113: 1.1111111 | GS113: 0.88888889 | GT113: 0 | GU113: 0
EW114: 11 | EX114: Davis | EY114: 0.0086123974 | EZ114: 0.0088723317 | FA114: 0.0087875856 | FB114: 0.010384408 | FC114: 0.0093258912 | FD114: 0.0091323276 | FE114: 0.0085435742 | FF114: 0.010241428 | FG114: 0.01022693 | FH114: 0.0085282918 | FJ114: 11 | FK114: Davis | FL114: 0.065908331 | FM114: 0.087662338 | FN114: 0.080406801 | FO114: 0.072243917 | FP114: 0.071348156 | FQ114: 0.076624385 | FR114: 0.074360274 | FS114: 0.076727231 | FT114: 0.067997841 | FU114: 0.073480777 | FW114: 11 | FX114: Davis | FY114: 0.20932878 | FZ114: 0.19751553 | GA114: 0.19974392 | GB114: 0.21177945 | GC114: 0.18629808 | GD114: 0.23615465 | GE114: 0.17758784 | GF114: 0.17898194 | GG114: 0.18552354 | GH114: 0.16236162 | GJ114: 11 | GK114: Davis | GL114: 0.12221269 | GM114: 0.13468635 | GN114: 0.12308386 | GO114: 0.12111661 | GP114: 0.15283447 | GQ114: 0.12775735 | GR114: 0.14565316 | GS114: 0.12524851 | GT114: 0.14175375 | GU114: 0.15840622
EW115: 13 | EX115: Duchesne | EY115: 0.040319134 | EZ115: 0.045498414 | FA115: 0.028932355 | FB115: 0.035795077 | FC115: 0.037196554 | FD115: 0.029904615 | FE115: 0.027194226 | FF115: 0.02547037 | FG115: 0.023082745 | FH115: 0.029378389 | FJ115: 13 | FK115: Duchesne | FL115: 0.36647727 | FM115: 0.38757396 | FN115: 0.38372093 | FO115: 0.35272727 | FP115: 0.31004367 | FQ115: 0.24267782 | FR115: 0.2032967 | FS115: 0.15355086 | FT115: 0.14074074 | FU115: 0.13647959 | FW115: 13 | FX115: Duchesne | FY115: 0.83783784 | FZ115: 1.1578947 | GA115: 1.1785714 | GB115: 0.62857143 | GC115: 0.55555556 | GD115: 0.42253521 | GE115: 0.42424242 | GF115: 0.31578947 | GG115: 0.33333333 | GH115: 0.28571429 | GJ115: 13 | GK115: Duchesne | GL115: 0.61688312 | GM115: 0.57309942 | GN115: 0.59793814 | GO115: 0.55102041 | GP115: 0.49295775 | GQ115: 0.35483871 | GR115: 0.36190476 | GS115: 0.29411765 | GT115: 0.26382979 | GU115: 0.2195122
EW116: 15 | EX116: Emery | EY116: 0.03530431 | EZ116: 0.034459611 | FA116: 0.043958573 | FB116: 0.036794 | FC116: 0.040183975 | FD116: 0.046731295 | FE116: 0.046630797 | FF116: 0.043579165 | FG116: 0.045066045 | FH116: 0.046577458 | FJ116: 15 | FK116: Emery | FL116: 0.36781609 | FM116: 0.36531365 | FN116: 0.37121212 | FO116: 0.37065637 | FP116: 0.35978836 | FQ116: 0.28755365 | FR116: 0.3151751 | FS116: 0.29545455 | FT116: 0.24915825 | FU116: 0.26198083 | FW116: 15 | FX116: Emery | FY116: 0.87341772 | FZ116: 0.85714286 | GA116: 0.79775281 | GB116: 0.85057471 | GC116: 0.93548387 | GD116: 0.92857143 | GE116: 1.0344828 | GF116: 1.4615385 | GG116: 0.64285714 | GH116: 0.82926829 | GJ116: 15 | GK116: Emery | GL116: 0.50561798 | GM116: 0.54216867 | GN116: 0.49206349 | GO116: 0.44615385 | GP116: 0.625 | GQ116: 0.41605839 | GR116: 0.35502959 | GS116: 0.32620321 | GT116: 0.32795699 | GU116: 0.34682081
EW117: 17 | EX117: Garfield | EY117: 0.068938807 | EZ117: 0.06918745 | FA117: 0.064653339 | FB117: 0.059628975 | FC117: 0.073217726 | FD117: 0.07403599 | FE117: 0.063045587 | FF117: 0.073069853 | FG117: 0.053235429 | FH117: 0.078729282 | FJ117: 17 | FK117: Garfield | FL117: 0.46122449 | FM117: 0.41921397 | FN117: 0.35971223 | FO117: 0.3853211 | FP117: 0.39285714 | FQ117: 0.36781609 | FR117: 0.3358209 | FS117: 0.32911392 | FT117: 0.39053254 | FU117: 0.36158192 | FW117: 17 | FX117: Garfield | FY117: 0.97142857 | FZ117: 0.81081081 | GA117: 1.2 | GB117: 0.83333333 | GC117: 0.75 | GD117: 0.8125 | GE117: 0.75 | GF117: 0.66666667 | GG117: 0.69230769 | GH117: 0.74193548 | GJ117: 17 | GK117: Garfield | GL117: 0.47169811 | GM117: 0.50505051 | GN117: 0.45977011 | GO117: 0.54716981 | GP117: 0.59574468 | GQ117: 0.46875 | GR117: 0.56666667 | GS117: 0.63157895 | GT117: 0.68292683 | GU117: 0.65853659
EW118: 19 | EX118: Grand | EY118: 0.084315084 | EZ118: 0.086803931 | FA118: 0.056818182 | FB118: 0.061124172 | FC118: 0.0599871 | FD118: 0.062217438 | FE118: 0.065350877 | FF118: 0.070557491 | FG118: 0.062259307 | FH118: 0.065952185 | FJ118: 19 | FK118: Grand | FL118: 0.525 | FM118: 0.60897436 | FN118: 0.47470817 | FO118: 0.48062016 | FP118: 0.40662651 | FQ118: 0.41975309 | FR118: 0.43324251 | FS118: 0.37526205 | FT118: 0.31695332 | FU118: 0.36430318 | FW118: 19 | FX118: Grand | FY118: 0.94594595 | FZ118: 1.1052632 | GA118: 1.0333333 | GB118: 1.037037 | GC118: 1 | GD118: 0.9047619 | GE118: 0.78846154 | GF118: 1.0322581 | GG118: 0.88461538 | GH118: 0.98550725 | GJ118: 19 | GK118: Grand | GL118: 0.80357143 | GM118: 1.0967742 | GN118: 0.86666667 | GO118: 0.84057971 | GP118: 0.71428571 | GQ118: 0.7804878 | GR118: 0.61413043 | GS118: 0.51712329 | GT118: 0.47321429 | GU118: 0.54482759
EW119: 21 | EX119: Iron | EY119: 0.029870757 | EZ119: 0.040428641 | FA119: 0.037295281 | FB119: 0.03734057 | FC119: 0.035891892 | FD119: 0.035272821 | FE119: 0.043729122 | FF119: 0.03499275 | FG119: 0.035280782 | FH119: 0.028125559 | FJ119: 21 | FK119: Iron | FL119: 0.25761773 | FM119: 0.29337094 | FN119: 0.24955117 | FO119: 0.29583333 | FP119: 0.33333333 | FQ119: 0.26579926 | FR119: 0.29159802 | FS119: 0.25757576 | FT119: 0.21832359 | FU119: 0.19107392 | FW119: 21 | FX119: Iron | FY119: 0.62162162 | FZ119: 0.66292135 | GA119: 0.68181818 | GB119: 0.81632653 | GC119: 1 | GD119: 0.7699115 | GE119: 0.90217391 | GF119: 0.66666667 | GG119: 0.38275862 | GH119: 0.42666667 | GJ119: 21 | GK119: Iron | GL119: 0.35491071 | GM119: 0.32935561 | GN119: 0.33443709 | GO119: 0.36585366 | GP119: 0.37021277 | GQ119: 0.3744856 | GR119: 0.36170213 | GS119: 0.51948052 | GT119: 0.43062201 | GU119: 0.44108761
EW120: 23 | EX120: Juab | EY120: 0.047963365 | EZ120: 0.049076887 | FA120: 0.054762462 | FB120: 0.04839841 | FC120: 0.05501771 | FD120: 0.054104916 | FE120: 0.059985718 | FF120: 0.044259717 | FG120: 0.042553191 | FH120: 0.037565287 | FJ120: 23 | FK120: Juab | FL120: 0.30136986 | FM120: 0.38020833 | FN120: 0.31428571 | FO120: 0.38461538 | FP120: 0.31016043 | FQ120: 0.31730769 | FR120: 0.35682819 | FS120: 0.30065359 | FT120: 0.35531136 | FU120: 0.36451613 | FW120: 23 | FX120: Juab | FY120: 0.83870968 | FZ120: 0.87096774 | GA120: 0.94285714 | GB120: 0.92592593 | GC120: 0.80769231 | GD120: 0.90909091 | GE120: 0.90909091 | GF120: 0.93333333 | GG120: 0.92857143 | GH120: 0.875 | GJ120: 23 | GK120: Juab | GL120: 0.48780488 | GM120: 0.7826087 | GN120: 0.65517241 | GO120: 0.57142857 | GP120: 0.6 | GQ120: 0.48571429 | GR120: 0.43023256 | GS120: 0.36170213 | GT120: 0.43421053 | GU120: 0.54615385
... EW139: 1000 | EX139: United States | EY139: 0.00086686991 | EZ139: 0.00095171487 | FA139: 0.00098940167 | FB139: 0.0010213637 | FC139: 0.0010052064 | FD139: 0.00099827901 | FE139: 0.0010259272 | FF139: 0.0010335774 | FG139: 0.0011229118 | FH139: 0.0011134719 | FJ139: 1000 | FK139: United States | FL139: 0.0034182193 | FM139: 0.0032969041 | FN139: 0.0027047513 | FO139: 0.0035140005 | FP139: 0.003179083 | FQ139: 0.0028370449 | FR139: 0.0029051807 | FS139: 0.0028748856 | FT139: 0.0028515682 | FU139: 0.0034492293 | FW139: 1000 | FX139: United States | FY139: 0.0082461389 | FZ139: 0.0087481643 | GA139: 0.0089784254 | GB139: 0.01018759 | GC139: 0.0091838005 | GD139: 0.0083098381 | GE139: 0.008740372 | GF139: 0.009903497 | GG139: 0.0090479626 | GH139: 0.0098601419 | GJ139: 1000 | GK139: United States | GL139: 0.0063116389 | GM139: 0.0057802467 | GN139: 0.0056834502 | GO139: 0.0062765467 | GP139: 0.0068850573 | GQ139: 0.0069102564 | GR139: 0.0060216722 | GS139: 0.0072859935 | GT139: 0.0075642496 | GU139: 0.0087959106

Sheet WAH_byIndClass_bySelectGeog
B1: =C4 -> Wasatch Front | O1: =P4 -> Weber | AB1: =AC4 -> Davis | AO1: =AP4 -> Salt Lake | BB1: =BC4 -> Utah | BO1: =BP4 -> State of Utah | CB1: =CC4 -> United States
B4: 101 | C4: =VLOOKUP(B4, lu_CoName, 2, FALSE) -> Wasatch Front | I4: Share of Work At Home | O4: 57 | P4: =VLOOKUP(O4, lu_CoName, 2, FALSE) -> Weber | V4: Share of Work At Home | AB4: 11 | AC4: =VLOOKUP(AB4, lu_CoName, 2, FALSE) -> Davis | AI4: Share of Work At Home | AO4: 35 | AP4: =VLOOKUP(AO4, lu_CoName, 2, FALSE) -> Salt Lake | AV4: Share of Work At Home | BB4: 49 | BC4: =VLOOKUP(BB4, lu_CoName, 2, FALSE) -> Utah | BI4: Share of Work At Home | BO4: 1049 | BP4: =VLOOKUP(BO4, lu_CoName, 2, FALSE) -> State of Utah | BV4: Share of Work At Home | CB4: 1000 | CC4: =VLOOKUP(CB4, lu_CoName, 2, FALSE) -> United States | CI4: Share of Work At Home
D5: 2010 | E5: 2011 | F5: 2012 | G5: 2013 | H5: 2014 | I5: 2015 | J5: 2016 | K5: 2017 | L5: 2018 | M5: 2019 | Q5: 2010 | R5: 2011 | S5: 2012 | T5: 2013 | U5: 2014 | V5: 2015 | W5: 2016 | X5: 2017 | Y5: 2018 | Z5: 2019 | AD5: 2010 | AE5: 2011 | AF5: 2012 | AG5: 2013 | AH5: 2014 | AI5: 2015 | AJ5: 2016 | AK5: 2017 | AL5: 2018 | AM5: 2019 | AQ5: 2010 | AR5: 2011 | AS5: 2012 | AT5: 2013 | AU5: 2014 | AV5: 2015 | AW5: 2016 | AX5: 2017 | AY5: 2018 | AZ5: 2019 | BD5: 2010 | BE5: 2011 | BF5: 2012 | BG5: 2013 | BH5: 2014 | BI5: 2015 | BJ5: 2016 | BK5: 2017 | BL5: 2018 | BM5: 2019 | BQ5: 2010 | BR5: 2011 | BS5: 2012 | BT5: 2013 | BU5: 2014 | BV5: 2015 | BW5: 2016 | BX5: 2017 | BY5: 2018 | BZ5: 2019 | CD5: 2010 | CE5: 2011 | CF5: 2012 | CG5: 2013 | CH5: 2014 | CI5: 2015 | CJ5: 2016 | CK5: 2017 | CL5: 2018 | CM5: 2019
B6: 0 | C6: Share of Work At Home | D6: =IFERROR(D24/D41, 0) -> 0.046040703 | E6: =IFERROR(E24/E41, 0) -> 0.046933978 | F6: =IFERROR(F24/F41, 0) -> 0.045984966 | G6: =IFERROR(G24/G41, 0) -> 0.047455799 | H6: =IFERROR(H24/H41, 0) -> 0.048848668 | I6: =IFERROR(I24/I41, 0) -> 0.051658859 | J6: =IFERROR(J24/J41, 0) -> 0.053139977 | K6: =IFERROR(K24/K41, 0) -> 0.057194228 | ... M6: =IFERROR(M24/M41, 0) -> 0.06316136 | O6: =$B6 -> 0 | P6: Share of Work At Home | Q6: =IFERROR(Q24/Q41, 0) -> 0.031489478 | R6: =IFERROR(R24/R41, 0) -> 0.03423657 | S6: =IFERROR(S24/S41, 0) -> 0.032300393 | T6: =IFERROR(T24/T41, 0) -> 0.033006032 | U6: =IFERROR(U24/U41, 0) -> 0.035722947 | V6: =IFERROR(V24/V41, 0) -> 0.041130466 | W6: =IFERROR(W24/W41, 0) -> 0.041244982 | X6: =IFERROR(X24/X41, 0) -> 0.046252189 | ... Z6: =IFERROR(Z24/Z41, 0) -> 0.054330715 | AB6: =$B6 -> 0 | AC6: Share of Work At Home | AD6: =IFERROR(AD24/AD41, 0) -> 0.044575681 | AE6: =IFERROR(AE24/AE41, 0) -> 0.047153855 | AF6: =IFERROR(AF24/AF41, 0) -> 0.045106261 | AG6: =IFERROR(AG24/AG41, 0) -> 0.047290962 | AH6: =IFERROR(AH24/AH41, 0) -> 0.049455062 | AI6: =IFERROR(AI24/AI41, 0) -> 0.052148088 | AJ6: =IFERROR(AJ24/AJ41, 0) -> 0.05199921 | AK6: =IFERROR(AK24/AK41, 0) -> 0.055483498 | ... AM6: =IFERROR(AM24/AM41, 0) -> 0.058858596 | AO6: =$B6 -> 0 | AP6: Share of Work At Home | AQ6: =IFERROR(AQ24/AQ41, 0) -> 0.042931884 | AR6: =IFERROR(AR24/AR41, 0) -> 0.043507812 | AS6: =IFERROR(AS24/AS41, 0) -> 0.043455383 | AT6: =IFERROR(AT24/AT41, 0) -> 0.04479927 | AU6: =IFERROR(AU24/AU41, 0) -> 0.046272278 | AV6: =IFERROR(AV24/AV41, 0) -> 0.049433922 | AW6: =IFERROR(AW24/AW41, 0) -> 0.051318901 | AX6: =IFERROR(AX24/AX41, 0) -> 0.055654606 | ... AZ6: =IFERROR(AZ24/AZ41, 0) -> 0.06205852 | BB6: =$B6 -> 0 | BC6: Share of Work At Home | BD6: =IFERROR(BD24/BD41, 0) -> 0.061534608 | BE6: =IFERROR(BE24/BE41, 0) -> 0.060800768 | BF6: =IFERROR(BF24/BF41, 0) -> 0.058871541 | BG6: =IFERROR(BG24/BG41, 0) -> 0.060458232 | BH6: =IFERROR(BH24/BH41, 0) -> 0.06048057 | BI6: =IFERROR(BI24/BI41, 0) -> 0.061172555 | BJ6: =IFERROR(BJ24/BJ41, 0) -> 0.063242199 | BK6: =IFERROR(BK24/BK41, 0) -> 0.066567673 | ... BM6: =IFERROR(BM24/BM41, 0) -> 0.071920744 | BO6: =$B6 -> 0 | BP6: Share of Work At Home | BQ6: =IFERROR(BQ24/BQ41, 0) -> 0.048247967 | BR6: =IFERROR(BR24/BR41, 0) -> 0.048146251 | BS6: =IFERROR(BS24/BS41, 0) -> 0.047170408 | BT6: =IFERROR(BT24/BT41, 0) -> 0.048242532 | BU6: =IFERROR(BU24/BU41, 0) -> 0.048818053 | BV6: =IFERROR(BV24/BV41, 0) -> 0.051301419 | BW6: =IFERROR(BW24/BW41, 0) -> 0.053654326 | BX6: =IFERROR(BX24/BX41, 0) -> 0.057712073 | ... BZ6: =IFERROR(BZ24/BZ41, 0) -> 0.065641119 | CB6: =$B6 -> 0 | CC6: Share of Work At Home | CD6: =IFERROR(CD24/CD41, 0) -> 0.041360975 | CE6: =IFERROR(CE24/CE41, 0) -> 0.042224129 | CF6: =IFERROR(CF24/CF41, 0) -> 0.042729813 | CG6: =IFERROR(CG24/CG41, 0) -> 0.043254384 | CH6: =IFERROR(CH24/CH41, 0) -> 0.043665739 | CI6: =IFERROR(CI24/CI41, 0) -> 0.044232594 | CJ6: =IFERROR(CJ24/CJ41, 0) -> 0.045672811 | CK6: =IFERROR(CK24/CK41, 0) -> 0.047344292 | ... CM6: =IFERROR(CM24/CM41, 0) -> 0.051713986
B7: 1 | C7: Agriculture, forestry, fishing and hunting, and mining | D7: =IFERROR(D25/D42, 0) -> 0.05513308 | E7: =IFERROR(E25/E42, 0) -> 0.051193397 | F7: =IFERROR(F25/F42, 0) -> 0.051814558 | G7: =IFERROR(G25/G42, 0) -> 0.044296558 | H7: =IFERROR(H25/H42, 0) -> 0.05307319 | I7: =IFERROR(I25/I42, 0) -> 0.055810164 | J7: =IFERROR(J25/J42, 0) -> 0.054987981 | K7: =IFERROR(K25/K42, 0) -> 0.053943155 | ... M7: =IFERROR(M25/M42, 0) -> 0.061731951 | O7: =$B7 -> 1 | P7: Agriculture, forestry, fishing and hunting, and mining | Q7: =IFERROR(Q25/Q42, 0) -> 0.085680751 | R7: =IFERROR(R25/R42, 0) -> 0.042553191 | S7: =IFERROR(S25/S42, 0) -> 0.023465704 | T7: =IFERROR(T25/T42, 0) -> 0.017351598 | U7: =IFERROR(U25/U42, 0) -> 0 | V7: =IFERROR(V25/V42, 0) -> 0.024077047 | W7: =IFERROR(W25/W42, 0) -> 0.028593509 | X7: =IFERROR(X25/X42, 0) -> 0.030597015 | ... Z7: =IFERROR(Z25/Z42, 0) -> 0.04467354 | AB7: =$B7 -> 1 | AC7: Agriculture, forestry, fishing and hunting, and mining | AD7: =IFERROR(AD25/AD42, 0) -> 0.057285181 | AE7: =IFERROR(AE25/AE42, 0) -> 0.041869523 | AF7: =IFERROR(AF25/AF42, 0) -> 0.064935065 | AG7: =IFERROR(AG25/AG42, 0) -> 0.053934571 | AH7: =IFERROR(AH25/AH42, 0) -> 0.060934891 | AI7: =IFERROR(AI25/AI42, 0) -> 0.076987448 | AJ7: =IFERROR(AJ25/AJ42, 0) -> 0.10209663 | AK7: =IFERROR(AK25/AK42, 0) -> 0.088911089 | ... AM7: =IFERROR(AM25/AM42, 0) -> 0.078529657 | AO7: =$B7 -> 1 | AP7: Agriculture, forestry, fishing and hunting, and mining | AQ7: =IFERROR(AQ25/AQ42, 0) -> 0.025703794 | AR7: =IFERROR(AR25/AR42, 0) -> 0.038373162 | AS7: =IFERROR(AS25/AS42, 0) -> 0.041845736 | AT7: =IFERROR(AT25/AT42, 0) -> 0.030775899 | AU7: =IFERROR(AU25/AU42, 0) -> 0.047114761 | AV7: =IFERROR(AV25/AV42, 0) -> 0.040261801 | AW7: =IFERROR(AW25/AW42, 0) -> 0.037653737 | AX7: =IFERROR(AX25/AX42, 0) -> 0.034781008 | ... AZ7: =IFERROR(AZ25/AZ42, 0) -> 0.038326916 | BB7: =$B7 -> 1 | BC7: Agriculture, forestry, fishing and hunting, and mining | BD7: =IFERROR(BD25/BD42, 0) -> 0.089686099 | BE7: =IFERROR(BE25/BE42, 0) -> 0.07895731 | BF7: =IFERROR(BF25/BF42, 0) -> 0.073205914 | BG7: =IFERROR(BG25/BG42, 0) -> 0.073460569 | BH7: =IFERROR(BH25/BH42, 0) -> 0.081363004 | BI7: =IFERROR(BI25/BI42, 0) -> 0.095462329 | BJ7: =IFERROR(BJ25/BJ42, 0) -> 0.087088388 | BK7: =IFERROR(BK25/BK42, 0) -> 0.099233198 | ... BM7: =IFERROR(BM25/BM42, 0) -> 0.11875267 | BO7: =$B7 -> 1 | BP7: Agriculture, forestry, fishing and hunting, and mining | BQ7: =IFERROR(BQ25/BQ42, 0) -> 0.073879945 | BR7: =IFERROR(BR25/BR42, 0) -> 0.064583333 | BS7: =IFERROR(BS25/BS42, 0) -> 0.063095424 | BT7: =IFERROR(BT25/BT42, 0) -> 0.057490284 | BU7: =IFERROR(BU25/BU42, 0) -> 0.054756911 | BV7: =IFERROR(BV25/BV42, 0) -> 0.059374064 | BW7: =IFERROR(BW25/BW42, 0) -> 0.068667137 | BX7: =IFERROR(BX25/BX42, 0) -> 0.072014725 | ... BZ7: =IFERROR(BZ25/BZ42, 0) -> 0.090563497 | CB7: =$B7 -> 1 | CC7: Agriculture, forestry, fishing and hunting, and mining | CD7: =IFERROR(CD25/CD42, 0) -> 0.13283328 | CE7: =IFERROR(CE25/CE42, 0) -> 0.1261534 | CF7: =IFERROR(CF25/CF42, 0) -> 0.11666747 | CG7: =IFERROR(CG25/CG42, 0) -> 0.11135837 | CH7: =IFERROR(CH25/CH42, 0) -> 0.10392719 | CI7: =IFERROR(CI25/CI42, 0) -> 0.099152728 | CJ7: =IFERROR(CJ25/CJ42, 0) -> 0.098130833 | CK7: =IFERROR(CK25/CK42, 0) -> 0.098014955 | ... CM7: =IFERROR(CM25/CM42, 0) -> 0.099778867
B8: 2 | C8: Construction | D8: =IFERROR(D26/D43, 0) -> 0.038884336 | E8: =IFERROR(E26/E43, 0) -> 0.039481783 | F8: =IFERROR(F26/F43, 0) -> 0.040352417 | G8: =IFERROR(G26/G43, 0) -> 0.04097102 | H8: =IFERROR(H26/H43, 0) -> 0.041263076 | I8: =IFERROR(I26/I43, 0) -> 0.038285644 | J8: =IFERROR(J26/J43, 0) -> 0.042702801 | K8: =IFERROR(K26/K43, 0) -> 0.043789684 | ... M8: =IFERROR(M26/M43, 0) -> 0.057087828 | O8: =$B8 -> 2 | P8: Construction | Q8: =IFERROR(Q26/Q43, 0) -> 0.01969112 | R8: =IFERROR(R26/R43, 0) -> 0.024610336 | S8: =IFERROR(S26/S43, 0) -> 0.024237359 | T8: =IFERROR(T26/T43, 0) -> 0.024608819 | U8: =IFERROR(U26/U43, 0) -> 0.027435222 | V8: =IFERROR(V26/V43, 0) -> 0.030402738 | W8: =IFERROR(W26/W43, 0) -> 0.030787733 | X8: =IFERROR(X26/X43, 0) -> 0.032452744 | ... Z8: =IFERROR(Z26/Z43, 0) -> 0.053907229 | AB8: =$B8 -> 2 | AC8: Construction | AD8: =IFERROR(AD26/AD43, 0) -> 0.02896929 | AE8: =IFERROR(AE26/AE43, 0) -> 0.03239587 | AF8: =IFERROR(AF26/AF43, 0) -> 0.036878216 | AG8: =IFERROR(AG26/AG43, 0) -> 0.042150039 | AH8: =IFERROR(AH26/AH43, 0) -> 0.046790141 | AI8: =IFERROR(AI26/AI43, 0) -> 0.047897818 | AJ8: =IFERROR(AJ26/AJ43, 0) -> 0.04534413 | AK8: =IFERROR(AK26/AK43, 0) -> 0.033208489 | ... AM8: =IFERROR(AM26/AM43, 0) -> 0.060212042 | AO8: =$B8 -> 2 | AP8: Construction | AQ8: =IFERROR(AQ26/AQ43, 0) -> 0.03509828 | AR8: =IFERROR(AR26/AR43, 0) -> 0.038846912 | AS8: =IFERROR(AS26/AS43, 0) -> 0.041265105 | AT8: =IFERROR(AT26/AT43, 0) -> 0.043458301 | AU8: =IFERROR(AU26/AU43, 0) -> 0.041180285 | AV8: =IFERROR(AV26/AV43, 0) -> 0.042233378 | AW8: =IFERROR(AW26/AW43, 0) -> 0.048039694 | AX8: =IFERROR(AX26/AX43, 0) -> 0.051441912 | ... AZ8: =IFERROR(AZ26/AZ43, 0) -> 0.059799344 | BB8: =$B8 -> 2 | BC8: Construction | BD8: =IFERROR(BD26/BD43, 0) -> 0.06117942 | BE8: =IFERROR(BE26/BE43, 0) -> 0.051487629 | BF8: =IFERROR(BF26/BF43, 0) -> 0.04795071 | BG8: =IFERROR(BG26/BG43, 0) -> 0.042760527 | BH8: =IFERROR(BH26/BH43, 0) -> 0.045881662 | BI8: =IFERROR(BI26/BI43, 0) -> 0.02866823 | BJ8: =IFERROR(BJ26/BJ43, 0) -> 0.035905612 | BK8: =IFERROR(BK26/BK43, 0) -> 0.038204111 | ... BM8: =IFERROR(BM26/BM43, 0) -> 0.051476965 | BO8: =$B8 -> 2 | BP8: Construction | BQ8: =IFERROR(BQ26/BQ43, 0) -> 0.038886402 | BR8: =IFERROR(BR26/BR43, 0) -> 0.038966983 | BS8: =IFERROR(BS26/BS43, 0) -> 0.038493831 | BT8: =IFERROR(BT26/BT43, 0) -> 0.039113253 | BU8: =IFERROR(BU26/BU43, 0) -> 0.04066125 | BV8: =IFERROR(BV26/BV43, 0) -> 0.040452063 | BW8: =IFERROR(BW26/BW43, 0) -> 0.044750293 | BX8: =IFERROR(BX26/BX43, 0) -> 0.047856119 | ... BZ8: =IFERROR(BZ26/BZ43, 0) -> 0.061819695 | CB8: =$B8 -> 2 | CC8: Construction | CD8: =IFERROR(CD26/CD43, 0) -> 0.039850047 | CE8: =IFERROR(CE26/CE43, 0) -> 0.040928884 | CF8: =IFERROR(CF26/CF43, 0) -> 0.041359281 | CG8: =IFERROR(CG26/CG43, 0) -> 0.041562554 | CH8: =IFERROR(CH26/CH43, 0) -> 0.041215422 | CI8: =IFERROR(CI26/CI43, 0) -> 0.040408798 | CJ8: =IFERROR(CJ26/CJ43, 0) -> 0.040819783 | CK8: =IFERROR(CK26/CK43, 0) -> 0.04151635 | ... CM8: =IFERROR(CM26/CM43, 0) -> 0.044076846
B9: 3 | C9: Manufacturing | D9: =IFERROR(D27/D44, 0) -> 0.02404925 | E9: =IFERROR(E27/E44, 0) -> 0.025271931 | F9: =IFERROR(F27/F44, 0) -> 0.026764639 | G9: =IFERROR(G27/G44, 0) -> 0.030167127 | H9: =IFERROR(H27/H44, 0) -> 0.031974333 | I9: =IFERROR(I27/I44, 0) -> 0.036021961 | J9: =IFERROR(J27/J44, 0) -> 0.036615422 | K9: =IFERROR(K27/K44, 0) -> 0.038046329 | ... M9: =IFERROR(M27/M44, 0) -> 0.038227017 | O9: =$B9 -> 3 | P9: Manufacturing | Q9: =IFERROR(Q27/Q44, 0) -> 0.0098877265 | R9: =IFERROR(R27/R44, 0) -> 0.010352637 | S9: =IFERROR(S27/S44, 0) -> 0.011242896 | T9: =IFERROR(T27/T44, 0) -> 0.014425169 | U9: =IFERROR(U27/U44, 0) -> 0.016179667 | V9: =IFERROR(V27/V44, 0) -> 0.018637227 | W9: =IFERROR(W27/W44, 0) -> 0.019839263 | X9: =IFERROR(X27/X44, 0) -> 0.018906991 | ... Z9: =IFERROR(Z27/Z44, 0) -> 0.022343725 | AB9: =$B9 -> 3 | AC9: Manufacturing | AD9: =IFERROR(AD27/AD44, 0) -> 0.032388081 | AE9: =IFERROR(AE27/AE44, 0) -> 0.036791045 | AF9: =IFERROR(AF27/AF44, 0) -> 0.034806589 | AG9: =IFERROR(AG27/AG44, 0) -> 0.033744739 | AH9: =IFERROR(AH27/AH44, 0) -> 0.030193405 | AI9: =IFERROR(AI27/AI44, 0) -> 0.030725706 | AJ9: =IFERROR(AJ27/AJ44, 0) -> 0.028801546 | AK9: =IFERROR(AK27/AK44, 0) -> 0.028228303 | ... AM9: =IFERROR(AM27/AM44, 0) -> 0.034370755 | AO9: =$B9 -> 3 | AP9: Manufacturing | AQ9: =IFERROR(AQ27/AQ44, 0) -> 0.021985034 | AR9: =IFERROR(AR27/AR44, 0) -> 0.02118321 | AS9: =IFERROR(AS27/AS44, 0) -> 0.023282258 | AT9: =IFERROR(AT27/AT44, 0) -> 0.028042728 | AU9: =IFERROR(AU27/AU44, 0) -> 0.031621544 | AV9: =IFERROR(AV27/AV44, 0) -> 0.038334917 | AW9: =IFERROR(AW27/AW44, 0) -> 0.041063786 | AX9: =IFERROR(AX27/AX44, 0) -> 0.042110892 | ... AZ9: =IFERROR(AZ27/AZ44, 0) -> 0.039756338 | BB9: =$B9 -> 3 | BC9: Manufacturing | BD9: =IFERROR(BD27/BD44, 0) -> 0.034086087 | BE9: =IFERROR(BE27/BE44, 0) -> 0.038730794 | BF9: =IFERROR(BF27/BF44, 0) -> 0.041901618 | BG9: =IFERROR(BG27/BG44, 0) -> 0.044307173 | BH9: =IFERROR(BH27/BH44, 0) -> 0.045361364 | BI9: =IFERROR(BI27/BI44, 0) -> 0.046071035 | BJ9: =IFERROR(BJ27/BJ44, 0) -> 0.04323395 | BK9: =IFERROR(BK27/BK44, 0) -> 0.049226383 | ... BM9: =IFERROR(BM27/BM44, 0) -> 0.049542932 | BO9: =$B9 -> 3 | BP9: Manufacturing | BQ9: =IFERROR(BQ27/BQ44, 0) -> 0.025337126 | BR9: =IFERROR(BR27/BR44, 0) -> 0.025518329 | BS9: =IFERROR(BS27/BS44, 0) -> 0.026904011 | BT9: =IFERROR(BT27/BT44, 0) -> 0.029553275 | BU9: =IFERROR(BU27/BU44, 0) -> 0.030830386 | BV9: =IFERROR(BV27/BV44, 0) -> 0.034987615 | BW9: =IFERROR(BW27/BW44, 0) -> 0.03574096 | BX9: =IFERROR(BX27/BX44, 0) -> 0.038019263 | ... BZ9: =IFERROR(BZ27/BZ44, 0) -> 0.03820709 | CB9: =$B9 -> 3 | CC9: Manufacturing | CD9: =IFERROR(CD27/CD44, 0) -> 0.024440938 | CE9: =IFERROR(CE27/CE44, 0) -> 0.025442716 | CF9: =IFERROR(CF27/CF44, 0) -> 0.026157708 | CG9: =IFERROR(CG27/CG44, 0) -> 0.026808799 | CH9: =IFERROR(CH27/CH44, 0) -> 0.027008898 | CI9: =IFERROR(CI27/CI44, 0) -> 0.027277932 | CJ9: =IFERROR(CJ27/CJ44, 0) -> 0.028201279 | CK9: =IFERROR(CK27/CK44, 0) -> 0.029582833 | ... CM9: =IFERROR(CM27/CM44, 0) -> 0.032384377
B10: 4 | C10: Wholesale trade | D10: =IFERROR(D28/D45, 0) -> 0.047750725 | E10: =IFERROR(E28/E45, 0) -> 0.052055174 | F10: =IFERROR(F28/F45, 0) -> 0.050597406 | G10: =IFERROR(G28/G45, 0) -> 0.055526992 | H10: =IFERROR(H28/H45, 0) -> 0.053758835 | I10: =IFERROR(I28/I45, 0) -> 0.056816974 | J10: =IFERROR(J28/J45, 0) -> 0.056593234 | K10: =IFERROR(K28/K45, 0) -> 0.061321539 | ... M10: =IFERROR(M28/M45, 0) -> 0.063239247 | O10: =$B10 -> 4 | P10: Wholesale trade | Q10: =IFERROR(Q28/Q45, 0) -> 0.059507979 | R10: =IFERROR(R28/R45, 0) -> 0.069398546 | S10: =IFERROR(S28/S45, 0) -> 0.032798325 | T10: =IFERROR(T28/T45, 0) -> 0.032103321 | U10: =IFERROR(U28/U45, 0) -> 0.044154009 | V10: =IFERROR(V28/V45, 0) -> 0.026218612 | W10: =IFERROR(W28/W45, 0) -> 0.028121485 | X10: =IFERROR(X28/X45, 0) -> 0.061852108 | ... Z10: =IFERROR(Z28/Z45, 0) -> 0.084808947 | AB10: =$B10 -> 4 | AC10: Wholesale trade | AD10: =IFERROR(AD28/AD45, 0) -> 0.035368886 | AE10: =IFERROR(AE28/AE45, 0) -> 0.048445813 | AF10: =IFERROR(AF28/AF45, 0) -> 0.076429227 | AG10: =IFERROR(AG28/AG45, 0) -> 0.099214431 | AH10: =IFERROR(AH28/AH45, 0) -> 0.095022624 | AI10: =IFERROR(AI28/AI45, 0) -> 0.092088527 | AJ10: =IFERROR(AJ28/AJ45, 0) -> 0.081938976 | AK10: =IFERROR(AK28/AK45, 0) -> 0.071037003 | ... AM10: =IFERROR(AM28/AM45, 0) -> 0.056996086 | AO10: =$B10 -> 4 | AP10: Wholesale trade | AQ10: =IFERROR(AQ28/AQ45, 0) -> 0.039619092 | AR10: =IFERROR(AR28/AR45, 0) -> 0.041983329 | AS10: =IFERROR(AS28/AS45, 0) -> 0.04059112 | AT10: =IFERROR(AT28/AT45, 0) -> 0.042870095 | AU10: =IFERROR(AU28/AU45, 0) -> 0.045100294 | AV10: =IFERROR(AV28/AV45, 0) -> 0.04955602 | AW10: =IFERROR(AW28/AW45, 0) -> 0.054464227 | AX10: =IFERROR(AX28/AX45, 0) -> 0.064630144 | ... AZ10: =IFERROR(AZ28/AZ45, 0) -> 0.060949121 | BB10: =$B10 -> 4 | BC10: Wholesale trade | BD10: =IFERROR(BD28/BD45, 0) -> 0.072319202 | BE10: =IFERROR(BE28/BE45, 0) -> 0.073051675 | BF10: =IFERROR(BF28/BF45, 0) -> 0.071489947 | BG10: =IFERROR(BG28/BG45, 0) -> 0.074809431 | BH10: =IFERROR(BH28/BH45, 0) -> 0.055093555 | BI10: =IFERROR(BI28/BI45, 0) -> 0.065646909 | BJ10: =IFERROR(BJ28/BJ45, 0) -> 0.057390525 | BK10: =IFERROR(BK28/BK45, 0) -> 0.047447879 | ... BM10: =IFERROR(BM28/BM45, 0) -> 0.061983471 | BO10: =$B10 -> 4 | BP10: Wholesale trade | BQ10: =IFERROR(BQ28/BQ45, 0) -> 0.051781659 | BR10: =IFERROR(BR28/BR45, 0) -> 0.055383646 | BS10: =IFERROR(BS28/BS45, 0) -> 0.053407443 | BT10: =IFERROR(BT28/BT45, 0) -> 0.057901306 | BU10: =IFERROR(BU28/BU45, 0) -> 0.055347948 | BV10: =IFERROR(BV28/BV45, 0) -> 0.058518647 | BW10: =IFERROR(BW28/BW45, 0) -> 0.057594421 | BX10: =IFERROR(BX28/BX45, 0) -> 0.060406119 | ... BZ10: =IFERROR(BZ28/BZ45, 0) -> 0.064573748 | CB10: =$B10 -> 4 | CC10: Wholesale trade | CD10: =IFERROR(CD28/CD45, 0) -> 0.054034224 | CE10: =IFERROR(CE28/CE45, 0) -> 0.056146037 | CF10: =IFERROR(CF28/CF45, 0) -> 0.05663905 | CG10: =IFERROR(CG28/CG45, 0) -> 0.057321789 | CH10: =IFERROR(CH28/CH45, 0) -> 0.056572515 | CI10: =IFERROR(CI28/CI45, 0) -> 0.056143645 | CJ10: =IFERROR(CJ28/CJ45, 0) -> 0.05702535 | CK10: =IFERROR(CK28/CK45, 0) -> 0.058504728 | ... CM10: =IFERROR(CM28/CM45, 0) -> 0.063198912
B11: 5 | C11: Retail trade | D11: =IFERROR(D29/D46, 0) -> 0.031296716 | E11: =IFERROR(E29/E46, 0) -> 0.030819274 | F11: =IFERROR(F29/F46, 0) -> 0.030737299 | G11: =IFERROR(G29/G46, 0) -> 0.03189794 | H11: =IFERROR(H29/H46, 0) -> 0.036022183 | I11: =IFERROR(I29/I46, 0) -> 0.037432452 | J11: =IFERROR(J29/J46, 0) -> 0.040701011 | K11: =IFERROR(K29/K46, 0) -> 0.046131782 | ... M11: =IFERROR(M29/M46, 0) -> 0.051651892 | O11: =$B11 -> 5 | P11: Retail trade | Q11: =IFERROR(Q29/Q46, 0) -> 0.023859649 | R11: =IFERROR(R29/R46, 0) -> 0.023027459 | S11: =IFERROR(S29/S46, 0) -> 0.020877754 | T11: =IFERROR(T29/T46, 0) -> 0.020411592 | U11: =IFERROR(U29/U46, 0) -> 0.019524549 | V11: =IFERROR(V29/V46, 0) -> 0.022235324 | W11: =IFERROR(W29/W46, 0) -> 0.027884615 | X11: =IFERROR(X29/X46, 0) -> 0.043337287 | ... Z11: =IFERROR(Z29/Z46, 0) -> 0.059342886 | AB11: =$B11 -> 5 | AC11: Retail trade | AD11: =IFERROR(AD29/AD46, 0) -> 0.033898305 | AE11: =IFERROR(AE29/AE46, 0) -> 0.030447867 | AF11: =IFERROR(AF29/AF46, 0) -> 0.027816171 | AG11: =IFERROR(AG29/AG46, 0) -> 0.036392952 | AH11: =IFERROR(AH29/AH46, 0) -> 0.036914119 | AI11: =IFERROR(AI29/AI46, 0) -> 0.040989989 | AJ11: =IFERROR(AJ29/AJ46, 0) -> 0.049340004 | AK11: =IFERROR(AK29/AK46, 0) -> 0.045901823 | ... AM11: =IFERROR(AM29/AM46, 0) -> 0.044676806 | AO11: =$B11 -> 5 | AP11: Retail trade | AQ11: =IFERROR(AQ29/AQ46, 0) -> 0.026446875 | AR11: =IFERROR(AR29/AR46, 0) -> 0.027545557 | AS11: =IFERROR(AS29/AS46, 0) -> 0.029904507 | AT11: =IFERROR(AT29/AT46, 0) -> 0.030863081 | AU11: =IFERROR(AU29/AU46, 0) -> 0.036070695 | AV11: =IFERROR(AV29/AV46, 0) -> 0.037495174 | AW11: =IFERROR(AW29/AW46, 0) -> 0.037607698 | AX11: =IFERROR(AX29/AX46, 0) -> 0.041780214 | ... AZ11: =IFERROR(AZ29/AZ46, 0) -> 0.047293958 | BB11: =$B11 -> 5 | BC11: Retail trade | BD11: =IFERROR(BD29/BD46, 0) -> 0.043293247 | BE11: =IFERROR(BE29/BE46, 0) -> 0.04131214 | BF11: =IFERROR(BF29/BF46, 0) -> 0.038341186 | BG11: =IFERROR(BG29/BG46, 0) -> 0.036259953 | BH11: =IFERROR(BH29/BH46, 0) -> 0.042406757 | BI11: =IFERROR(BI29/BI46, 0) -> 0.041217011 | BJ11: =IFERROR(BJ29/BJ46, 0) -> 0.047052673 | BK11: =IFERROR(BK29/BK46, 0) -> 0.055989706 | ... BM11: =IFERROR(BM29/BM46, 0) -> 0.060523132 | BO11: =$B11 -> 5 | BP11: Retail trade | BQ11: =IFERROR(BQ29/BQ46, 0) -> 0.032015544 | BR11: =IFERROR(BR29/BR46, 0) -> 0.030912371 | BS11: =IFERROR(BS29/BS46, 0) -> 0.031199214 | BT11: =IFERROR(BT29/BT46, 0) -> 0.032649712 | BU11: =IFERROR(BU29/BU46, 0) -> 0.035762302 | BV11: =IFERROR(BV29/BV46, 0) -> 0.036490815 | BW11: =IFERROR(BW29/BW46, 0) -> 0.040269273 | BX11: =IFERROR(BX29/BX46, 0) -> 0.045720693 | ... BZ11: =IFERROR(BZ29/BZ46, 0) -> 0.050802918 | CB11: =$B11 -> 5 | CC11: Retail trade | CD11: =IFERROR(CD29/CD46, 0) -> 0.025651496 | CE11: =IFERROR(CE29/CE46, 0) -> 0.02589539 | CF11: =IFERROR(CF29/CF46, 0) -> 0.026192747 | CG11: =IFERROR(CG29/CG46, 0) -> 0.026492651 | CH11: =IFERROR(CH29/CH46, 0) -> 0.026759083 | CI11: =IFERROR(CI29/CI46, 0) -> 0.027023833 | CJ11: =IFERROR(CJ29/CJ46, 0) -> 0.027833609 | CK11: =IFERROR(CK29/CK46, 0) -> 0.029158945 | ... CM11: =IFERROR(CM29/CM46, 0) -> 0.032268508
B12: 6 | C12: Transportation and warehousing, and utilities | D12: =IFERROR(D30/D47, 0) -> 0.042593052 | E12: =IFERROR(E30/E47, 0) -> 0.0456126 | F12: =IFERROR(F30/F47, 0) -> 0.045658581 | G12: =IFERROR(G30/G47, 0) -> 0.053504941 | H12: =IFERROR(H30/H47, 0) -> 0.051839542 | I12: =IFERROR(I30/I47, 0) -> 0.052905212 | J12: =IFERROR(J30/J47, 0) -> 0.053635895 | K12: =IFERROR(K30/K47, 0) -> 0.060105974 | ... M12: =IFERROR(M30/M47, 0) -> 0.057222919 | O12: =$B12 -> 6 | P12: Transportation and warehousing, and utilities | Q12: =IFERROR(Q30/Q47, 0) -> 0.010582011 | R12: =IFERROR(R30/R47, 0) -> 0.015022091 | S12: =IFERROR(S30/S47, 0) -> 0.016900602 | T12: =IFERROR(T30/T47, 0) -> 0.018920423 | U12: =IFERROR(U30/U47, 0) -> 0.0144 | V12: =IFERROR(V30/V47, 0) -> 0.017603087 | W12: =IFERROR(W30/W47, 0) -> 0.017660044 | X12: =IFERROR(X30/X47, 0) -> 0.027268663 | ... Z12: =IFERROR(Z30/Z47, 0) -> 0.038717483 | AB12: =$B12 -> 6 | AC12: Transportation and warehousing, and utilities | AD12: =IFERROR(AD30/AD47, 0) -> 0.030615206 | AE12: =IFERROR(AE30/AE47, 0) -> 0.041432077 | AF12: =IFERROR(AF30/AF47, 0) -> 0.039077145 | AG12: =IFERROR(AG30/AG47, 0) -> 0.044161233 | AH12: =IFERROR(AH30/AH47, 0) -> 0.041984163 | AI12: =IFERROR(AI30/AI47, 0) -> 0.048316889 | AJ12: =IFERROR(AJ30/AJ47, 0) -> 0.041141898 | AK12: =IFERROR(AK30/AK47, 0) -> 0.04799514 | ... AM12: =IFERROR(AM30/AM47, 0) -> 0.052678571 | AO12: =$B12 -> 6 | AP12: Transportation and warehousing, and utilities | AQ12: =IFERROR(AQ30/AQ47, 0) -> 0.038790503 | AR12: =IFERROR(AR30/AR47, 0) -> 0.039888384 | AS12: =IFERROR(AS30/AS47, 0) -> 0.040267978 | AT12: =IFERROR(AT30/AT47, 0) -> 0.052230047 | AU12: =IFERROR(AU30/AU47, 0) -> 0.055590816 | AV12: =IFERROR(AV30/AV47, 0) -> 0.054774107 | AW12: =IFERROR(AW30/AW47, 0) -> 0.055462663 | AX12: =IFERROR(AX30/AX47, 0) -> 0.060626542 | ... AZ12: =IFERROR(AZ30/AZ47, 0) -> 0.047579453 | BB12: =$B12 -> 6 | BC12: Transportation and warehousing, and utilities | BD12: =IFERROR(BD30/BD47, 0) -> 0.099559956 | BE12: =IFERROR(BE30/BE47, 0) -> 0.096751659 | BF12: =IFERROR(BF30/BF47, 0) -> 0.098541444 | BG12: =IFERROR(BG30/BG47, 0) -> 0.091124661 | BH12: =IFERROR(BH30/BH47, 0) -> 0.069203017 | BI12: =IFERROR(BI30/BI47, 0) -> 0.07311622 | BJ12: =IFERROR(BJ30/BJ47, 0) -> 0.083395053 | BK12: =IFERROR(BK30/BK47, 0) -> 0.092434625 | ... BM12: =IFERROR(BM30/BM47, 0) -> 0.11396918 | BO12: =$B12 -> 6 | BP12: Transportation and warehousing, and utilities | BQ12: =IFERROR(BQ30/BQ47, 0) -> 0.041294662 | BR12: =IFERROR(BR30/BR47, 0) -> 0.043078315 | BS12: =IFERROR(BS30/BS47, 0) -> 0.044965168 | BT12: =IFERROR(BT30/BT47, 0) -> 0.050484352 | BU12: =IFERROR(BU30/BU47, 0) -> 0.049300534 | BV12: =IFERROR(BV30/BV47, 0) -> 0.050170362 | BW12: =IFERROR(BW30/BW47, 0) -> 0.049838918 | BX12: =IFERROR(BX30/BX47, 0) -> 0.056697744 | ... BZ12: =IFERROR(BZ30/BZ47, 0) -> 0.059648147 | CB12: =$B12 -> 6 | CC12: Transportation and warehousing, and utilities | CD12: =IFERROR(CD30/CD47, 0) -> 0.023356787 | CE12: =IFERROR(CE30/CE47, 0) -> 0.02409778 | CF12: =IFERROR(CF30/CF47, 0) -> 0.024395061 | CG12: =IFERROR(CG30/CG47, 0) -> 0.024685201 | CH12: =IFERROR(CH30/CH47, 0) -> 0.024891765 | CI12: =IFERROR(CI30/CI47, 0) -> 0.025481198 | CJ12: =IFERROR(CJ30/CJ47, 0) -> 0.026896708 | CK12: =IFERROR(CK30/CK47, 0) -> 0.028479221 | ... CM12: =IFERROR(CM30/CM47, 0) -> 0.032296929
B13: 7 | C13: Information | D13: =IFERROR(D31/D48, 0) -> 0.072489926 | E13: =IFERROR(E31/E48, 0) -> 0.073240177 | F13: =IFERROR(F31/F48, 0) -> 0.069233778 | G13: =IFERROR(G31/G48, 0) -> 0.073340207 | H13: =IFERROR(H31/H48, 0) -> 0.074749979 | I13: =IFERROR(I31/I48, 0) -> 0.084883624 | J13: =IFERROR(J31/J48, 0) -> 0.08636189 | K13: =IFERROR(K31/K48, 0) -> 0.096390484 | ... M13: =IFERROR(M31/M48, 0) -> 0.10072458 | O13: =$B13 -> 7 | P13: Information | Q13: =IFERROR(Q31/Q48, 0) -> 0.050970874 | R13: =IFERROR(R31/R48, 0) -> 0.043533931 | S13: =IFERROR(S31/S48, 0) -> 0.054852321 | T13: =IFERROR(T31/T48, 0) -> 0.085504342 | U13: =IFERROR(U31/U48, 0) -> 0.070536829 | V13: =IFERROR(V31/V48, 0) -> 0.067850349 | W13: =IFERROR(W31/W48, 0) -> 0.056733167 | X13: =IFERROR(X31/X48, 0) -> 0.041042707 | ... Z13: =IFERROR(Z31/Z48, 0) -> 0.065278559 | AB13: =$B13 -> 7 | AC13: Information | AD13: =IFERROR(AD31/AD48, 0) -> 0.039215686 | AE13: =IFERROR(AE31/AE48, 0) -> 0.04765625 | AF13: =IFERROR(AF31/AF48, 0) -> 0.034405385 | AG13: =IFERROR(AG31/AG48, 0) -> 0.031826401 | AH13: =IFERROR(AH31/AH48, 0) -> 0.052016985 | AI13: =IFERROR(AI31/AI48, 0) -> 0.06940966 | AJ13: =IFERROR(AJ31/AJ48, 0) -> 0.070973902 | AK13: =IFERROR(AK31/AK48, 0) -> 0.1033904 | ... AM13: =IFERROR(AM31/AM48, 0) -> 0.11625479 | AO13: =$B13 -> 7 | AP13: Information | AQ13: =IFERROR(AQ31/AQ48, 0) -> 0.067618051 | AR13: =IFERROR(AR31/AR48, 0) -> 0.064943012 | AS13: =IFERROR(AS31/AS48, 0) -> 0.063523199 | AT13: =IFERROR(AT31/AT48, 0) -> 0.07167317 | AU13: =IFERROR(AU31/AU48, 0) -> 0.072136437 | AV13: =IFERROR(AV31/AV48, 0) -> 0.084139928 | AW13: =IFERROR(AW31/AW48, 0) -> 0.084106686 | AX13: =IFERROR(AX31/AX48, 0) -> 0.098166594 | ... AZ13: =IFERROR(AZ31/AZ48, 0) -> 0.098120613 | BB13: =$B13 -> 7 | BC13: Information | BD13: =IFERROR(BD31/BD48, 0) -> 0.10379373 | BE13: =IFERROR(BE31/BE48, 0) -> 0.11235357 | BF13: =IFERROR(BF31/BF48, 0) -> 0.10477772 | BG13: =IFERROR(BG31/BG48, 0) -> 0.094752187 | BH13: =IFERROR(BH31/BH48, 0) -> 0.092390391 | BI13: =IFERROR(BI31/BI48, 0) -> 0.097207221 | BJ13: =IFERROR(BJ31/BJ48, 0) -> 0.10303987 | BK13: =IFERROR(BK31/BK48, 0) -> 0.10303104 | ... BM13: =IFERROR(BM31/BM48, 0) -> 0.10687289 | BO13: =$B13 -> 7 | BP13: Information | BQ13: =IFERROR(BQ31/BQ48, 0) -> 0.076058626 | BR13: =IFERROR(BR31/BR48, 0) -> 0.073612924 | BS13: =IFERROR(BS31/BS48, 0) -> 0.072783225 | BT13: =IFERROR(BT31/BT48, 0) -> 0.074318529 | BU13: =IFERROR(BU31/BU48, 0) -> 0.073289152 | BV13: =IFERROR(BV31/BV48, 0) -> 0.081949097 | BW13: =IFERROR(BW31/BW48, 0) -> 0.085649334 | BX13: =IFERROR(BX31/BX48, 0) -> 0.097241208 | ... BZ13: =IFERROR(BZ31/BZ48, 0) -> 0.10516246 | CB13: =$B13 -> 7 | CC13: Information | CD13: =IFERROR(CD31/CD48, 0) -> 0.060837528 | CE13: =IFERROR(CE31/CE48, 0) -> 0.064048541 | CF13: =IFERROR(CF31/CF48, 0) -> 0.066946154 | CG13: =IFERROR(CG31/CG48, 0) -> 0.069871364 | CH13: =IFERROR(CH31/CH48, 0) -> 0.07333924 | CI13: =IFERROR(CI31/CI48, 0) -> 0.077200821 | CJ13: =IFERROR(CJ31/CJ48, 0) -> 0.081587866 | CK13: =IFERROR(CK31/CK48, 0) -> 0.085993253 | ... CM13: =IFERROR(CM31/CM48, 0) -> 0.095502525
